<?xml version="1.0" encoding="UTF-8"?>
<result>
<query id="6338">:facetid:toc:db\"/\"conf\"/\"ijcai\"/\"ldl2011\".\"bht</query>
<status code="200">OK</status>
<time unit="msecs">134.01</time>
<completions total="1" computed="1" sent="1">
<c sc="13" dc="13" oc="13" id="18262972">:facetid:toc:db/conf/ijcai/ldl2011.bht</c>
</completions>
<hits total="13" computed="13" sent="13" first="0">
<hit score="1" id="3244646">
<info><authors><author pid="46/3930">Pierre Andrews</author><author pid="50/626">Juan Pane</author><author pid="82/1159">Ilya Zaihrayeu</author></authors><title>Sense Induction in Folksnonomies.</title><venue>LDH</venue><pages>8-13</pages><year>2011</year><type>Conference and Workshop Papers</type><key>conf/ijcai/AndrewsPZ11</key><ee>http://dream.inf.ed.ac.uk/events/lhd-11/files/lhd11-proceedings.pdf</ee><url>https://dblp.org/rec/conf/ijcai/AndrewsPZ11</url></info>
<url>URL#3244646</url>
</hit>
<hit score="1" id="3244655">
<info><authors><author pid="85/7737">Aliaksandr Autayeu</author></authors><title>Large Scale Semantic Match ing - Agrovoc vs CABI.</title><venue>LDH</venue><pages>43-48</pages><year>2011</year><type>Conference and Workshop Papers</type><key>conf/ijcai/Autayeu11</key><ee>http://dream.inf.ed.ac.uk/events/lhd-11/files/lhd11-proceedings.pdf</ee><url>https://dblp.org/rec/conf/ijcai/Autayeu11</url></info>
<url>URL#3244655</url>
</hit>
<hit score="1" id="3244660">
<info><authors><author pid="85/4125">Krisztian Balog</author></authors><title>On the Investigation of Similarity Measures for Product Resolution.</title><venue>LDH</venue><pages>49-54</pages><year>2011</year><type>Conference and Workshop Papers</type><key>conf/ijcai/Balog11</key><ee>http://dream.inf.ed.ac.uk/events/lhd-11/files/lhd11-proceedings.pdf</ee><url>https://dblp.org/rec/conf/ijcai/Balog11</url></info>
<url>URL#3244660</url>
</hit>
<hit score="1" id="3244689">
<info><authors><author pid="12/2920">Alessandro Bozzon</author><author pid="b/MarcoBrambilla">Marco Brambilla 0001</author><author pid="c/StefanoCeri">Stefano Ceri</author><author pid="91/4526">Emanuele Della Valle</author><author pid="90/2764">Silvia Quarteroni</author></authors><title>Understanding Web Data Sources for Search and Exploration.</title><venue>LDH</venue><pages>67-72</pages><year>2011</year><type>Conference and Workshop Papers</type><key>conf/ijcai/BozzonBCVQ11</key><ee>http://dream.inf.ed.ac.uk/events/lhd-11/files/lhd11-proceedings.pdf</ee><url>https://dblp.org/rec/conf/ijcai/BozzonBCVQ11</url></info>
<url>URL#3244689</url>
</hit>
<hit score="1" id="3244702">
<info><authors><author pid="07/10884">Arjon Buikstra</author><author pid="56/1165">Hansjörg Neth</author><author pid="58/8265">Lael Schooler</author><author pid="96/3134">Annette ten Teije</author><author pid="h/FrankvanHarmelen">Frank van Harmelen</author></authors><title>Ranking Query Results from Linked Open Data using a simple cognitive heuristic.</title><venue>LDH</venue><pages>55-60</pages><year>2011</year><type>Conference and Workshop Papers</type><key>conf/ijcai/BuikstraNSTH11</key><ee>http://dream.inf.ed.ac.uk/events/lhd-11/files/lhd11-proceedings.pdf</ee><url>https://dblp.org/rec/conf/ijcai/BuikstraNSTH11</url></info>
<url>URL#3244702</url>
</hit>
<hit score="1" id="3244705">
<info><authors><author pid="b/AlanBundy">Alan Bundy</author></authors><title>Towards a Theory of Diagnosis of Faulty Ontologies.</title><venue>LDH</venue><pages>14-18</pages><year>2011</year><type>Conference and Workshop Papers</type><key>conf/ijcai/Bundy11</key><ee>http://dream.inf.ed.ac.uk/events/lhd-11/files/lhd11-proceedings.pdf</ee><url>https://dblp.org/rec/conf/ijcai/Bundy11</url></info>
<url>URL#3244705</url>
</hit>
<hit score="1" id="3244729">
<info><authors><author pid="95/8023">Si-Chi Chin</author><author pid="81/3909">W. Nick Street</author></authors><title>Enriching Wikipedia Vandalism Taxonomy via Subclass Discovery.</title><venue>LDH</venue><pages>19-24</pages><year>2011</year><type>Conference and Workshop Papers</type><key>conf/ijcai/ChinS11</key><ee>http://dream.inf.ed.ac.uk/events/lhd-11/files/lhd11-proceedings.pdf</ee><url>https://dblp.org/rec/conf/ijcai/ChinS11</url></info>
<url>URL#3244729</url>
</hit>
<hit score="1" id="3244740">
<info><authors><author pid="c/IFCruz">Isabel F. Cruz</author><author pid="74/4142">Matteo Palmonari</author><author pid="29/10432">Federico Caimi</author><author pid="59/7258">Cosmin Stroe</author></authors><title>Towards &quot;On the Go&quot; Matching of Linked Open Data Ontologies.</title><venue>LDH</venue><pages>37-42</pages><year>2011</year><type>Conference and Workshop Papers</type><key>conf/ijcai/CruzPCS11</key><ee>http://dream.inf.ed.ac.uk/events/lhd-11/files/lhd11-proceedings.pdf</ee><url>https://dblp.org/rec/conf/ijcai/CruzPCS11</url></info>
<url>URL#3244740</url>
</hit>
<hit score="1" id="3244765">
<info><authors><author pid="87/8176">Feroz Farazi</author><author pid="75/7262">Vincenzo Maltese</author><author pid="97/7261">Biswanath Dutta</author><author pid="85/5378">Alexander Ivanyukovich</author></authors><title>Extending a geo-catalogue with matching capabilities.</title><venue>LDH</venue><pages>2-7</pages><year>2011</year><type>Conference and Workshop Papers</type><key>conf/ijcai/FaraziMDI11</key><ee>http://dream.inf.ed.ac.uk/events/lhd-11/files/lhd11-proceedings.pdf</ee><url>https://dblp.org/rec/conf/ijcai/FaraziMDI11</url></info>
<url>URL#3244765</url>
</hit>
<hit score="1" id="3244822">
<info><authors><author pid="23/1741">Harry Halpin</author><author pid="11/719">Patrick J. Hayes</author><author pid="79/228">Henry S. Thompson</author></authors><title>When owl - sameAs isn&apos;t the Same Redux - A preliminary theory of identity and inference on the Semantic Web.</title><venue>LDH</venue><pages>25-30</pages><year>2011</year><type>Conference and Workshop Papers</type><key>conf/ijcai/HalpinHT11</key><ee>http://dream.inf.ed.ac.uk/events/lhd-11/files/lhd11-proceedings.pdf</ee><url>https://dblp.org/rec/conf/ijcai/HalpinHT11</url></info>
<url>URL#3244822</url>
</hit>
<hit score="1" id="3245019">
<info><authors><author pid="08/10884">Dylan Seychell</author><author pid="76/1636">Alexiei Dingli</author></authors><title>RULIE - Rule Unification for Learning Information Extraction.</title><venue>LDH</venue><pages>61-66</pages><year>2011</year><type>Conference and Workshop Papers</type><key>conf/ijcai/SeychellD11</key><ee>http://dream.inf.ed.ac.uk/events/lhd-11/files/lhd11-proceedings.pdf</ee><url>https://dblp.org/rec/conf/ijcai/SeychellD11</url></info>
<url>URL#3245019</url>
</hit>
<hit score="1" id="3245053">
<info><authors><author pid="19/10432">Theodosia Togia</author><author pid="92/4530">Fiona McNeill</author></authors><title>It makes sense... and reference - A bag-of-words model for meaning grounding and sharing in multiagent systems.</title><venue>LDH</venue><pages>31-36</pages><year>2011</year><type>Conference and Workshop Papers</type><key>conf/ijcai/TogiaM11</key><ee>http://dream.inf.ed.ac.uk/events/lhd-11/files/lhd11-proceedings.pdf</ee><url>https://dblp.org/rec/conf/ijcai/TogiaM11</url></info>
<url>URL#3245053</url>
</hit>
<hit score="1" id="3303865">
<info><title>Workshop on Discovering Meaning On the Go in Large Heterogeneous Data 2011 (LHD-11), Barcelona, Spain, July 16, 2011</title><venue>LHD</venue><year>2011</year><type>Editorship</type><key>conf/ijcai/2011ldl</key><ee>http://dream.inf.ed.ac.uk/events/lhd-11/proceedings.html</ee><url>https://dblp.org/rec/conf/ijcai/2011ldl</url></info>
<url>URL#3303865</url>
</hit>
</hits>
</result>
