<?xml version="1.0" encoding="UTF-8"?>
<result>
<query id="6622">:facetid:toc:db\"/\"conf\"/\"ijcai\"/\"fca4ai2013\".\"bht</query>
<status code="200">OK</status>
<time unit="msecs">120.47</time>
<completions total="1" computed="1" sent="1">
<c sc="8" dc="8" oc="8" id="18262913">:facetid:toc:db/conf/ijcai/fca4ai2013.bht</c>
</completions>
<hits total="8" computed="8" sent="8" first="0">
<hit score="1" id="2729242">
<info><authors><author pid="127/6929">Aleksey Buzmakov</author><author pid="124/9314">Elias Egho</author><author pid="33/2692">Nicolas Jay</author><author pid="51/2300">Sergei O. Kuznetsov</author><author pid="n/AmedeoNapoli">Amedeo Napoli</author><author pid="76/1132">Chedy Raïssi</author></authors><title>FCA and pattern structures for mining care trajectories.</title><venue>FCA4AI@IJCAI</venue><pages>7-14</pages><year>2013</year><type>Conference and Workshop Papers</type><key>conf/ijcai/BuzmakovEJKNR13</key><ee>http://ceur-ws.org/Vol-1058/paper1.pdf</ee><url>https://dblp.org/rec/conf/ijcai/BuzmakovEJKNR13</url></info>
<url>URL#2729242</url>
</hit>
<hit score="1" id="2729243">
<info><authors><author pid="127/6929">Aleksey Buzmakov</author><author pid="62/8856">Alexey Neznanov</author></authors><title>Practical Computing with Pattern Structures in FCART Environment.</title><venue>FCA4AI@IJCAI</venue><pages>49-56</pages><year>2013</year><type>Conference and Workshop Papers</type><key>conf/ijcai/BuzmakovN13</key><ee>http://ceur-ws.org/Vol-1058/paper6.pdf</ee><url>https://dblp.org/rec/conf/ijcai/BuzmakovN13</url></info>
<url>URL#2729243</url>
</hit>
<hit score="1" id="2729271">
<info><authors><author pid="28/3653">Víctor Codocedo</author><author pid="27/5065">Ioanna Lykourentzou</author><author pid="69/3668">Hernán Astudillo</author><author pid="n/AmedeoNapoli">Amedeo Napoli</author></authors><title>Using pattern structures to support information retrieval with Formal Concept Analysis.</title><venue>FCA4AI@IJCAI</venue><pages>15-24</pages><year>2013</year><type>Conference and Workshop Papers</type><key>conf/ijcai/CodocedoLAN13</key><ee>http://ceur-ws.org/Vol-1058/paper2.pdf</ee><url>https://dblp.org/rec/conf/ijcai/CodocedoLAN13</url></info>
<url>URL#2729271</url>
</hit>
<hit score="1" id="2729273">
<info><authors><author pid="72/5301">Pablo Cordero</author><author pid="e/ManuelEnciso">Manuel Enciso</author><author pid="69/5225">Angel Mora Bonilla</author><author pid="90/153">Manuel Ojeda-Aciego</author></authors><title>Bases via Minimal Generators.</title><venue>FCA4AI@IJCAI</venue><pages>33-36</pages><year>2013</year><type>Conference and Workshop Papers</type><key>conf/ijcai/CorderoEBO13</key><ee>http://ceur-ws.org/Vol-1058/paper4.pdf</ee><url>https://dblp.org/rec/conf/ijcai/CorderoEBO13</url></info>
<url>URL#2729273</url>
</hit>
<hit score="1" id="2729395">
<info><authors><author pid="136/0449">Jamel Eddine Jridi</author><author pid="36/3591">Guy Lapalme</author></authors><title>FCA-Based Concept Detection in a RosettaNet PIP Ontology.</title><venue>FCA4AI@IJCAI</venue><pages>25-32</pages><year>2013</year><type>Conference and Workshop Papers</type><key>conf/ijcai/JridiL13</key><ee>http://ceur-ws.org/Vol-1058/paper3.pdf</ee><url>https://dblp.org/rec/conf/ijcai/JridiL13</url></info>
<url>URL#2729395</url>
</hit>
<hit score="1" id="2729531">
<info><authors><author pid="87/10894">Artem Revenko</author></authors><title>Debugging Program Code Using Implicative Dependencies.</title><venue>FCA4AI@IJCAI</venue><pages>37-48</pages><year>2013</year><type>Conference and Workshop Papers</type><key>conf/ijcai/Revenko13</key><ee>http://ceur-ws.org/Vol-1058/paper5.pdf</ee><url>https://dblp.org/rec/conf/ijcai/Revenko13</url></info>
<url>URL#2729531</url>
</hit>
<hit score="1" id="2729626">
<info><authors><author pid="95/4442">Peng Wang</author><author pid="01/3219">Wenhuan Lu</author><author pid="67/8175">Zhaopeng Meng</author><author pid="89/4446">Jianguo Wei</author><author pid="07/5814">Françoise Fogelman-Soulié</author></authors><title>Towards Knowledge Structuring of Sensor Data Based on FCA and Ontology.</title><venue>FCA4AI@IJCAI</venue><pages>57</pages><year>2013</year><type>Conference and Workshop Papers</type><key>conf/ijcai/WangLMJF13</key><ee>http://ceur-ws.org/Vol-1058/paper8.pdf</ee><url>https://dblp.org/rec/conf/ijcai/WangLMJF13</url></info>
<url>URL#2729626</url>
</hit>
<hit score="1" id="2794641">
<info><authors><author pid="51/2300">Sergei O. Kuznetsov</author><author pid="n/AmedeoNapoli">Amedeo Napoli</author><author pid="79/6633">Sebastian Rudolph</author></authors><title>Proceedings of the International Workshop &quot;What can FCA do for Artificial Intelligence?&quot; (FCA4AI at IJCAI 2013), Beijing, China, August 5, 2013.</title><venue>FCA4AI@IJCAI</venue><venue>CEUR Workshop Proceedings</venue><volume>1058</volume><publisher>CEUR-WS.org</publisher><year>2013</year><type>Editorship</type><key>conf/ijcai/2013fca4ai</key><ee>http://ceur-ws.org/Vol-1058</ee><url>https://dblp.org/rec/conf/ijcai/2013fca4ai</url></info>
<url>URL#2794641</url>
</hit>
</hits>
</result>
