<?xml version="1.0" encoding="UTF-8"?>
<result>
<query id="6709">:facetid:toc:db\"/\"conf\"/\"ijcai\"/\"mlis2013\".\"bht</query>
<status code="200">OK</status>
<time unit="msecs">133.04</time>
<completions total="1" computed="1" sent="1">
<c sc="13" dc="13" oc="13" id="18262975">:facetid:toc:db/conf/ijcai/mlis2013.bht</c>
</completions>
<hits total="13" computed="13" sent="13" first="0">
<hit score="1" id="2729204">
<info><authors><author pid="86/2857">Jean-Christophe Baillie</author></authors><title>Developmental robotics at Aldebaran A-Lab.</title><venue>MLIS@IJCAI</venue><pages>13</pages><year>2013</year><type>Conference and Workshop Papers</type><key>conf/ijcai/Baillie13</key><doi>10.1145/2493525.2493527</doi><ee>https://doi.org/10.1145/2493525.2493527</ee><url>https://dblp.org/rec/conf/ijcai/Baillie13</url></info>
<url>URL#2729204</url>
</hit>
<hit score="1" id="2729254">
<info><authors><author pid="55/6007">Xiaoping Chen</author></authors><title>Open knowledge for human-robot interaction.</title><venue>MLIS@IJCAI</venue><pages>15</pages><year>2013</year><type>Conference and Workshop Papers</type><key>conf/ijcai/Chen13</key><doi>10.1145/2493525.2500422</doi><ee>https://doi.org/10.1145/2493525.2500422</ee><url>https://dblp.org/rec/conf/ijcai/Chen13</url></info>
<url>URL#2729254</url>
</hit>
<hit score="1" id="2729278">
<info><authors><author pid="77/250">Heriberto Cuayáhuitl</author><author pid="25/7338">Martijn van Otterlo</author><author pid="63/8341">Nina Dethlefs</author><author pid="82/2200">Lutz Frommberger</author></authors><title>Machine learning for interactive systems and robots - a brief introduction.</title><venue>MLIS@IJCAI</venue><pages>19-28</pages><year>2013</year><type>Conference and Workshop Papers</type><key>conf/ijcai/CuayahuitlODF13</key><doi>10.1145/2493525.2493530</doi><ee>https://doi.org/10.1145/2493525.2493530</ee><url>https://dblp.org/rec/conf/ijcai/CuayahuitlODF13</url></info>
<url>URL#2729278</url>
</hit>
<hit score="1" id="2729302">
<info><authors><author pid="18/7544">Wentao Fan</author><author pid="43/2204">Nizar Bouguila</author></authors><title>Expectation propagation learning of finite Beta-Liouville mixtures for spatio-temporal object recognition.</title><venue>MLIS@IJCAI</venue><pages>29-36</pages><year>2013</year><type>Conference and Workshop Papers</type><key>conf/ijcai/FanB13b</key><doi>10.1145/2493525.2493531</doi><ee>https://doi.org/10.1145/2493525.2493531</ee><url>https://dblp.org/rec/conf/ijcai/FanB13b</url></info>
<url>URL#2729302</url>
</hit>
<hit score="1" id="2729311">
<info><authors><author pid="125/7461">Emmanuel Ferreira</author><author pid="70/7518">Fabrice Lefèvre</author></authors><title>Social signal and user adaptation in reinforcement learning-based dialogue management.</title><venue>MLIS@IJCAI</venue><pages>61-69</pages><year>2013</year><type>Conference and Workshop Papers</type><key>conf/ijcai/FerreiraL13</key><doi>10.1145/2493525.2493535</doi><ee>https://doi.org/10.1145/2493525.2493535</ee><url>https://dblp.org/rec/conf/ijcai/FerreiraL13</url></info>
<url>URL#2729311</url>
</hit>
<hit score="1" id="2729312">
<info><authors><author pid="150/1522">Leonardo Anjoletto Ferreira</author><author pid="115/5021">Andrey Araujo Masiero</author><author pid="99/6506">Plinio Thomaz Aquino Jr.</author><author pid="40/169">Reinaldo Augusto da Costa Bianchi</author></authors><title>Automatic interface optimization through random exploration of available elements.</title><venue>MLIS@IJCAI</venue><pages>51-59</pages><year>2013</year><type>Conference and Workshop Papers</type><key>conf/ijcai/FerreiraMAB13</key><doi>10.1145/2493525.2493534</doi><ee>https://doi.org/10.1145/2493525.2493534</ee><url>https://dblp.org/rec/conf/ijcai/FerreiraMAB13</url></info>
<url>URL#2729312</url>
</hit>
<hit score="1" id="2729385">
<info><authors><author pid="68/7734">Iñaki Iturrate</author><author pid="124/5834">Jason Omedes</author><author pid="91/3409">Luis Montesano</author></authors><title>Shared control of a robot using EEG-based feedback signals.</title><venue>MLIS@IJCAI</venue><pages>45-50</pages><year>2013</year><type>Conference and Workshop Papers</type><key>conf/ijcai/IturrateOM13</key><doi>10.1145/2493525.2493533</doi><ee>https://doi.org/10.1145/2493525.2493533</ee><url>https://dblp.org/rec/conf/ijcai/IturrateOM13</url></info>
<url>URL#2729385</url>
</hit>
<hit score="1" id="2729406">
<info><authors><author pid="56/6762">George Dimitri Konidaris</author></authors><title>Robots, skills, and symbols.</title><venue>MLIS@IJCAI</venue><pages>9-11</pages><year>2013</year><type>Conference and Workshop Papers</type><key>conf/ijcai/Konidaris13</key><doi>10.1145/2493525.2493528</doi><ee>https://doi.org/10.1145/2493525.2493528</ee><url>https://dblp.org/rec/conf/ijcai/Konidaris13</url></info>
<url>URL#2729406</url>
</hit>
<hit score="1" id="2729501">
<info><authors><author pid="80/5412">Sinno Jialin Pan</author></authors><title>Transfer learning with applications on text, sensors and images.</title><venue>MLIS@IJCAI</venue><pages>7</pages><year>2013</year><type>Conference and Workshop Papers</type><key>conf/ijcai/Pan13</key><doi>10.1145/2493525.2500421</doi><ee>https://doi.org/10.1145/2493525.2500421</ee><url>https://dblp.org/rec/conf/ijcai/Pan13</url></info>
<url>URL#2729501</url>
</hit>
<hit score="1" id="2729512">
<info><authors><author pid="58/6269">Olivier Pietquin</author></authors><title>Inverse reinforcement learning for interactive systems.</title><venue>MLIS@IJCAI</venue><pages>71-75</pages><year>2013</year><type>Conference and Workshop Papers</type><key>conf/ijcai/Pietquin13</key><doi>10.1145/2493525.2493529</doi><ee>https://doi.org/10.1145/2493525.2493529</ee><url>https://dblp.org/rec/conf/ijcai/Pietquin13</url></info>
<url>URL#2729512</url>
</hit>
<hit score="1" id="2729534">
<info><authors><author pid="r/MartinARiedmiller">Martin A. Riedmiller</author></authors><title>Learning machines that perceive, act and communicate.</title><venue>MLIS@IJCAI</venue><pages>5</pages><year>2013</year><type>Conference and Workshop Papers</type><key>conf/ijcai/Riedmiller13</key><doi>10.1145/2493525.2493526</doi><ee>https://doi.org/10.1145/2493525.2493526</ee><url>https://dblp.org/rec/conf/ijcai/Riedmiller13</url></info>
<url>URL#2729534</url>
</hit>
<hit score="1" id="2729657">
<info><authors><author pid="134/0599">Hanchen Xiong</author><author pid="89/472">Sándor Szedmák</author><author pid="p/JustusHPiater">Justus H. Piater</author></authors><title>Homogeneity analysis for object-action relation reasoning in kitchen scenarios.</title><venue>MLIS@IJCAI</venue><pages>37-44</pages><year>2013</year><type>Conference and Workshop Papers</type><key>conf/ijcai/XiongSP13</key><doi>10.1145/2493525.2493532</doi><ee>https://doi.org/10.1145/2493525.2493532</ee><url>https://dblp.org/rec/conf/ijcai/XiongSP13</url></info>
<url>URL#2729657</url>
</hit>
<hit score="1" id="2794642">
<info><authors><author pid="77/250">Heriberto Cuayáhuitl</author><author pid="82/2200">Lutz Frommberger</author><author pid="63/8341">Nina Dethlefs</author><author pid="25/7338">Martijn van Otterlo</author></authors><title>Proceedings of the 2nd Workshop on Machine Learning for Interactive Systems - Bridging the Gap Between Perception, Action and Communication, MLIS@IJCAI 2013, Beijing, China, August 4, 2013</title><venue>MLIS@IJCAI</venue><publisher>ACM</publisher><year>2013</year><type>Editorship</type><key>conf/ijcai/2013mlis</key><doi>10.1145/2493525</doi><ee>https://doi.org/10.1145/2493525</ee><url>https://dblp.org/rec/conf/ijcai/2013mlis</url></info>
<url>URL#2794642</url>
</hit>
</hits>
</result>
