<?xml version="1.0" encoding="UTF-8"?>
<result>
<query id="6671">:facetid:toc:db\"/\"conf\"/\"ijcai\"/\"aiip2013\".\"bht</query>
<status code="200">OK</status>
<time unit="msecs">128.39</time>
<completions total="1" computed="1" sent="1">
<c sc="12" dc="12" oc="12" id="18262891">:facetid:toc:db/conf/ijcai/aiip2013.bht</c>
</completions>
<hits total="12" computed="12" sent="12" first="0">
<hit score="1" id="2729189">
<info><authors><author pid="127/6400">Muddasser Alam</author><author pid="37/4849">Alex Rogers</author><author pid="81/1719">Sarvapali D. Ramchurn</author></authors><title>Interdependent multi-issue negotiation for energy exchange in remote communities.</title><venue>AIIP/Semantic Cities@IJCAI</venue><pages>15</pages><year>2013</year><type>Conference and Workshop Papers</type><key>conf/ijcai/AlamRR13</key><doi>10.1145/2516911.2516920</doi><ee>https://doi.org/10.1145/2516911.2516920</ee><url>https://dblp.org/rec/conf/ijcai/AlamRR13</url></info>
<url>URL#2729189</url>
</hit>
<hit score="1" id="2729284">
<info><authors><author pid="45/4509-1">Yong Ding 0001</author><author pid="15/10247">Martin Alexander Neumann</author><author pid="39/9677">Per Goncalves da Silva</author><author pid="97/4178">Michael Beigl</author></authors><title>A framework for short-term activity-aware load forecasting.</title><venue>AIIP/Semantic Cities@IJCAI</venue><pages>23-28</pages><year>2013</year><type>Conference and Workshop Papers</type><key>conf/ijcai/DingNSB13</key><doi>10.1145/2516911.2516919</doi><ee>https://doi.org/10.1145/2516911.2516919</ee><url>https://dblp.org/rec/conf/ijcai/DingNSB13</url></info>
<url>URL#2729284</url>
</hit>
<hit score="1" id="2729349">
<info><authors><author pid="g/ChristianGuttmann">Christian Guttmann</author><author pid="49/2892">Xingzhi Sun</author><author pid="79/3042">Chaitanya Rao</author><author pid="20/6993">Carlos Queiroz</author><author pid="90/1092">Benjamin I. P. Rubinstein</author></authors><title>On the challenges of balancing privacy and utility of open health data.</title><venue>AIIP/Semantic Cities@IJCAI</venue><pages>43-47</pages><year>2013</year><type>Conference and Workshop Papers</type><key>conf/ijcai/GuttmannSRQR13</key><doi>10.1145/2516911.2516916</doi><ee>https://doi.org/10.1145/2516911.2516916</ee><url>https://dblp.org/rec/conf/ijcai/GuttmannSRQR13</url></info>
<url>URL#2729349</url>
</hit>
<hit score="1" id="2729415">
<info><authors><author pid="44/5109">Kai Kunze</author></authors><title>Real-life activity recognition - recognizing reading activities.</title><venue>AIIP/Semantic Cities@IJCAI</venue><pages>3</pages><year>2013</year><type>Conference and Workshop Papers</type><key>conf/ijcai/Kunze13</key><doi>10.1145/2516911.2516912</doi><ee>https://doi.org/10.1145/2516911.2516912</ee><url>https://dblp.org/rec/conf/ijcai/Kunze13</url></info>
<url>URL#2729415</url>
</hit>
<hit score="1" id="2729477">
<info><authors><author pid="122/2604">Andrea Moio</author><author pid="s/LorenzaSaitta">Lorenza Saitta</author><author pid="g/AttilioGiordana">Attilio Giordana</author></authors><title>A motion detection system for video surveillance.</title><venue>AIIP/Semantic Cities@IJCAI</venue><pages>17-22</pages><year>2013</year><type>Conference and Workshop Papers</type><key>conf/ijcai/MoioSG13</key><doi>10.1145/2516911.2516921</doi><ee>https://doi.org/10.1145/2516911.2516921</ee><url>https://dblp.org/rec/conf/ijcai/MoioSG13</url></info>
<url>URL#2729477</url>
</hit>
<hit score="1" id="2729523">
<info><authors><author pid="117/2567">Nidhi Rajshree</author><author pid="20/4938">Nirmit Desai</author><author pid="33/4411">Biplav Srivastava</author></authors><title>A computational model for corruption assessment.</title><venue>AIIP/Semantic Cities@IJCAI</venue><pages>49-54</pages><year>2013</year><type>Conference and Workshop Papers</type><key>conf/ijcai/RajshreeDS13</key><doi>10.1145/2516911.2516917</doi><ee>https://doi.org/10.1145/2516911.2516917</ee><url>https://dblp.org/rec/conf/ijcai/RajshreeDS13</url></info>
<url>URL#2729523</url>
</hit>
<hit score="1" id="2729568">
<info><authors><author pid="27/10817">Fuming Shih</author><author pid="66/7522">Oshani Seneviratne</author><author pid="77/2270">Ilaria Liccardi</author><author pid="58/8817">Evan W. Patton</author><author pid="71/11429">Patrick Meier</author><author pid="c/CarlosCastillo1">Carlos Castillo 0001</author></authors><title>Democratizing mobile app development for disaster management.</title><venue>AIIP/Semantic Cities@IJCAI</venue><pages>39-42</pages><year>2013</year><type>Conference and Workshop Papers</type><key>conf/ijcai/ShihSLPMC13</key><doi>10.1145/2516911.2516915</doi><ee>https://doi.org/10.1145/2516911.2516915</ee><url>https://dblp.org/rec/conf/ijcai/ShihSLPMC13</url></info>
<url>URL#2729568</url>
</hit>
<hit score="1" id="2729605">
<info><authors><author pid="65/5961">Yi-Ting Tsao</author><author pid="55/866">Jane Yung-jen Hsu</author></authors><title>Demand-driven power saving by multiagent negotiation for HVAC control.</title><venue>AIIP/Semantic Cities@IJCAI</venue><pages>9-14</pages><year>2013</year><type>Conference and Workshop Papers</type><key>conf/ijcai/TsaoH13</key><doi>10.1145/2516911.2516918</doi><ee>https://doi.org/10.1145/2516911.2516918</ee><url>https://dblp.org/rec/conf/ijcai/TsaoH13</url></info>
<url>URL#2729605</url>
</hit>
<hit score="1" id="2729613">
<info><authors><author pid="91/2365">Neeta Verma</author></authors><title>Open data for inclusive governance.</title><venue>AIIP/Semantic Cities@IJCAI</venue><pages>5</pages><year>2013</year><type>Conference and Workshop Papers</type><key>conf/ijcai/Verma13</key><doi>10.1145/2516911.2516913</doi><ee>https://doi.org/10.1145/2516911.2516913</ee><url>https://dblp.org/rec/conf/ijcai/Verma13</url></info>
<url>URL#2729613</url>
</hit>
<hit score="1" id="2729636">
<info><authors><author pid="91/3015">Mathijs Michiel de Weerdt</author><author pid="g/EnricoGerding">Enrico H. Gerding</author><author pid="06/1681-1">Sebastian Stein 0001</author><author pid="40/5122">Valentin Robu</author><author pid="j/NicholasRJennings">Nicholas R. Jennings</author></authors><title>Intention-aware routing to minimise delays at electric vehicle charging stations - the research related to this demonstration has been published at IJCAI 2013 [1].</title><venue>AIIP/Semantic Cities@IJCAI</venue><pages>57</pages><year>2013</year><type>Conference and Workshop Papers</type><key>conf/ijcai/WeerdtGSRJ13a</key><doi>10.1145/2516911.2516923</doi><ee>https://doi.org/10.1145/2516911.2516923</ee><url>https://dblp.org/rec/conf/ijcai/WeerdtGSRJ13a</url></info>
<url>URL#2729636</url>
</hit>
<hit score="1" id="2729692">
<info><authors><author pid="13/6769">Ying Zhang</author><author pid="39/2145">Yao-Yi Chiang</author><author pid="73/4919">Pedro A. Szekely</author><author pid="k/CAKnoblock">Craig A. Knoblock</author></authors><title>A semantic approach to retrieving, linking, and integrating heterogeneous geospatial data.</title><venue>AIIP/Semantic Cities@IJCAI</venue><pages>31-37</pages><year>2013</year><type>Conference and Workshop Papers</type><key>conf/ijcai/ZhangCSK13</key><doi>10.1145/2516911.2516914</doi><ee>https://doi.org/10.1145/2516911.2516914</ee><url>https://dblp.org/rec/conf/ijcai/ZhangCSK13</url></info>
<url>URL#2729692</url>
</hit>
<hit score="1" id="2794640">
<info><authors><author pid="00/3150-1">Sebastian Bader 0001</author><author pid="40/3087">Anika Schumann</author><author pid="82/5155">Stephan Sigg</author><author pid="02/3657">Freddy Lécué</author><author pid="33/4411">Biplav Srivastava</author><author pid="n/ZaiqingNie">Zaiqing Nie</author><author pid="g/ChristianGuttmann">Christian Guttmann</author></authors><title>Joint Proceedings of the Workshop on AI Problems and Approaches for Intelligent Environments and Workshop on Semantic Cities, AIIP/Semantic Cities@IJCAI 2013, Beijing, China, August 4-5, 2013</title><venue>AIIP/Semantic Cities@IJCAI</venue><publisher>ACM</publisher><year>2013</year><type>Editorship</type><key>conf/ijcai/2013aiip</key><doi>10.1145/2516911</doi><ee>https://doi.org/10.1145/2516911</ee><url>https://dblp.org/rec/conf/ijcai/2013aiip</url></info>
<url>URL#2794640</url>
</hit>
</hits>
</result>
