<?xml version="1.0" encoding="UTF-8"?>
<result>
<query id="6842">:facetid:toc:db\"/\"conf\"/\"ijcai\"/\"ainf2015\".\"bht</query>
<status code="200">OK</status>
<time unit="msecs">133.13</time>
<completions total="1" computed="1" sent="1">
<c sc="8" dc="8" oc="8" id="18262892">:facetid:toc:db/conf/ijcai/ainf2015.bht</c>
</completions>
<hits total="8" computed="8" sent="8" first="0">
<hit score="1" id="2158889">
<info><authors><author pid="99/8308">Joseph Corneli</author><author pid="04/7509">Anna Jordanous</author></authors><title>Implementing feedback in creative systems - a workshop approach.</title><venue>AInF@IJCAI</venue><pages>10-17</pages><year>2015</year><type>Conference and Workshop Papers</type><key>conf/ijcai/CorneliJ15</key><ee>http://ceur-ws.org/Vol-1407/AInF2015paper2.pdf</ee><url>https://dblp.org/rec/conf/ijcai/CorneliJ15</url></info>
<url>URL#2158889</url>
</hit>
<hit score="1" id="2158973">
<info><authors><author pid="g/PabloGervas">Pablo Gervás</author><author pid="63/2885">Carlos León 0002</author></authors><title>When reflective feedback triggers goal revision - a computational model for literary creativity.</title><venue>AInF@IJCAI</venue><pages>32-39</pages><year>2015</year><type>Conference and Workshop Papers</type><key>conf/ijcai/GervasL15</key><ee>http://ceur-ws.org/Vol-1407/AInF2015paper5.pdf</ee><url>https://dblp.org/rec/conf/ijcai/GervasL15</url></info>
<url>URL#2158973</url>
</hit>
<hit score="1" id="2158975">
<info><authors><author pid="121/5318">Fiammetta Ghedini</author><author pid="167/4767">Benjamin Frantz</author><author pid="48/124">François Pachet</author><author pid="56/2284">Pierre Roy</author></authors><title>The comic strip game - observing the impact of implicit feedback in the content creation process.</title><venue>AInF@IJCAI</venue><pages>18-26</pages><year>2015</year><type>Conference and Workshop Papers</type><key>conf/ijcai/GhediniFPR15</key><ee>http://ceur-ws.org/Vol-1407/AInF2015paper3.pdf</ee><url>https://dblp.org/rec/conf/ijcai/GhediniFPR15</url></info>
<url>URL#2158975</url>
</hit>
<hit score="1" id="2158999">
<info><authors><author pid="16/8361">Patricia Gutierrez</author><author pid="02/2098">Nardine Osman</author><author pid="s/CarlesSierra">Carles Sierra</author></authors><title>Personalised automated assessments.</title><venue>AInF@IJCAI</venue><pages>40-46</pages><year>2015</year><type>Conference and Workshop Papers</type><key>conf/ijcai/GutierrezOS15</key><ee>http://ceur-ws.org/Vol-1407/AInF2015paper6.pdf</ee><url>https://dblp.org/rec/conf/ijcai/GutierrezOS15</url></info>
<url>URL#2158999</url>
</hit>
<hit score="1" id="2159055">
<info><authors><author pid="47/7793">Chris Kiefer</author><author pid="120/1910">Matthew Yee-King</author><author pid="47/2186">Mark d&apos;Inverno</author></authors><title>Revealing and interpreting crowd stories in online social environments.</title><venue>AInF@IJCAI</venue><pages>47-52</pages><year>2015</year><type>Conference and Workshop Papers</type><key>conf/ijcai/KieferYd15</key><ee>http://ceur-ws.org/Vol-1407/AInF2015paper7.pdf</ee><url>https://dblp.org/rec/conf/ijcai/KieferYd15</url></info>
<url>URL#2159055</url>
</hit>
<hit score="1" id="2159139">
<info><authors><author pid="50/3848">Daniel Martin</author><author pid="167/4767">Benjamin Frantz</author><author pid="48/124">François Pachet</author></authors><title>Improving music composition through peer feedback - experiment and preliminary results.</title><venue>AInF@IJCAI</venue><pages>27-31</pages><year>2015</year><type>Conference and Workshop Papers</type><key>conf/ijcai/MartinFP15</key><ee>http://ceur-ws.org/Vol-1407/AInF2015paper4.pdf</ee><url>https://dblp.org/rec/conf/ijcai/MartinFP15</url></info>
<url>URL#2159139</url>
</hit>
<hit score="1" id="2159405">
<info><authors><author pid="120/1910">Matthew Yee-King</author><author pid="47/2186">Mark d&apos;Inverno</author></authors><title>Pedagogical agent models for massive online education.</title><venue>AInF@IJCAI</venue><pages>2-9</pages><year>2015</year><type>Conference and Workshop Papers</type><key>conf/ijcai/Yee-Kingd15</key><ee>http://ceur-ws.org/Vol-1407/AInF2015paper1.pdf</ee><url>https://dblp.org/rec/conf/ijcai/Yee-Kingd15</url></info>
<url>URL#2159405</url>
</hit>
<hit score="1" id="2226866">
<info><authors><author pid="02/2098">Nardine Osman</author><author pid="120/1910">Matthew Yee-King</author></authors><title>Proceedings of the First International Workshop on AI and Feedback, AInF 2015, co-located with the 24th International Joint Conference on Artificial Intelligence (IJCAI 2015), Buenos Aires, Argentina, July 26, 2015.</title><venue>AInF@IJCAI</venue><venue>CEUR Workshop Proceedings</venue><volume>1407</volume><publisher>CEUR-WS.org</publisher><year>2015</year><type>Editorship</type><key>conf/ijcai/2015ainf</key><ee>http://ceur-ws.org/Vol-1407</ee><url>https://dblp.org/rec/conf/ijcai/2015ainf</url></info>
<url>URL#2226866</url>
</hit>
</hits>
</result>
