<?xml version="1.0" encoding="UTF-8"?>
<result>
<query id="6955">:facetid:toc:db\"/\"conf\"/\"ijcai\"/\"socinf2015\".\"bht</query>
<status code="200">OK</status>
<time unit="msecs">123.46</time>
<completions total="1" computed="1" sent="1">
<c sc="7" dc="7" oc="7" id="18262983">:facetid:toc:db/conf/ijcai/socinf2015.bht</c>
</completions>
<hits total="7" computed="7" sent="7" first="0">
<hit score="1" id="2158866">
<info><authors><author pid="147/9123">Chengyao Chen</author><author pid="59/9911">Dehong Gao</author><author pid="33/3999-2">Wenjie Li 0002</author><author pid="73/4797">Yuexian Hou</author></authors><title>A Constrained Multi-view Clustering Approach to Influence Role Detection.</title><venue>SocInf@IJCAI</venue><pages>29-34</pages><year>2015</year><type>Conference and Workshop Papers</type><key>conf/ijcai/ChenGLH15</key><ee>http://ceur-ws.org/Vol-1398/SocInf2015_Paper5.pdf</ee><url>https://dblp.org/rec/conf/ijcai/ChenGLH15</url></info>
<url>URL#2158866</url>
</hit>
<hit score="1" id="2159066">
<info><authors><author pid="167/4668">Sanne Kosterman</author><author pid="27/4866">Nina Gierasimczuk</author></authors><title>Collective Learning in Games through Social Networks.</title><venue>SocInf@IJCAI</venue><pages>35-41</pages><year>2015</year><type>Conference and Workshop Papers</type><key>conf/ijcai/KostermanG15</key><ee>http://ceur-ws.org/Vol-1398/SocInf2015_Paper6.pdf</ee><url>https://dblp.org/rec/conf/ijcai/KostermanG15</url></info>
<url>URL#2159066</url>
</hit>
<hit score="1" id="2159306">
<info><authors><author pid="162/4427">Antonela Tommasel</author><author pid="69/4188">Daniela Godoy</author></authors><title>A Novel Metric for Assessing User Influence based on User Behaviour.</title><venue>SocInf@IJCAI</venue><pages>15-21</pages><year>2015</year><type>Conference and Workshop Papers</type><key>conf/ijcai/TommaselG15</key><ee>http://ceur-ws.org/Vol-1398/SocInf2015_Paper3.pdf</ee><url>https://dblp.org/rec/conf/ijcai/TommaselG15</url></info>
<url>URL#2159306</url>
</hit>
<hit score="1" id="2159320">
<info><authors><author pid="03/8573">Didier Augusto Vega-Oliveros</author><author pid="48/8572">Lilian Berton</author><author pid="60/5946">Alneu de Andrade Lopes</author><author pid="25/11141">Francisco Aparecido Rodrigues</author></authors><title>Influence Maximization Based on the Least Influential Spreaders.</title><venue>SocInf@IJCAI</venue><pages>3-8</pages><year>2015</year><type>Conference and Workshop Papers</type><key>conf/ijcai/Vega-OliverosBL15</key><ee>http://ceur-ws.org/Vol-1398/SocInf2015_Paper1.pdf</ee><url>https://dblp.org/rec/conf/ijcai/Vega-OliverosBL15</url></info>
<url>URL#2159320</url>
</hit>
<hit score="1" id="2159360">
<info><authors><author pid="l/WeigangLi">Li Weigang 0001</author><author pid="167/4640">Icaro Araújo Dantas</author><author pid="167/4723">Ahmed Abdelfattah Saleh</author><author pid="18/10240">Daniel LeZhi Li</author></authors><title>Influential Analysis in Micro Scholar Social Networks.</title><venue>SocInf@IJCAI</venue><pages>22-28</pages><year>2015</year><type>Conference and Workshop Papers</type><key>conf/ijcai/WeigangDSL15</key><ee>http://ceur-ws.org/Vol-1398/SocInf2015_Paper4.pdf</ee><url>https://dblp.org/rec/conf/ijcai/WeigangDSL15</url></info>
<url>URL#2159360</url>
</hit>
<hit score="1" id="2159411">
<info><authors><author pid="154/5584">Qiang You</author><author pid="41/6824">Weiming Hu</author><author pid="64/1258">Ou Wu</author></authors><title>Influence Maximization in Human-Intervened Social Networks.</title><venue>SocInf@IJCAI</venue><pages>9-14</pages><year>2015</year><type>Conference and Workshop Papers</type><key>conf/ijcai/YouHW15</key><ee>http://ceur-ws.org/Vol-1398/SocInf2015_Paper2.pdf</ee><url>https://dblp.org/rec/conf/ijcai/YouHW15</url></info>
<url>URL#2159411</url>
</hit>
<hit score="1" id="2226872">
<info><authors><author pid="88/301">Marcelo Gabriel Armentano</author><author pid="41/7836">Ariel Monteserin</author><author pid="t/JieTang">Jie Tang 0001</author><author pid="58/9344">Virginia Yannibelli</author></authors><title>Proceedings of the 1st International Workshop on Social Influence Analysis, SocInf 2015, co-located with 24th International Joint Conference on Artificial Intelligence (IJCAI 2015), Buenos Aires, Argentina, July 27, 2015.</title><venue>SocInf@IJCAI</venue><venue>CEUR Workshop Proceedings</venue><volume>1398</volume><publisher>CEUR-WS.org</publisher><year>2015</year><type>Editorship</type><key>conf/ijcai/2015socinf</key><ee>http://ceur-ws.org/Vol-1398</ee><url>https://dblp.org/rec/conf/ijcai/2015socinf</url></info>
<url>URL#2226872</url>
</hit>
</hits>
</result>
