<?xml version="1.0" encoding="UTF-8"?>
<result>
<query id="7111">:facetid:toc:db\"/\"conf\"/\"ijcai\"/\"cgw2015\".\"bht</query>
<status code="200">OK</status>
<time unit="msecs">132.05</time>
<completions total="1" computed="1" sent="1">
<c sc="13" dc="13" oc="13" id="18262906">:facetid:toc:db/conf/ijcai/cgw2015.bht</c>
</completions>
<hits total="13" computed="13" sent="13" first="0">
<hit score="1" id="1925421">
<info><authors><author pid="c/TristanCazenave">Tristan Cazenave</author><author pid="32/436">Mark H. M. Winands</author><author pid="98/3919">Stefan Edelkamp</author><author pid="67/2985">Stephan Schiffel</author><author pid="t/MichaelThielscher">Michael Thielscher</author><author pid="47/767">Julian Togelius</author></authors><title>Computer Games - Fourth Workshop on Computer Games, CGW 2015, and the Fourth Workshop on General Intelligence in Game-Playing Agents, GIGA 2015, Held in Conjunction with the 24th International Conference on Artificial Intelligence, IJCAI 2015, Buenos Aires, Argentina, July 26-27, 2015, Revised Selected Papers</title><venue>CGW/GIGA@IJCAI</venue><venue>Communications in Computer and Information Science</venue><volume>614</volume><publisher>Springer</publisher><year>2016</year><type>Editorship</type><key>conf/ijcai/2015cgw</key><doi>10.1007/978-3-319-39402-2</doi><ee>https://doi.org/10.1007/978-3-319-39402-2</ee><url>https://dblp.org/rec/conf/ijcai/2015cgw</url></info>
<url>URL#1925421</url>
</hit>
<hit score="1" id="2158733">
<info><authors><author pid="179/7436">Ramiro A. Agis</author><author pid="92/8237">Andrea Cohen</author><author pid="83/2092">Diego C. Martínez</author></authors><title>Argumentative AI Director Using Defeasible Logic Programming.</title><venue>CGW/GIGA@IJCAI</venue><pages>96-111</pages><year>2015</year><type>Conference and Workshop Papers</type><key>conf/ijcai/AgisCM15</key><doi>10.1007/978-3-319-39402-2_8</doi><ee>https://doi.org/10.1007/978-3-319-39402-2_8</ee><url>https://dblp.org/rec/conf/ijcai/AgisCM15</url></info>
<url>URL#2158733</url>
</hit>
<hit score="1" id="2158826">
<info><authors><author pid="39/5987">Bruno Bouzy</author></authors><title>An Experimental Investigation on the Pancake Problem.</title><venue>CGW/GIGA@IJCAI</venue><pages>30-43</pages><year>2015</year><type>Conference and Workshop Papers</type><key>conf/ijcai/Bouzy15</key><doi>10.1007/978-3-319-39402-2_3</doi><ee>https://doi.org/10.1007/978-3-319-39402-2_3</ee><url>https://dblp.org/rec/conf/ijcai/Bouzy15</url></info>
<url>URL#2158826</url>
</hit>
<hit score="1" id="2158834">
<info><authors><author pid="173/5050">Alexander Braylan</author><author pid="67/11217">Mark Hollenbeck</author><author pid="149/2699">Elliot Meyerson</author><author pid="m/RistoMiikkulainen">Risto Miikkulainen</author></authors><title>On the Cross-Domain Reusability of Neural Modules for General Video Game Playing.</title><venue>CGW/GIGA@IJCAI</venue><pages>115-129</pages><year>2015</year><type>Conference and Workshop Papers</type><key>conf/ijcai/BraylanHMM15</key><doi>10.1007/978-3-319-39402-2_9</doi><ee>https://doi.org/10.1007/978-3-319-39402-2_9</ee><url>https://dblp.org/rec/conf/ijcai/BraylanHMM15</url></info>
<url>URL#2158834</url>
</hit>
<hit score="1" id="2158854">
<info><authors><author pid="c/TristanCazenave">Tristan Cazenave</author></authors><title>Multi-agent Retrograde Analysis.</title><venue>CGW/GIGA@IJCAI</venue><pages>60-70</pages><year>2015</year><type>Conference and Workshop Papers</type><key>conf/ijcai/Cazenave15a</key><doi>10.1007/978-3-319-39402-2_5</doi><ee>https://doi.org/10.1007/978-3-319-39402-2_5</ee><url>https://dblp.org/rec/conf/ijcai/Cazenave15a</url></info>
<url>URL#2158854</url>
</hit>
<hit score="1" id="2158899">
<info><authors><author pid="77/250">Heriberto Cuayáhuitl</author><author pid="80/6099">Simon Keizer</author><author pid="36/6352">Oliver Lemon</author></authors><title>Learning to Trade in Strategic Board Games.</title><venue>CGW/GIGA@IJCAI</venue><pages>83-95</pages><year>2015</year><type>Conference and Workshop Papers</type><key>conf/ijcai/CuayahuitlKL15</key><doi>10.1007/978-3-319-39402-2_7</doi><ee>https://doi.org/10.1007/978-3-319-39402-2_7</ee><url>https://dblp.org/rec/conf/ijcai/CuayahuitlKL15</url></info>
<url>URL#2158899</url>
</hit>
<hit score="1" id="2158991">
<info><authors><author pid="72/2560">Peter Gregory</author><author pid="179/7422">Henrique Coli Schumann</author><author pid="b/YngviBjornsson">Yngvi Björnsson</author><author pid="67/2985">Stephan Schiffel</author></authors><title>The GRL System - Learning Board Game Rules with Piece-Move Interactions.</title><venue>CGW/GIGA@IJCAI</venue><pages>130-148</pages><year>2015</year><type>Conference and Workshop Papers</type><key>conf/ijcai/GregorySBS15</key><doi>10.1007/978-3-319-39402-2_10</doi><ee>https://doi.org/10.1007/978-3-319-39402-2_10</ee><url>https://dblp.org/rec/conf/ijcai/GregorySBS15</url></info>
<url>URL#2158991</url>
</hit>
<hit score="1" id="2159150">
<info><authors><author pid="60/4402">Henryk Michalewski</author><author pid="179/7424">Andrzej Nagórko</author><author pid="37/400">Jakub Pawlewicz</author></authors><title>485 - A New Upper Bound for Morpion Solitaire.</title><venue>CGW/GIGA@IJCAI</venue><pages>44-59</pages><year>2015</year><type>Conference and Workshop Papers</type><key>conf/ijcai/MichalewskiNP15</key><doi>10.1007/978-3-319-39402-2_4</doi><ee>https://doi.org/10.1007/978-3-319-39402-2_4</ee><url>https://dblp.org/rec/conf/ijcai/MichalewskiNP15</url></info>
<url>URL#2159150</url>
</hit>
<hit score="1" id="2159196">
<info><authors><author pid="122/8018">Tom Pepels</author><author pid="c/TristanCazenave">Tristan Cazenave</author><author pid="32/436">Mark H. M. Winands</author></authors><title>Sequential Halving for Partially Observable Games.</title><venue>CGW/GIGA@IJCAI</venue><pages>16-29</pages><year>2015</year><type>Conference and Workshop Papers</type><key>conf/ijcai/PepelsCW15</key><doi>10.1007/978-3-319-39402-2_2</doi><ee>https://doi.org/10.1007/978-3-319-39402-2_2</ee><url>https://dblp.org/rec/conf/ijcai/PepelsCW15</url></info>
<url>URL#2159196</url>
</hit>
<hit score="1" id="2159287">
<info><authors><author pid="18/991">Nathan R. Sturtevant</author></authors><title>Challenges and Progress on Using Large Lossy Endgame Databases in Chinese Checkers.</title><venue>CGW/GIGA@IJCAI</venue><pages>3-15</pages><year>2015</year><type>Conference and Workshop Papers</type><key>conf/ijcai/Sturtevant15</key><doi>10.1007/978-3-319-39402-2_1</doi><ee>https://doi.org/10.1007/978-3-319-39402-2_1</ee><url>https://dblp.org/rec/conf/ijcai/Sturtevant15</url></info>
<url>URL#2159287</url>
</hit>
<hit score="1" id="2159313">
<info><authors><author pid="179/7430">Michal Trutman</author><author pid="67/2985">Stephan Schiffel</author></authors><title>Creating Action Heuristics for General Game Playing Agents.</title><venue>CGW/GIGA@IJCAI</venue><pages>149-164</pages><year>2015</year><type>Conference and Workshop Papers</type><key>conf/ijcai/TrutmanS15</key><doi>10.1007/978-3-319-39402-2_11</doi><ee>https://doi.org/10.1007/978-3-319-39402-2_11</ee><url>https://dblp.org/rec/conf/ijcai/TrutmanS15</url></info>
<url>URL#2159313</url>
</hit>
<hit score="1" id="2159365">
<info><authors><author pid="32/436">Mark H. M. Winands</author></authors><title>The Surakarta Bot Revealed.</title><venue>CGW/GIGA@IJCAI</venue><pages>71-82</pages><year>2015</year><type>Conference and Workshop Papers</type><key>conf/ijcai/Winands15</key><doi>10.1007/978-3-319-39402-2_6</doi><ee>https://doi.org/10.1007/978-3-319-39402-2_6</ee><url>https://dblp.org/rec/conf/ijcai/Winands15</url></info>
<url>URL#2159365</url>
</hit>
<hit score="1" id="2159430">
<info><authors><author pid="93/7133-2">Haifeng Zhang 0002</author><author pid="179/7431">Dangyi Liu</author><author pid="22/2010-5">Wenxin Li 0005</author></authors><title>Space-Consistent Game Equivalence Detection in General Game Playing.</title><venue>CGW/GIGA@IJCAI</venue><pages>165-177</pages><year>2015</year><type>Conference and Workshop Papers</type><key>conf/ijcai/ZhangLL15a</key><doi>10.1007/978-3-319-39402-2_12</doi><ee>https://doi.org/10.1007/978-3-319-39402-2_12</ee><url>https://dblp.org/rec/conf/ijcai/ZhangLL15a</url></info>
<url>URL#2159430</url>
</hit>
</hits>
</result>
