<?xml version="1.0" encoding="UTF-8"?>
<result>
<query id="7053">:facetid:toc:db\"/\"conf\"/\"ijcai\"/\"jowo2015\".\"bht</query>
<status code="200">OK</status>
<time unit="msecs">130.61</time>
<completions total="1" computed="1" sent="1">
<c sc="29" dc="29" oc="29" id="18262964">:facetid:toc:db/conf/ijcai/jowo2015.bht</c>
</completions>
<hits total="29" computed="29" sent="29" first="0">
<hit score="1" id="2158798">
<info><authors><author pid="95/5613">Salem Benferhat</author><author pid="134/4606">Zied Bouraoui</author><author pid="26/6968">Sylvain Lagrue</author><author pid="72/6117">Julien Rossit</author></authors><title>Merging Incommensurable Possibilistic DL-Lite Assertional Bases.</title><venue>JOWO@IJCAI</venue><year>2015</year><type>Conference and Workshop Papers</type><key>conf/ijcai/BenferhatBLR15</key><ee>http://ceur-ws.org/Vol-1517/JOWO-15_ontolp_paper_12.pdf</ee><url>https://dblp.org/rec/conf/ijcai/BenferhatBLR15</url></info>
<url>URL#2158798</url>
</hit>
<hit score="1" id="2158817">
<info><authors><author pid="64/2829">Stefano Borgo</author></authors><title>Towards Ontology Composition from Cognitive Libraries.</title><venue>JOWO@IJCAI</venue><year>2015</year><type>Conference and Workshop Papers</type><key>conf/ijcai/Borgo15</key><ee>http://ceur-ws.org/Vol-1517/JOWO-15_WoMO_paper_1.pdf</ee><url>https://dblp.org/rec/conf/ijcai/Borgo15</url></info>
<url>URL#2158817</url>
</hit>
<hit score="1" id="2158832">
<info><authors><author pid="169/0386">Germán Alejandro Braun</author><author pid="169/0421">Laura Andrea Cecchi</author><author pid="56/5594">Pablo R. Fillottrani</author></authors><title>Integrating Graphical Support with Reasoning in a Methodology for Ontology Evolution.</title><venue>JOWO@IJCAI</venue><year>2015</year><type>Conference and Workshop Papers</type><key>conf/ijcai/BraunCF15</key><ee>http://ceur-ws.org/Vol-1517/JOWO-15_WoMO_paper_5.pdf</ee><url>https://dblp.org/rec/conf/ijcai/BraunCF15</url></info>
<url>URL#2158832</url>
</hit>
<hit score="1" id="2158883">
<info><authors><author pid="08/6731-1">Roberto Confalonieri 0001</author><author pid="58/186">Marco Schorlemmer</author><author pid="p/EnricPlaza">Enric Plaza</author><author pid="120/2908">Manfred Eppe</author><author pid="38/2192">Oliver Kutz</author><author pid="56/3960">Rafael Peñaloza</author></authors><title>Upward Refinement for Conceptual Blending in Description Logic - An ASP-based Approach and Case Study in EL++.</title><venue>JOWO@IJCAI</venue><year>2015</year><type>Conference and Workshop Papers</type><key>conf/ijcai/ConfalonieriSPE15</key><ee>http://ceur-ws.org/Vol-1517/JOWO-15_ontolp_paper_6.pdf</ee><url>https://dblp.org/rec/conf/ijcai/ConfalonieriSPE15</url></info>
<url>URL#2158883</url>
</hit>
<hit score="1" id="2158888">
<info><authors><author pid="173/2562">Julien Corman</author><author pid="96/6433">Nathalie Aussenac-Gilles</author><author pid="09/6569">Laure Vieu</author></authors><title>Prioritized Base Debugging in Description Logics.</title><venue>JOWO@IJCAI</venue><year>2015</year><type>Conference and Workshop Papers</type><key>conf/ijcai/CormanAV15</key><ee>http://ceur-ws.org/Vol-1517/JOWO-15_OntoChange_paper_1.pdf</ee><url>https://dblp.org/rec/conf/ijcai/CormanAV15</url></info>
<url>URL#2158888</url>
</hit>
<hit score="1" id="2158891">
<info><authors><author pid="183/5627">Nuno Costa</author><author pid="14/5000">Matthias Knorr</author><author pid="l/JoaoAlexandreLeite">João Leite 0001</author></authors><title>Extending NoHR for OWL 2 QL.</title><venue>JOWO@IJCAI</venue><year>2015</year><type>Conference and Workshop Papers</type><key>conf/ijcai/CostaKL15</key><ee>http://ceur-ws.org/Vol-1517/JOWO-15_ontolp_paper_7.pdf</ee><url>https://dblp.org/rec/conf/ijcai/CostaKL15</url></info>
<url>URL#2158891</url>
</hit>
<hit score="1" id="2158896">
<info><authors><author pid="31/4430">Madalina Croitoru</author><author pid="28/2366">Ricardo Oscar Rodríguez</author></authors><title>Using Kernel Consolidation for Query Answering in Inconsistent OBDA.</title><venue>JOWO@IJCAI</venue><year>2015</year><type>Conference and Workshop Papers</type><key>conf/ijcai/CroitoruR15</key><ee>http://ceur-ws.org/Vol-1517/JOWO-15_OntoChange_paper_2.pdf</ee><url>https://dblp.org/rec/conf/ijcai/CroitoruR15</url></info>
<url>URL#2158896</url>
</hit>
<hit score="1" id="2158901">
<info><authors><author pid="d/VDahl">Verónica Dahl</author><author pid="76/2933">Sergio Tessaris</author><author pid="f/TWFruhwirth">Thom W. Frühwirth</author></authors><title>Imperfect Querying through Womb Grammars plus Ontologies.</title><venue>JOWO@IJCAI</venue><year>2015</year><type>Conference and Workshop Papers</type><key>conf/ijcai/DahlTF15</key><ee>http://ceur-ws.org/Vol-1517/JOWO-15_ontolp_paper_5.pdf</ee><url>https://dblp.org/rec/conf/ijcai/DahlTF15</url></info>
<url>URL#2158901</url>
</hit>
<hit score="1" id="2158906">
<info><authors><author pid="117/7529">Cristhian A. D. Deagustini</author><author pid="01/5870">Maria Vanina Martinez</author><author pid="60/6432">Marcelo A. Falappa</author><author pid="s/GuillermoRicardoSimari">Guillermo Ricardo Simari</author></authors><title>On the Influence of Incoherence in Inconsistency-tolerant Semantics for Datalog±.</title><venue>JOWO@IJCAI</venue><year>2015</year><type>Conference and Workshop Papers</type><key>conf/ijcai/DeagustiniMFS15</key><ee>http://ceur-ws.org/Vol-1517/JOWO-15_ontolp_paper_10.pdf</ee><url>https://dblp.org/rec/conf/ijcai/DeagustiniMFS15</url></info>
<url>URL#2158906</url>
</hit>
<hit score="1" id="2158930">
<info><authors><author pid="d/DidierDubois">Didier Dubois</author><author pid="p/HenriPrade">Henri Prade</author><author pid="29/3972">Steven Schockaert</author></authors><title>Extending Answer Set Programming using Generalized Possibilistic Logic.</title><venue>JOWO@IJCAI</venue><year>2015</year><type>Conference and Workshop Papers</type><key>conf/ijcai/DuboisPS15</key><ee>http://ceur-ws.org/Vol-1517/JOWO-15_ontolp_paper_1.pdf</ee><url>https://dblp.org/rec/conf/ijcai/DuboisPS15</url></info>
<url>URL#2158930</url>
</hit>
<hit score="1" id="2158949">
<info><authors><author pid="50/6554">Cristina Feier</author><author pid="e/TEiter">Thomas Eiter</author></authors><title>Reasoning with Forest Logic Programs Using Fully Enriched Automata.</title><venue>JOWO@IJCAI</venue><year>2015</year><type>Conference and Workshop Papers</type><key>conf/ijcai/FeierE15</key><ee>http://ceur-ws.org/Vol-1517/JOWO-15_ontolp_paper_8.pdf</ee><url>https://dblp.org/rec/conf/ijcai/FeierE15</url></info>
<url>URL#2158949</url>
</hit>
<hit score="1" id="2158954">
<info><authors><author pid="40/2574">Tim Fernando</author></authors><title>Two Perspectives on Change and Institutions.</title><venue>JOWO@IJCAI</venue><year>2015</year><type>Conference and Workshop Papers</type><key>conf/ijcai/Fernando15</key><ee>http://ceur-ws.org/Vol-1517/JOWO-15_FOfAI_paper_2.pdf</ee><url>https://dblp.org/rec/conf/ijcai/Fernando15</url></info>
<url>URL#2158954</url>
</hit>
<hit score="1" id="2158966">
<info><authors><author pid="34/2986">Pawel Garbacz</author></authors><title>Two Demarcation Problems In Ontology.</title><venue>JOWO@IJCAI</venue><year>2015</year><type>Conference and Workshop Papers</type><key>conf/ijcai/Garbacz15</key><ee>http://ceur-ws.org/Vol-1517/JOWO-15_FOfAI_paper_1.pdf</ee><url>https://dblp.org/rec/conf/ijcai/Garbacz15</url></info>
<url>URL#2158966</url>
</hit>
<hit score="1" id="2158967">
<info><authors><author pid="146/0721">Fabien Garreau</author><author pid="89/2357">Laurent Garcia</author><author pid="89/3652">Claire Lefèvre</author><author pid="14/5762">Igor Stéphan</author></authors><title>∃-ASP.</title><venue>JOWO@IJCAI</venue><year>2015</year><type>Conference and Workshop Papers</type><key>conf/ijcai/GarreauGLS15</key><ee>http://ceur-ws.org/Vol-1517/JOWO-15_ontolp_paper_4.pdf</ee><url>https://dblp.org/rec/conf/ijcai/GarreauGLS15</url></info>
<url>URL#2158967</url>
</hit>
<hit score="1" id="2158982">
<info><authors><author pid="68/2296-1">Ricardo Gonçalves 0001</author></authors><title>Combining Rules and Ontologies via Parametrized Logic Programs.</title><venue>JOWO@IJCAI</venue><year>2015</year><type>Conference and Workshop Papers</type><key>conf/ijcai/Goncalves15</key><ee>http://ceur-ws.org/Vol-1517/JOWO-15_ontolp_paper_9.pdf</ee><url>https://dblp.org/rec/conf/ijcai/Goncalves15</url></info>
<url>URL#2158982</url>
</hit>
<hit score="1" id="2158995">
<info><authors><author pid="11/78">Giancarlo Guizzardi</author><author pid="91/3408">João Paulo Andrade Almeida</author><author pid="65/6778">Nicola Guarino</author><author pid="37/7639">Victorio Albani de Carvalho</author></authors><title>Towards an Ontological Analysis of Powertypes.</title><venue>JOWO@IJCAI</venue><year>2015</year><type>Conference and Workshop Papers</type><key>conf/ijcai/GuizzardiAGC15</key><ee>http://ceur-ws.org/Vol-1517/JOWO-15_FOfAI_paper_7.pdf</ee><url>https://dblp.org/rec/conf/ijcai/GuizzardiAGC15</url></info>
<url>URL#2158995</url>
</hit>
<hit score="1" id="2159037">
<info><authors><author pid="171/1461">Badrinath Jayakumar</author><author pid="s/RSunderraman">Rajshekhar Sunderraman</author></authors><title>Paraconsistent Relational Model - A Quasi-Classic Logic Approach.</title><venue>JOWO@IJCAI</venue><year>2015</year><type>Conference and Workshop Papers</type><key>conf/ijcai/JayakumarS15</key><ee>http://ceur-ws.org/Vol-1517/JOWO-15_ontolp_paper_11.pdf</ee><url>https://dblp.org/rec/conf/ijcai/JayakumarS15</url></info>
<url>URL#2159037</url>
</hit>
<hit score="1" id="2159050">
<info><authors><author pid="163/5202">Tobias Kaminski</author><author pid="14/5000">Matthias Knorr</author><author pid="l/JoaoAlexandreLeite">João Leite 0001</author></authors><title>Well-founded Paraconsistent Semantics for Hybrid Theories composed of Rules and Ontologies.</title><venue>JOWO@IJCAI</venue><year>2015</year><type>Conference and Workshop Papers</type><key>conf/ijcai/KaminskiKL15a</key><ee>http://ceur-ws.org/Vol-1517/JOWO-15_OntoChange_paper_3.pdf</ee><url>https://dblp.org/rec/conf/ijcai/KaminskiKL15a</url></info>
<url>URL#2159050</url>
</hit>
<hit score="1" id="2159075">
<info><authors><author pid="173/2551">Emily Leblanc</author><author pid="87/2421">Duc N. Nguyen</author><author pid="74/3410">Marcello Balduccini</author><author pid="r/WCRegli">William C. Regli</author><author pid="k/JosephBKopena">Joseph B. Kopena</author><author pid="173/2556">Thomas Wambold</author></authors><title>Military Ontologies for Information Dissemination at the Tactical Edge.</title><venue>JOWO@IJCAI</venue><year>2015</year><type>Conference and Workshop Papers</type><key>conf/ijcai/LeblancNBRKW15</key><ee>http://ceur-ws.org/Vol-1517/JOWO-15_FOfAI_paper_4.pdf</ee><url>https://dblp.org/rec/conf/ijcai/LeblancNBRKW15</url></info>
<url>URL#2159075</url>
</hit>
<hit score="1" id="2159079">
<info><authors><author pid="136/1818">Daniel de Leng</author><author pid="86/6319">Fredrik Heintz</author></authors><title>Ontology-Based Introspection in Support of Stream Reasoning.</title><venue>JOWO@IJCAI</venue><year>2015</year><type>Conference and Workshop Papers</type><key>conf/ijcai/LengH15</key><ee>http://ceur-ws.org/Vol-1517/JOWO-15_FOfAI_paper_3.pdf</ee><url>https://dblp.org/rec/conf/ijcai/LengH15</url></info>
<url>URL#2159079</url>
</hit>
<hit score="1" id="2159118">
<info><authors><author pid="155/8054">Jose Lozano</author><author pid="121/5033">Joel Luis Carbonera</author><author pid="a/MaraAbel">Mara Abel</author></authors><title>A Novel Approach for Extracting Well-Founded Ontology Views.</title><venue>JOWO@IJCAI</venue><year>2015</year><type>Conference and Workshop Papers</type><key>conf/ijcai/LozanoCA15</key><ee>http://ceur-ws.org/Vol-1517/JOWO-15_WoMO_paper_2.pdf</ee><url>https://dblp.org/rec/conf/ijcai/LozanoCA15</url></info>
<url>URL#2159118</url>
</hit>
<hit score="1" id="2159167">
<info><authors><author pid="173/2549">Ayako Nakamura</author><author pid="87/3233">Koji Mineshima</author><author pid="52/46">Daisuke Bekki</author></authors><title>Towards Modeling Natural Language Inferences with Part-Whole Relations using Formal Ontology and Lexical Semantics.</title><venue>JOWO@IJCAI</venue><year>2015</year><type>Conference and Workshop Papers</type><key>conf/ijcai/NakamuraMB15</key><ee>http://ceur-ws.org/Vol-1517/JOWO-15_FOfAI_paper_6.pdf</ee><url>https://dblp.org/rec/conf/ijcai/NakamuraMB15</url></info>
<url>URL#2159167</url>
</hit>
<hit score="1" id="2159168">
<info><authors><author pid="25/8153">Rogelio Nazar</author><author pid="126/8644">Irene Renau</author></authors><title>Ontology Population using Corpus Statistics.</title><venue>JOWO@IJCAI</venue><year>2015</year><type>Conference and Workshop Papers</type><key>conf/ijcai/NazarR15</key><ee>http://ceur-ws.org/Vol-1517/JOWO-15_WoMO_paper_4.pdf</ee><url>https://dblp.org/rec/conf/ijcai/NazarR15</url></info>
<url>URL#2159168</url>
</hit>
<hit score="1" id="2159193">
<info><authors><author pid="56/3960">Rafael Peñaloza</author><author pid="173/2568">Aparna Saisree Thuluva</author></authors><title>Iterative Ontology Updates Using Context Labels.</title><venue>JOWO@IJCAI</venue><year>2015</year><type>Conference and Workshop Papers</type><key>conf/ijcai/PenalozaT15</key><ee>http://ceur-ws.org/Vol-1517/JOWO-15_OntoChange_paper_4.pdf</ee><url>https://dblp.org/rec/conf/ijcai/PenalozaT15</url></info>
<url>URL#2159193</url>
</hit>
<hit score="1" id="2159206">
<info><authors><author pid="89/5672">Andreas Pieris</author></authors><title>From Classical to Consistent Query Answering under Existential Rules.</title><venue>JOWO@IJCAI</venue><year>2015</year><type>Conference and Workshop Papers</type><key>conf/ijcai/Pieris15</key><ee>http://ceur-ws.org/Vol-1517/JOWO-15_ontolp_paper_2.pdf</ee><url>https://dblp.org/rec/conf/ijcai/Pieris15</url></info>
<url>URL#2159206</url>
</hit>
<hit score="1" id="2159208">
<info><authors><author pid="173/2566">Filipe Polizel</author><author pid="51/2048">Sara J. Casare</author><author pid="s/JSSichman">Jaime Simão Sichman</author></authors><title>OntoBacen - A Modular Ontology for Risk Management in the Brazilian Financial System.</title><venue>JOWO@IJCAI</venue><year>2015</year><type>Conference and Workshop Papers</type><key>conf/ijcai/PolizelCS15</key><ee>http://ceur-ws.org/Vol-1517/JOWO-15_WoMO_paper_3.pdf</ee><url>https://dblp.org/rec/conf/ijcai/PolizelCS15</url></info>
<url>URL#2159208</url>
</hit>
<hit score="1" id="2159303">
<info><authors><author pid="30/8816">Rajesh Tavva</author><author pid="40/8816">Navjyoti Singh</author></authors><title>Generative Ontology of Vaisesika.</title><venue>JOWO@IJCAI</venue><year>2015</year><type>Conference and Workshop Papers</type><key>conf/ijcai/TavvaS15</key><ee>http://ceur-ws.org/Vol-1517/JOWO-15_FOfAI_paper_5.pdf</ee><url>https://dblp.org/rec/conf/ijcai/TavvaS15</url></info>
<url>URL#2159303</url>
</hit>
<hit score="1" id="2159423">
<info><authors><author pid="118/8431">Riccardo Zese</author><author pid="31/8371">Elena Bellodi</author><author pid="l/EvelinaLamma">Evelina Lamma</author><author pid="26/4485">Fabrizio Riguzzi</author></authors><title>Logic Programming Techniques for Reasoning with Probabilistic Ontologies.</title><venue>JOWO@IJCAI</venue><year>2015</year><type>Conference and Workshop Papers</type><key>conf/ijcai/ZeseBLR15</key><ee>http://ceur-ws.org/Vol-1517/JOWO-15_ontolp_paper_3.pdf</ee><url>https://dblp.org/rec/conf/ijcai/ZeseBLR15</url></info>
<url>URL#2159423</url>
</hit>
<hit score="1" id="2226871">
<info><authors><author pid="09/6707">Odile Papini</author><author pid="95/5613">Salem Benferhat</author><author pid="89/2357">Laurent Garcia</author><author pid="10/88">Marie-Laure Mugnier</author><author pid="f/ELFerme">Eduardo L. Fermé</author><author pid="m/ThomasAndreasMeyer">Thomas Meyer 0002</author><author pid="w/RenataWassermann">Renata Wassermann</author><author pid="83/752">Torsten Hahmann</author><author pid="b/KBaclawski">Ken Baclawski</author><author pid="96/5346">Adila Krisnadhi</author><author pid="40/3594">Pavel Klinov</author><author pid="64/2829">Stefano Borgo</author><author pid="38/2192">Oliver Kutz</author><author pid="33/8219">Daniele Porello</author></authors><title>Proceedings of the Joint Ontology Workshops 2015 Episode 1 - The Argentine Winter of Ontology co-located with the 24th International Joint Conference on Artificial Intelligence (IJCAI 2015), Buenos Aires, Argentina, July 25-27, 2015.</title><venue>JOWO@IJCAI</venue><venue>CEUR Workshop Proceedings</venue><volume>1517</volume><publisher>CEUR-WS.org</publisher><year>2015</year><type>Editorship</type><key>conf/ijcai/2015jowo</key><ee>http://ceur-ws.org/Vol-1517</ee><url>https://dblp.org/rec/conf/ijcai/2015jowo</url></info>
<url>URL#2226871</url>
</hit>
</hits>
</result>
