<?xml version="1.0" encoding="UTF-8"?>
<result>
<query id="6974">:facetid:toc:db\"/\"conf\"/\"ijcai\"/\"cpcr2015\".\"bht</query>
<status code="200">OK</status>
<time unit="msecs">128.61</time>
<completions total="1" computed="1" sent="1">
<c sc="10" dc="10" oc="10" id="18262911">:facetid:toc:db/conf/ijcai/cpcr2015.bht</c>
</completions>
<hits total="10" computed="10" sent="10" first="0">
<hit score="1" id="2158755">
<info><authors><author pid="168/5055">Robin Arcangioli</author><author pid="17/8149">Nadjib Lazaar</author></authors><title>Multiple Constraint Acquisition.</title><venue>CPCR+ITWP@IJCAI</venue><year>2015</year><type>Conference and Workshop Papers</type><key>conf/ijcai/ArcangioliL15</key><ee>http://ceur-ws.org/Vol-1440/Paper4.pdf</ee><url>https://dblp.org/rec/conf/ijcai/ArcangioliL15</url></info>
<url>URL#2158755</url>
</hit>
<hit score="1" id="2158758">
<info><authors><author pid="134/2826">Noureddine Aribi</author><author pid="75/323">Souhila Kaci</author><author pid="17/8149">Nadjib Lazaar</author></authors><title>Towards an MDD-based Representation of Preferences.</title><venue>CPCR+ITWP@IJCAI</venue><year>2015</year><type>Conference and Workshop Papers</type><key>conf/ijcai/AribiKL15</key><ee>http://ceur-ws.org/Vol-1440/Paper9.pdf</ee><url>https://dblp.org/rec/conf/ijcai/AribiKL15</url></info>
<url>URL#2158758</url>
</hit>
<hit score="1" id="2159063">
<info><authors><author pid="10/3852">Tolga Könik</author><author pid="154/5513">Yoni Medoff</author><author pid="80/9076">Rajyashree Mukherjee</author></authors><title>Interactive Search with Contextual Navigation Recommendations.</title><venue>CPCR+ITWP@IJCAI</venue><year>2015</year><type>Conference and Workshop Papers</type><key>conf/ijcai/KonikMM15</key><ee>http://ceur-ws.org/Vol-1440/Paper2.pdf</ee><url>https://dblp.org/rec/conf/ijcai/KonikMM15</url></info>
<url>URL#2159063</url>
</hit>
<hit score="1" id="2159218">
<info><authors><author pid="77/3761">Michal Ptaszynski</author><author pid="74/5800">Fumito Masui</author><author pid="59/1654">Yasutomo Kimura</author><author pid="17/3493">Rafal Rzepka</author><author pid="02/2443">Kenji Araki</author></authors><title>Brute Force Works Best Against Bullying.</title><venue>CPCR+ITWP@IJCAI</venue><year>2015</year><type>Conference and Workshop Papers</type><key>conf/ijcai/PtaszynskiMKRA15</key><ee>http://ceur-ws.org/Vol-1440/Paper6.pdf</ee><url>https://dblp.org/rec/conf/ijcai/PtaszynskiMKRA15</url></info>
<url>URL#2159218</url>
</hit>
<hit score="1" id="2159307">
<info><authors><author pid="162/4427">Antonela Tommasel</author><author pid="69/4188">Daniela Godoy</author></authors><title>An Adaptive Technique for Weighting Multiple Factors in Followee Recommendation Algorithms.</title><venue>CPCR+ITWP@IJCAI</venue><year>2015</year><type>Conference and Workshop Papers</type><key>conf/ijcai/TommaselG15a</key><ee>http://ceur-ws.org/Vol-1440/Paper8.pdf</ee><url>https://dblp.org/rec/conf/ijcai/TommaselG15a</url></info>
<url>URL#2159307</url>
</hit>
<hit score="1" id="2159318">
<info><authors><author pid="46/2797">Eduardo E. Veas</author><author pid="148/6312">Cecilia di Sciascio</author></authors><title>Interactive Preference Elicitation for Scientific and Cultural Recommendations.</title><venue>CPCR+ITWP@IJCAI</venue><year>2015</year><type>Conference and Workshop Papers</type><key>conf/ijcai/VeasS15</key><ee>http://ceur-ws.org/Vol-1440/Paper3.pdf</ee><url>https://dblp.org/rec/conf/ijcai/VeasS15</url></info>
<url>URL#2159318</url>
</hit>
<hit score="1" id="2159368">
<info><authors><author pid="w/FranzWotawa">Franz Wotawa</author><author pid="67/10462">Florian Reinfrank</author><author pid="74/10947">Gerald Ninaus</author><author pid="71/915">Alexander Felfernig</author></authors><title>iCone - Intelligent Environment for the Development and Maintenance of Configuration Knowledge Bases.</title><venue>CPCR+ITWP@IJCAI</venue><year>2015</year><type>Conference and Workshop Papers</type><key>conf/ijcai/WotawaRNF15</key><ee>http://ceur-ws.org/Vol-1440/Paper7.pdf</ee><url>https://dblp.org/rec/conf/ijcai/WotawaRNF15</url></info>
<url>URL#2159368</url>
</hit>
<hit score="1" id="2159369">
<info><authors><author pid="w/FranzWotawa">Franz Wotawa</author><author pid="130/0873">Martin Stettinger</author><author pid="67/10462">Florian Reinfrank</author><author pid="74/10947">Gerald Ninaus</author><author pid="71/915">Alexander Felfernig</author></authors><title>Conflict Management for Constraint-based Recommendation.</title><venue>CPCR+ITWP@IJCAI</venue><year>2015</year><type>Conference and Workshop Papers</type><key>conf/ijcai/WotawaSRNF15</key><ee>http://ceur-ws.org/Vol-1440/Paper1.pdf</ee><url>https://dblp.org/rec/conf/ijcai/WotawaSRNF15</url></info>
<url>URL#2159369</url>
</hit>
<hit score="1" id="2159448">
<info><authors><author pid="97/8630">Yong Zheng</author><author pid="01/4475">Bamshad Mobasher</author><author pid="58/2337">Robin D. Burke</author></authors><title>Incorporating Context Correlation into Context-aware Matrix Factorization.</title><venue>CPCR+ITWP@IJCAI</venue><year>2015</year><type>Conference and Workshop Papers</type><key>conf/ijcai/ZhengMB15</key><ee>http://ceur-ws.org/Vol-1440/Paper5.pdf</ee><url>https://dblp.org/rec/conf/ijcai/ZhengMB15</url></info>
<url>URL#2159448</url>
</hit>
<hit score="1" id="2226867">
<info><authors><author pid="j/DietmarJannach">Dietmar Jannach</author><author pid="m/JeromeMengin">Jérôme Mengin</author><author pid="01/4475">Bamshad Mobasher</author><author pid="00/6186">Andrea Passerini</author><author pid="76/6477">Paolo Viappiani</author></authors><title>Proceedings of the IJCAI 2015 Joint Workshop on Constraints and Preferences for Configuration and Recommendation and Intelligent Techniques for Web Personalization co-located with the 24th International Joint Conference on Artificial Intelligence (IJCAI 2015), Buenos Aires, Argentina, July 27, 2015.</title><venue>CPCR+ITWP@IJCAI</venue><venue>CEUR Workshop Proceedings</venue><volume>1440</volume><publisher>CEUR-WS.org</publisher><year>2015</year><type>Editorship</type><key>conf/ijcai/2015cpcr</key><ee>http://ceur-ws.org/Vol-1440</ee><url>https://dblp.org/rec/conf/ijcai/2015cpcr</url></info>
<url>URL#2226867</url>
</hit>
</hits>
</result>
