<?xml version="1.0" encoding="UTF-8"?>
<result>
<query id="7175">:facetid:toc:db\"/\"conf\"/\"ijcai\"/\"ai4km2015\".\"bht</query>
<status code="200">OK</status>
<time unit="msecs">138.35</time>
<completions total="1" computed="1" sent="1">
<c sc="10" dc="10" oc="10" id="18262884">:facetid:toc:db/conf/ijcai/ai4km2015.bht</c>
</completions>
<hits total="10" computed="10" sent="10" first="0">
<hit score="1" id="1925420">
<info><authors><author pid="10/4546">Eunika Mercier-Laurent</author><author pid="08/4570">Danielle Boulanger</author></authors><title>Artificial Intelligence for Knowledge Management - Third IFIP WG 12.6 International Workshop, AI4KM 2015, Held at IJCAI 2015, Buenos Aires, Argentina, July 25-31, 2015, Revised Selected Papers</title><venue>AI4KM@IJCAI</venue><venue>IFIP Advances in Information and Communication Technology</venue><volume>497</volume><year>2016</year><type>Editorship</type><key>conf/ijcai/2015ai4km</key><doi>10.1007/978-3-319-55970-4</doi><ee>https://doi.org/10.1007/978-3-319-55970-4</ee><url>https://dblp.org/rec/conf/ijcai/2015ai4km</url></info>
<url>URL#1925420</url>
</hit>
<hit score="1" id="2158858">
<info><authors><author pid="126/9000">Fatma Chamekh</author><author pid="08/4570">Danielle Boulanger</author><author pid="35/3913">Guilaine Talens</author></authors><title>Web of Data Evolution by Exploiting Agent Based-Argumentation.</title><venue>AI4KM@IJCAI</venue><pages>32-50</pages><year>2015</year><type>Conference and Workshop Papers</type><key>conf/ijcai/ChamekhBT15</key><doi>10.1007/978-3-319-55970-4_3</doi><ee>https://doi.org/10.1007/978-3-319-55970-4_3</ee><url>https://dblp.org/rec/conf/ijcai/ChamekhBT15</url></info>
<url>URL#2158858</url>
</hit>
<hit score="1" id="2158885">
<info><authors><author pid="34/752">Noël Conruyt</author><author pid="120/3848">Véronique Sébastien</author><author pid="45/4344">Olivier Sébastien</author><author pid="00/2789">Didier Sébastien</author><author pid="51/566">David Grosser</author></authors><title>From Knowledge to Sign Management - A Co-design Methodology for Biodiversity and Music Enhancement.</title><venue>AI4KM@IJCAI</venue><pages>80-105</pages><year>2015</year><type>Conference and Workshop Papers</type><key>conf/ijcai/ConruytSSSG15</key><doi>10.1007/978-3-319-55970-4_6</doi><ee>https://doi.org/10.1007/978-3-319-55970-4_6</ee><url>https://dblp.org/rec/conf/ijcai/ConruytSSSG15</url></info>
<url>URL#2158885</url>
</hit>
<hit score="1" id="2158903">
<info><authors><author pid="150/3746">Xinghang Dai</author><author pid="239/2536">Nada Matta</author></authors><title>A Knowledge Engineering Perspective of Knowledge Management - How to Manage Project Meeting Knowledge.</title><venue>AI4KM@IJCAI</venue><pages>15-31</pages><year>2015</year><type>Conference and Workshop Papers</type><key>conf/ijcai/DaiM15</key><doi>10.1007/978-3-319-55970-4_2</doi><ee>https://doi.org/10.1007/978-3-319-55970-4_2</ee><url>https://dblp.org/rec/conf/ijcai/DaiM15</url></info>
<url>URL#2158903</url>
</hit>
<hit score="1" id="2159141">
<info><authors><author pid="239/2536">Nada Matta</author><author pid="57/112">Guillaume Ducellier</author><author pid="00/6337">Hassan Atifi</author></authors><title>Learning from Daily Knowledge - How to Keep Track and to Represent Design Projects Knowledge.</title><venue>AI4KM@IJCAI</venue><pages>106-129</pages><year>2015</year><type>Conference and Workshop Papers</type><key>conf/ijcai/MattaDA15</key><doi>10.1007/978-3-319-55970-4_7</doi><ee>https://doi.org/10.1007/978-3-319-55970-4_7</ee><url>https://dblp.org/rec/conf/ijcai/MattaDA15</url></info>
<url>URL#2159141</url>
</hit>
<hit score="1" id="2159147">
<info><authors><author pid="10/4546">Eunika Mercier-Laurent</author></authors><title>Artificial Intelligence for Successful Kflow.</title><venue>AI4KM@IJCAI</venue><pages>149-165</pages><year>2015</year><type>Conference and Workshop Papers</type><key>conf/ijcai/Mercier-Laurent15</key><doi>10.1007/978-3-319-55970-4_9</doi><ee>https://doi.org/10.1007/978-3-319-55970-4_9</ee><url>https://dblp.org/rec/conf/ijcai/Mercier-Laurent15</url></info>
<url>URL#2159147</url>
</hit>
<hit score="1" id="2159182">
<info><authors><author pid="29/1114">Mieczyslaw L. Owoc</author><author pid="152/5662">Krzysztof Hauke</author><author pid="120/3011">Pawel Weichbroth</author></authors><title>Knowledge-Grid Modelling for Academic Purposes.</title><venue>AI4KM@IJCAI</venue><pages>1-14</pages><year>2015</year><type>Conference and Workshop Papers</type><key>conf/ijcai/OwocHW15</key><doi>10.1007/978-3-319-55970-4_1</doi><ee>https://doi.org/10.1007/978-3-319-55970-4_1</ee><url>https://dblp.org/rec/conf/ijcai/OwocHW15</url></info>
<url>URL#2159182</url>
</hit>
<hit score="1" id="2159201">
<info><authors><author pid="138/3198">Jean Petit</author><author pid="59/5863">Jean-Charles Boisson</author><author pid="r/FrancisRousseaux">Francis Rousseaux</author></authors><title>Building Time-Affordable Cultural Ontologies Using an Emic Approach.</title><venue>AI4KM@IJCAI</venue><pages>130-148</pages><year>2015</year><type>Conference and Workshop Papers</type><key>conf/ijcai/PetitBR15</key><doi>10.1007/978-3-319-55970-4_8</doi><ee>https://doi.org/10.1007/978-3-319-55970-4_8</ee><url>https://dblp.org/rec/conf/ijcai/PetitBR15</url></info>
<url>URL#2159201</url>
</hit>
<hit score="1" id="2159217">
<info><authors><author pid="198/5288">Lukasz Przysucha</author></authors><title>Content Management Systems Based on GNU GPL License as a Support of Knowledge Management in Organizations and Business.</title><venue>AI4KM@IJCAI</venue><pages>51-65</pages><year>2015</year><type>Conference and Workshop Papers</type><key>conf/ijcai/Przysucha15</key><doi>10.1007/978-3-319-55970-4_4</doi><ee>https://doi.org/10.1007/978-3-319-55970-4_4</ee><url>https://dblp.org/rec/conf/ijcai/Przysucha15</url></info>
<url>URL#2159217</url>
</hit>
<hit score="1" id="2159233">
<info><authors><author pid="152/5654">François Rauscher</author><author pid="239/2536">Nada Matta</author><author pid="00/6337">Hassan Atifi</author></authors><title>Context Aware Knowledge Zoning - Traceability and Business Emails.</title><venue>AI4KM@IJCAI</venue><pages>66-79</pages><year>2015</year><type>Conference and Workshop Papers</type><key>conf/ijcai/RauscherMA15</key><doi>10.1007/978-3-319-55970-4_5</doi><ee>https://doi.org/10.1007/978-3-319-55970-4_5</ee><url>https://dblp.org/rec/conf/ijcai/RauscherMA15</url></info>
<url>URL#2159233</url>
</hit>
</hits>
</result>
