<?xml version="1.0" encoding="UTF-8"?>
<result>
<query id="6883">:facetid:toc:db\"/\"conf\"/\"ijcai\"/\"fca4ai2015\".\"bht</query>
<status code="200">OK</status>
<time unit="msecs">124.25</time>
<completions total="1" computed="1" sent="1">
<c sc="12" dc="12" oc="12" id="18262914">:facetid:toc:db/conf/ijcai/fca4ai2015.bht</c>
</completions>
<hits total="12" computed="12" sent="12" first="0">
<hit score="1" id="2158735">
<info><authors><author pid="68/8155">Mehwish Alam</author><author pid="127/6929">Aleksey Buzmakov</author><author pid="28/3653">Víctor Codocedo</author><author pid="n/AmedeoNapoli">Amedeo Napoli</author></authors><title>Bridging DBpedia Categories and DL-Concept Definitions Using Formal Concept Analysis.</title><venue>FCA4AI@IJCAI</venue><pages>9-16</pages><year>2015</year><type>Conference and Workshop Papers</type><key>conf/ijcai/AlamBCN15a</key><ee>http://ceur-ws.org/Vol-1430/paper1.pdf</ee><url>https://dblp.org/rec/conf/ijcai/AlamBCN15a</url></info>
<url>URL#2158735</url>
</hit>
<hit score="1" id="2158763">
<info><authors><author pid="69/3668">Hernán Astudillo</author></authors><title>Using Trust Networks to Improve Data Quality and Recommendations.</title><venue>FCA4AI@IJCAI</venue><pages>7-8</pages><year>2015</year><type>Conference and Workshop Papers</type><key>conf/ijcai/Astudillo15</key><ee>http://ceur-ws.org/Vol-1430/paper0.pdf</ee><url>https://dblp.org/rec/conf/ijcai/Astudillo15</url></info>
<url>URL#2158763</url>
</hit>
<hit score="1" id="2158783">
<info><authors><author pid="51/9795">Martín Barrère</author><author pid="06/4140">Gustavo Betarte</author><author pid="28/3653">Víctor Codocedo</author><author pid="51/10125">Marcelo Rodríguez</author><author pid="69/3668">Hernán Astudillo</author><author pid="167/5018">Marcelo Aliquintuy</author><author pid="12/4344">Javier Baliosian</author><author pid="04/5407">Remi Badonnel</author><author pid="f/OlivierFestor">Olivier Festor</author><author pid="64/6563">Carlos Raniery Paula dos Santos</author><author pid="78/7495">Jéferson Campos Nobre</author><author pid="52/4475">Lisandro Zambenedetti Granville</author><author pid="n/AmedeoNapoli">Amedeo Napoli</author></authors><title>Machine-assisted Cyber Threat Analysis Using Conceptual Knowledge Discovery.</title><venue>FCA4AI@IJCAI</venue><pages>75-86</pages><year>2015</year><type>Conference and Workshop Papers</type><key>conf/ijcai/BarrereBCRAABSN15</key><ee>http://ceur-ws.org/Vol-1430/paper8.pdf</ee><url>https://dblp.org/rec/conf/ijcai/BarrereBCRAABSN15</url></info>
<url>URL#2158783</url>
</hit>
<hit score="1" id="2158839">
<info><authors><author pid="127/6929">Aleksey Buzmakov</author><author pid="51/2300">Sergei O. Kuznetsov</author><author pid="n/AmedeoNapoli">Amedeo Napoli</author></authors><title>SOFIA - How to Make FCA Polynomial?</title><venue>FCA4AI@IJCAI</venue><pages>27-35</pages><year>2015</year><type>Conference and Workshop Papers</type><key>conf/ijcai/BuzmakovKN15</key><ee>http://ceur-ws.org/Vol-1430/paper3.pdf</ee><url>https://dblp.org/rec/conf/ijcai/BuzmakovKN15</url></info>
<url>URL#2158839</url>
</hit>
<hit score="1" id="2158963">
<info><authors><author pid="137/3611">Boris A. Galitsky</author></authors><title>Finding a Lattice of Needles in a Haystack - Forming a Query from a Set of Items of Interest.</title><venue>FCA4AI@IJCAI</venue><pages>99-106</pages><year>2015</year><type>Conference and Workshop Papers</type><key>conf/ijcai/Galitsky15</key><ee>http://ceur-ws.org/Vol-1430/paper10.pdf</ee><url>https://dblp.org/rec/conf/ijcai/Galitsky15</url></info>
<url>URL#2158963</url>
</hit>
<hit score="1" id="2159031">
<info><authors><author pid="21/5524">Dmitry I. Ignatov</author><author pid="166/1385">Denis Kornilov</author></authors><title>RAPS - A Recommender Algorithm Based on Pattern Structures.</title><venue>FCA4AI@IJCAI</venue><pages>87-98</pages><year>2015</year><type>Conference and Workshop Papers</type><key>conf/ijcai/IgnatovK15</key><ee>http://ceur-ws.org/Vol-1430/paper9.pdf</ee><url>https://dblp.org/rec/conf/ijcai/IgnatovK15</url></info>
<url>URL#2159031</url>
</hit>
<hit score="1" id="2159054">
<info><authors><author pid="162/0008">Yury Kashnitsky</author><author pid="51/2300">Sergei O. Kuznetsov</author></authors><title>Lazy Associative Graph Classification.</title><venue>FCA4AI@IJCAI</venue><pages>63-74</pages><year>2015</year><type>Conference and Workshop Papers</type><key>conf/ijcai/KashnitskyK15</key><ee>http://ceur-ws.org/Vol-1430/paper7.pdf</ee><url>https://dblp.org/rec/conf/ijcai/KashnitskyK15</url></info>
<url>URL#2159054</url>
</hit>
<hit score="1" id="2159133">
<info><authors><author pid="173/3606">Tatyana P. Makhalova</author><author pid="140/3022">Dmitry I. Ilvovsky</author><author pid="137/3611">Boris A. Galitsky</author></authors><title>Pattern Structures for News Clustering.</title><venue>FCA4AI@IJCAI</venue><pages>35-42</pages><year>2015</year><type>Conference and Workshop Papers</type><key>conf/ijcai/MakhalovaIG15</key><ee>http://ceur-ws.org/Vol-1430/paper4.pdf</ee><url>https://dblp.org/rec/conf/ijcai/MakhalovaIG15</url></info>
<url>URL#2159133</url>
</hit>
<hit score="1" id="2159140">
<info><authors><author pid="153/5488">Alexey Masyutin</author><author pid="162/0008">Yury Kashnitsky</author><author pid="51/2300">Sergei O. Kuznetsov</author></authors><title>Lazy Classication with Interval Pattern Structures - Application to Credit Scoring.</title><venue>FCA4AI@IJCAI</venue><pages>43-54</pages><year>2015</year><type>Conference and Workshop Papers</type><key>conf/ijcai/MasyutinKK15</key><ee>http://ceur-ws.org/Vol-1430/paper5.pdf</ee><url>https://dblp.org/rec/conf/ijcai/MasyutinKK15</url></info>
<url>URL#2159140</url>
</hit>
<hit score="1" id="2159243">
<info><authors><author pid="79/6633">Sebastian Rudolph</author><author pid="61/9867">Christian Sacarea</author><author pid="152/3863">Diana Troanca</author></authors><title>Reduction in Triadic Data Sets.</title><venue>FCA4AI@IJCAI</venue><pages>55-62</pages><year>2015</year><type>Conference and Workshop Papers</type><key>conf/ijcai/RudolphST15a</key><ee>http://ceur-ws.org/Vol-1430/paper6.pdf</ee><url>https://dblp.org/rec/conf/ijcai/RudolphST15a</url></info>
<url>URL#2159243</url>
</hit>
<hit score="1" id="2159284">
<info><authors><author pid="136/2646">Renzo Stanley</author><author pid="69/3668">Hernán Astudillo</author></authors><title>A Conceptual-KDD Tool for Ontology Construction from a Database Schema.</title><venue>FCA4AI@IJCAI</venue><pages>17-26</pages><year>2015</year><type>Conference and Workshop Papers</type><key>conf/ijcai/StanleyA15</key><ee>http://ceur-ws.org/Vol-1430/paper2.pdf</ee><url>https://dblp.org/rec/conf/ijcai/StanleyA15</url></info>
<url>URL#2159284</url>
</hit>
<hit score="1" id="2226869">
<info><authors><author pid="51/2300">Sergei O. Kuznetsov</author><author pid="n/AmedeoNapoli">Amedeo Napoli</author><author pid="79/6633">Sebastian Rudolph</author></authors><title>Proceedings of the 4th International Workshop &quot;What can FCA do for Artificial Intelligence?&quot;, FCA4AI 2015, co-located with the International Joint Conference on Artificial Intelligence (IJCAI 2015), Buenos Aires, Argentina, July 25, 2015.</title><venue>FCA4AI@IJCAI</venue><venue>CEUR Workshop Proceedings</venue><volume>1430</volume><publisher>CEUR-WS.org</publisher><year>2015</year><type>Editorship</type><key>conf/ijcai/2015fca4ai</key><ee>http://ceur-ws.org/Vol-1430</ee><url>https://dblp.org/rec/conf/ijcai/2015fca4ai</url></info>
<url>URL#2226869</url>
</hit>
</hits>
</result>
