<?xml version="1.0" encoding="UTF-8"?>
<result>
<query id="7297">:facetid:toc:db\"/\"conf\"/\"ijcai\"/\"bridging2016\".\"bht</query>
<status code="200">OK</status>
<time unit="msecs">139.12</time>
<completions total="1" computed="1" sent="1">
<c sc="9" dc="9" oc="9" id="18262901">:facetid:toc:db/conf/ijcai/bridging2016.bht</c>
</completions>
<hits total="9" computed="9" sent="9" first="0">
<hit score="1" id="1855440">
<info><authors><author pid="212/3834">Ana Oliveira da Costa</author><author pid="130/8374">Emmanuelle-Anna Dietz</author><author pid="48/415">Steffen Hölldobler</author><author pid="98/813">Marco Ragni</author></authors><title>Syllogistic Reasoning under the Weak Completion Semantics.</title><venue>Bridging@IJCAI</venue><pages>5-19</pages><year>2016</year><type>Conference and Workshop Papers</type><key>conf/ijcai/CostaDHR16</key><ee>http://ceur-ws.org/Vol-1651/12340003.pdf</ee><url>https://dblp.org/rec/conf/ijcai/CostaDHR16</url></info>
<url>URL#1855440</url>
</hit>
<hit score="1" id="1855491">
<info><authors><author pid="f/UlrichFurbach">Ulrich Furbach</author><author pid="157/6706">Florian Furbach</author><author pid="f/ChristianFreksa">Christian Freksa</author></authors><title>Relating Strong Spatial Cognition to Symbolic Problem Solving - An Example.</title><venue>Bridging@IJCAI</venue><pages>20-27</pages><year>2016</year><type>Conference and Workshop Papers</type><key>conf/ijcai/FurbachFF16</key><ee>http://ceur-ws.org/Vol-1651/12340018.pdf</ee><url>https://dblp.org/rec/conf/ijcai/FurbachFF16</url></info>
<url>URL#1855491</url>
</hit>
<hit score="1" id="1855492">
<info><authors><author pid="f/UlrichFurbach">Ulrich Furbach</author><author pid="33/4876">Claudia Schon</author></authors><title>Commonsense Reasoning Meets Theorem Proving.</title><venue>Bridging@IJCAI</venue><pages>74-85</pages><year>2016</year><type>Conference and Workshop Papers</type><key>conf/ijcai/FurbachS16</key><ee>http://ceur-ws.org/Vol-1651/12340072.pdf</ee><url>https://dblp.org/rec/conf/ijcai/FurbachS16</url></info>
<url>URL#1855492</url>
</hit>
<hit score="1" id="1855516">
<info><authors><author pid="09/3402">Naveen Sundar Govindarajulu</author><author pid="99/3934">Selmer Bringsjord</author></authors><title>Crowdsourcing Theorem Proving via Natural Games.</title><venue>Bridging@IJCAI</venue><pages>28-42</pages><year>2016</year><type>Conference and Workshop Papers</type><key>conf/ijcai/GovindarajuluB16</key><ee>http://ceur-ws.org/Vol-1651/12340026.pdf</ee><url>https://dblp.org/rec/conf/ijcai/GovindarajuluB16</url></info>
<url>URL#1855516</url>
</hit>
<hit score="1" id="1855590">
<info><authors><author pid="k/AntonisCKakas">Antonis C. Kakas</author><author pid="21/6730">Loizos Michael</author><author pid="t/FrancescaToni">Francesca Toni</author></authors><title>Argumentation - Reconciling Human and Automated Reasoning.</title><venue>Bridging@IJCAI</venue><pages>43-60</pages><year>2016</year><type>Conference and Workshop Papers</type><key>conf/ijcai/KakasMT16</key><ee>http://ceur-ws.org/Vol-1651/12340041.pdf</ee><url>https://dblp.org/rec/conf/ijcai/KakasMT16</url></info>
<url>URL#1855590</url>
</hit>
<hit score="1" id="1855604">
<info><authors><author pid="66/7920">Sangeet Khemlani</author></authors><title>Automating Human Inference.</title><venue>Bridging@IJCAI</venue><pages>1</pages><year>2016</year><type>Conference and Workshop Papers</type><key>conf/ijcai/Khemlani16</key><ee>http://ceur-ws.org/Vol-1651/12340001.pdf</ee><url>https://dblp.org/rec/conf/ijcai/Khemlani16</url></info>
<url>URL#1855604</url>
</hit>
<hit score="1" id="1855787">
<info><authors><author pid="98/813">Marco Ragni</author><author pid="130/8374">Emmanuelle-Anna Dietz</author><author pid="183/8503">Ilir Kola</author><author pid="48/415">Steffen Hölldobler</author></authors><title>Two-Valued Logic is Not Sufficient to Model Human Reasoning, but Three-Valued Logic is - A Formal Analysis.</title><venue>Bridging@IJCAI</venue><pages>61-73</pages><year>2016</year><type>Conference and Workshop Papers</type><key>conf/ijcai/RagniDKH16</key><ee>http://ceur-ws.org/Vol-1651/12340059.pdf</ee><url>https://dblp.org/rec/conf/ijcai/RagniDKH16</url></info>
<url>URL#1855787</url>
</hit>
<hit score="1" id="1855840">
<info><authors><author pid="23/5327">Aaron Sloman</author></authors><title>Natural Vision and Mathematics - Seeing Impossibilities.</title><venue>Bridging@IJCAI</venue><pages>86-101</pages><year>2016</year><type>Conference and Workshop Papers</type><key>conf/ijcai/Sloman16</key><ee>http://ceur-ws.org/Vol-1651/12340084.pdf</ee><url>https://dblp.org/rec/conf/ijcai/Sloman16</url></info>
<url>URL#1855840</url>
</hit>
<hit score="1" id="1925425">
<info><authors><author pid="33/4876">Claudia Schon</author><author pid="f/UlrichFurbach">Ulrich Furbach</author></authors><title>Proceedings of the Workshop on Bridging the Gap between Human and Automated Reasoning co-located with 25th International Joint Conference on Artificial Intelligence (IJCAI 2016), New York, USA, July 9, 2016.</title><venue>Bridging@IJCAI</venue><venue>CEUR Workshop Proceedings</venue><volume>1651</volume><publisher>CEUR-WS.org</publisher><year>2016</year><type>Editorship</type><key>conf/ijcai/2016bridging</key><ee>http://ceur-ws.org/Vol-1651</ee><url>https://dblp.org/rec/conf/ijcai/2016bridging</url></info>
<url>URL#1925425</url>
</hit>
</hits>
</result>
