<?xml version="1.0" encoding="UTF-8"?>
<result>
<query id="7312">:facetid:toc:db\"/\"conf\"/\"ijcai\"/\"knowpros2016\".\"bht</query>
<status code="200">OK</status>
<time unit="msecs">127.93</time>
<completions total="1" computed="1" sent="1">
<c sc="11" dc="11" oc="11" id="18262968">:facetid:toc:db/conf/ijcai/knowpros2016.bht</c>
</completions>
<hits total="11" computed="11" sent="11" first="0">
<hit score="1" id="1855309">
<info><authors><author pid="167/9928">Ife Adebara</author><author pid="d/VDahl">Verónica Dahl</author></authors><title>Grammar Induction as Automated Transformation between Constraint Solving Models of Language.</title><venue>KnowProS@IJCAI</venue><year>2016</year><type>Conference and Workshop Papers</type><key>conf/ijcai/AdebaraD16</key><ee>http://ceur-ws.org/Vol-1648/paper6.pdf</ee><url>https://dblp.org/rec/conf/ijcai/AdebaraD16</url></info>
<url>URL#1855309</url>
</hit>
<hit score="1" id="1855357">
<info><authors><author pid="04/5344">Roman Barták</author><author pid="z/NengFaZhou">Neng-Fa Zhou</author><author pid="d/ADovier">Agostino Dovier</author></authors><title>Multiple-Origin-Multiple-Destination Path Finding with Minimal Arc Usage - Complexity and Models.</title><venue>KnowProS@IJCAI</venue><year>2016</year><type>Conference and Workshop Papers</type><key>conf/ijcai/BartakZD16</key><ee>http://ceur-ws.org/Vol-1648/paper4.pdf</ee><url>https://dblp.org/rec/conf/ijcai/BartakZD16</url></info>
<url>URL#1855357</url>
</hit>
<hit score="1" id="1855362">
<info><authors><author pid="b/RachelBenEliyahuZohary">Rachel Ben-Eliyahu-Zohary</author><author pid="a/FabrizioAngiulli">Fabrizio Angiulli</author><author pid="90/3977">Fabio Fassetti</author><author pid="p/LuigiPalopoli">Luigi Palopoli</author></authors><title>Decomposing Minimal Models.</title><venue>KnowProS@IJCAI</venue><year>2016</year><type>Conference and Workshop Papers</type><key>conf/ijcai/Ben-Eliyahu-Zohary16</key><ee>http://ceur-ws.org/Vol-1648/paper1.pdf</ee><url>https://dblp.org/rec/conf/ijcai/Ben-Eliyahu-Zohary16</url></info>
<url>URL#1855362</url>
</hit>
<hit score="1" id="1855400">
<info><authors><author pid="183/8523">Pamela Calvo</author><author pid="85/5866">Jorge A. Baier</author></authors><title>Assumption-Based Planning with Sensing via Contingent Planning.</title><venue>KnowProS@IJCAI</venue><year>2016</year><type>Conference and Workshop Papers</type><key>conf/ijcai/CalvoB16</key><ee>http://ceur-ws.org/Vol-1648/paper7.pdf</ee><url>https://dblp.org/rec/conf/ijcai/CalvoB16</url></info>
<url>URL#1855400</url>
</hit>
<hit score="1" id="1855402">
<info><authors><author pid="180/9168">Alberto Camacho</author><author pid="66/3221">Sheila A. McIlraith</author></authors><title>Strong-Cyclic Planning when Fairness is Not a Valid Assumption.</title><venue>KnowProS@IJCAI</venue><year>2016</year><type>Conference and Workshop Papers</type><key>conf/ijcai/CamachoM16</key><ee>http://ceur-ws.org/Vol-1648/paper11.pdf</ee><url>https://dblp.org/rec/conf/ijcai/CamachoM16</url></info>
<url>URL#1855402</url>
</hit>
<hit score="1" id="1855403">
<info><authors><author pid="180/9168">Alberto Camacho</author><author pid="183/8430">Eleni Triantafillou</author><author pid="70/1862">Christian J. Muise</author><author pid="85/5866">Jorge A. Baier</author><author pid="66/3221">Sheila A. McIlraith</author></authors><title>Non-Deterministic Planning with Temporally Extended Goals - Completing the Story for Finite and Infinite LTL (Amended Version).</title><venue>KnowProS@IJCAI</venue><year>2016</year><type>Conference and Workshop Papers</type><key>conf/ijcai/CamachoTMBM16</key><ee>http://ceur-ws.org/Vol-1648/paper10.pdf</ee><url>https://dblp.org/rec/conf/ijcai/CamachoTMBM16</url></info>
<url>URL#1855403</url>
</hit>
<hit score="1" id="1855572">
<info><authors><author pid="133/1918">Leon Illanes</author><author pid="66/3221">Sheila A. McIlraith</author></authors><title>Numeric Planning via Search Space Abstraction.</title><venue>KnowProS@IJCAI</venue><year>2016</year><type>Conference and Workshop Papers</type><key>conf/ijcai/IllanesM16</key><ee>http://ceur-ws.org/Vol-1648/paper9.pdf</ee><url>https://dblp.org/rec/conf/ijcai/IllanesM16</url></info>
<url>URL#1855572</url>
</hit>
<hit score="1" id="1855611">
<info><authors><author pid="156/9662">Roxane Koitz</author><author pid="w/FranzWotawa">Franz Wotawa</author></authors><title>On Structural Properties to Improve FMEA-Based Abductive Diagnosis.</title><venue>KnowProS@IJCAI</venue><year>2016</year><type>Conference and Workshop Papers</type><key>conf/ijcai/KoitzW16</key><ee>http://ceur-ws.org/Vol-1648/paper2.pdf</ee><url>https://dblp.org/rec/conf/ijcai/KoitzW16</url></info>
<url>URL#1855611</url>
</hit>
<hit score="1" id="1855733">
<info><authors><author pid="149/1311">Brent Mombourquette</author><author pid="70/1862">Christian J. Muise</author><author pid="66/3221">Sheila A. McIlraith</author></authors><title>Belief State Estimation for Planning via Approximate Logical Filtering and Smoothing.</title><venue>KnowProS@IJCAI</venue><year>2016</year><type>Conference and Workshop Papers</type><key>conf/ijcai/MombourquetteMM16</key><ee>http://ceur-ws.org/Vol-1648/paper8.pdf</ee><url>https://dblp.org/rec/conf/ijcai/MombourquetteMM16</url></info>
<url>URL#1855733</url>
</hit>
<hit score="1" id="1855852">
<info><authors><author pid="32/6197">Mohan Sridharan</author><author pid="23/306">Michael Gelfond</author></authors><title>Using Knowledge Representation and Reasoning Tools in the Design of Robots.</title><venue>KnowProS@IJCAI</venue><year>2016</year><type>Conference and Workshop Papers</type><key>conf/ijcai/SridharanG16</key><ee>http://ceur-ws.org/Vol-1648/paper12.pdf</ee><url>https://dblp.org/rec/conf/ijcai/SridharanG16</url></info>
<url>URL#1855852</url>
</hit>
<hit score="1" id="1925426">
<info><authors><author pid="04/5344">Roman Barták</author><author pid="m/TLMcCluskey">Thomas Leo McCluskey</author><author pid="p/EnricoPontelli">Enrico Pontelli</author></authors><title>Proceedings of the Workshop on Knowledge-based Techniques for Problem Solving and Reasoning co-located with 25th International Joint Conference on Artificial Intelligence (IJCAI 2016), New York City, USA, July 10, 2016.</title><venue>KnowProS@IJCAI</venue><venue>CEUR Workshop Proceedings</venue><volume>1648</volume><publisher>CEUR-WS.org</publisher><year>2016</year><type>Editorship</type><key>conf/ijcai/2016knowpros</key><ee>http://ceur-ws.org/Vol-1648</ee><url>https://dblp.org/rec/conf/ijcai/2016knowpros</url></info>
<url>URL#1925426</url>
</hit>
</hits>
</result>
