<?xml version="1.0" encoding="UTF-8"?>
<result>
<query id="7512">:facetid:toc:db\"/\"conf\"/\"ijcai\"/\"cmna2016\".\"bht</query>
<status code="200">OK</status>
<time unit="msecs">128.91</time>
<completions total="1" computed="1" sent="1">
<c sc="11" dc="11" oc="11" id="18262910">:facetid:toc:db/conf/ijcai/cmna2016.bht</c>
</completions>
<hits total="11" computed="11" sent="11" first="0">
<hit score="1" id="1609451">
<info><authors><author pid="47/4875">Floris Bex</author><author pid="23/4422">Floriana Grasso</author><author pid="48/6123">Nancy Green</author></authors><title>Proceedings of the 16th Workshop on Computational Models of Natural Argument co-located with IJCAI 2016, New York, USA, July 9th, 2016.</title><venue>CMNA@IJCAI</venue><venue>CEUR Workshop Proceedings</venue><volume>1876</volume><publisher>CEUR-WS.org</publisher><year>2017</year><type>Editorship</type><key>conf/ijcai/2016cmna</key><ee>http://ceur-ws.org/Vol-1876</ee><url>https://dblp.org/rec/conf/ijcai/2016cmna</url></info>
<url>URL#1609451</url>
</hit>
<hit score="1" id="1855304">
<info><authors><author pid="84/4452">Mark Aakhus</author><author pid="44/70">Smaranda Muresan</author><author pid="97/1141">Nina Wacholder</author></authors><title>An Argument-Ontology for a Response-Centered Approach to Argumentation Mining.</title><venue>CMNA@IJCAI</venue><pages>40-42</pages><year>2016</year><type>Conference and Workshop Papers</type><key>conf/ijcai/AakhusMW16</key><ee>http://ceur-ws.org/Vol-1876/paper08.pdf</ee><url>https://dblp.org/rec/conf/ijcai/AakhusMW16</url></info>
<url>URL#1855304</url>
</hit>
<hit score="1" id="1855437">
<info><authors><author pid="212/4468">Shauna Concannon</author><author pid="35/5227">Patrick G. T. Healey</author><author pid="06/3180">Matthew Purver</author></authors><title>How Natural is Argument in Natural Dialogue?</title><venue>CMNA@IJCAI</venue><pages>43-48</pages><year>2016</year><type>Conference and Workshop Papers</type><key>conf/ijcai/ConcannonHP16</key><ee>http://ceur-ws.org/Vol-1876/paper09.pdf</ee><url>https://dblp.org/rec/conf/ijcai/ConcannonHP16</url></info>
<url>URL#1855437</url>
</hit>
<hit score="1" id="1855519">
<info><authors><author pid="48/6123">Nancy Green</author></authors><title>Implementing Argumentation Schemes as Logic Programs.</title><venue>CMNA@IJCAI</venue><pages>1-7</pages><year>2016</year><type>Conference and Workshop Papers</type><key>conf/ijcai/Green16</key><ee>http://ceur-ws.org/Vol-1876/cmna16-PC.pdf</ee><url>https://dblp.org/rec/conf/ijcai/Green16</url></info>
<url>URL#1855519</url>
</hit>
<hit score="1" id="1855577">
<info><authors><author pid="218/1919">Sally Jackson</author><author pid="85/9514">Jodi Schneider</author></authors><title>Argumentation Devices in Reasoning About Health.</title><venue>CMNA@IJCAI</venue><pages>49-53</pages><year>2016</year><type>Conference and Workshop Papers</type><key>conf/ijcai/JacksonS16</key><ee>http://ceur-ws.org/Vol-1876/paper10.pdf</ee><url>https://dblp.org/rec/conf/ijcai/JacksonS16</url></info>
<url>URL#1855577</url>
</hit>
<hit score="1" id="1855737">
<info><authors><author pid="263/7770">Mariela Morveli Espinoza</author><author pid="148/7259">Ayslan Trevizan Possebom</author><author pid="75/4008">Cesar A. Tacla</author></authors><title>Strength calculation of rewards.</title><venue>CMNA@IJCAI</venue><pages>8-13</pages><year>2016</year><type>Conference and Workshop Papers</type><key>conf/ijcai/Morveli-Espinoza16</key><ee>http://ceur-ws.org/Vol-1876/paper02.pdf</ee><url>https://dblp.org/rec/conf/ijcai/Morveli-Espinoza16</url></info>
<url>URL#1855737</url>
</hit>
<hit score="1" id="1855778">
<info><authors><author pid="148/7259">Ayslan Trevizan Possebom</author></authors><title>A Proposal for Consensual Decision Making using Argumentation.</title><venue>CMNA@IJCAI</venue><pages>14-15</pages><year>2016</year><type>Conference and Workshop Papers</type><key>conf/ijcai/Possebom16</key><ee>http://ceur-ws.org/Vol-1876/paper03.pdf</ee><url>https://dblp.org/rec/conf/ijcai/Possebom16</url></info>
<url>URL#1855778</url>
</hit>
<hit score="1" id="1855798">
<info><authors><author pid="223/7607">Sebastian Ruan</author><author pid="16/1836">Chrysanne Di Marco</author><author pid="67/8694">Randy Allen Harris</author></authors><title>Rhetorical Figure Annotation with XML.</title><venue>CMNA@IJCAI</venue><pages>23-33</pages><year>2016</year><type>Conference and Workshop Papers</type><key>conf/ijcai/RuanMH16</key><ee>http://ceur-ws.org/Vol-1876/paper06.pdf</ee><url>https://dblp.org/rec/conf/ijcai/RuanMH16</url></info>
<url>URL#1855798</url>
</hit>
<hit score="1" id="1855810">
<info><authors><author pid="260/9828">Aernout H. J. Schmidt</author><author pid="261/0013">Kunbei Zhang</author></authors><title>Unpacking the Mandate of Heaven Argument.</title><venue>CMNA@IJCAI</venue><pages>22-23</pages><year>2016</year><type>Conference and Workshop Papers</type><key>conf/ijcai/SchmidtZ16</key><ee>http://ceur-ws.org/Vol-1876/paper05.pdf</ee><url>https://dblp.org/rec/conf/ijcai/SchmidtZ16</url></info>
<url>URL#1855810</url>
</hit>
<hit score="1" id="1855812">
<info><authors><author pid="89/295">Robert Schrag</author><author pid="260/9783">Joan McIntyre</author><author pid="261/0141">Melonie Richey</author><author pid="52/3939">Kathryn B. Laskey</author><author pid="49/10690">Edward Wright</author><author pid="08/5803">Robert Kerr</author><author pid="83/466">Robert Johnson</author><author pid="163/5652">Bryan Ware</author><author pid="57/2541">Robert Hoffman</author></authors><title>Probabilistic Argument Maps for Intelligence Analysis - Completed Capabilities.</title><venue>CMNA@IJCAI</venue><pages>34-39</pages><year>2016</year><type>Conference and Workshop Papers</type><key>conf/ijcai/SchragMRLWKJWH16</key><ee>http://ceur-ws.org/Vol-1876/paper07.pdf</ee><url>https://dblp.org/rec/conf/ijcai/SchragMRLWKJWH16</url></info>
<url>URL#1855812</url>
</hit>
<hit score="1" id="1855813">
<info><authors><author pid="89/295">Robert Schrag</author><author pid="49/10690">Edward Wright</author><author pid="08/5803">Robert Kerr</author><author pid="83/466">Robert Johnson</author><author pid="163/5652">Bryan Ware</author><author pid="260/9783">Joan McIntyre</author><author pid="261/0141">Melonie Richey</author><author pid="52/3939">Kathryn B. Laskey</author><author pid="57/2541">Robert Hoffman</author></authors><title>Probabilistic Argument Maps for Intelligence Analysis - Capabilities Underway.</title><venue>CMNA@IJCAI</venue><pages>16-21</pages><year>2016</year><type>Conference and Workshop Papers</type><key>conf/ijcai/SchragWKJWMRLH16</key><ee>http://ceur-ws.org/Vol-1876/paper04.pdf</ee><url>https://dblp.org/rec/conf/ijcai/SchragWKJWMRLH16</url></info>
<url>URL#1855813</url>
</hit>
</hits>
</result>
