<?xml version="1.0" encoding="UTF-8"?>
<result>
<query id="7346">:facetid:toc:db\"/\"conf\"/\"ijcai\"/\"saaip2016\".\"bht</query>
<status code="200">OK</status>
<time unit="msecs">120.00</time>
<completions total="1" computed="1" sent="1">
<c sc="9" dc="9" oc="9" id="18262981">:facetid:toc:db/conf/ijcai/saaip2016.bht</c>
</completions>
<hits total="9" computed="9" sent="9" first="0">
<hit score="1" id="1855305">
<info><authors><author pid="184/2150">Harika Abburi</author><author pid="184/2248">Eswar Sai Akhil Akkireddy</author><author pid="184/2117">Suryakanth Gangashetti</author><author pid="134/6779">Radhika Mamidi</author></authors><title>Multimodal Sentiment Analysis of Telugu Songs.</title><venue>SAAIP@IJCAI</venue><pages>48-52</pages><year>2016</year><type>Conference and Workshop Papers</type><key>conf/ijcai/AbburiAGM16</key><ee>http://ceur-ws.org/Vol-1619/paper8.pdf</ee><url>https://dblp.org/rec/conf/ijcai/AbburiAGM16</url></info>
<url>URL#1855305</url>
</hit>
<hit score="1" id="1855474">
<info><authors><author pid="170/0089">Sefik Emre Eskimez</author><author pid="12/9676">Melissa Sturge-Apple</author><author pid="04/6716">Zhiyao Duan</author><author pid="h/WendiRabinerHeinzelman">Wendi B. Heinzelman</author></authors><title>WISE - Web-based Interactive Speech Emotion Classification.</title><venue>SAAIP@IJCAI</venue><pages>2-7</pages><year>2016</year><type>Conference and Workshop Papers</type><key>conf/ijcai/EskimezSDH16</key><ee>http://ceur-ws.org/Vol-1619/paper1.pdf</ee><url>https://dblp.org/rec/conf/ijcai/EskimezSDH16</url></info>
<url>URL#1855474</url>
</hit>
<hit score="1" id="1855666">
<info><authors><author pid="73/9597">Jasy Suet Yan Liew</author><author pid="97/4893">Howard R. Turtle</author></authors><title>Exposing a Set of Fine-Grained Emotion Categories from Tweets.</title><venue>SAAIP@IJCAI</venue><pages>8-14</pages><year>2016</year><type>Conference and Workshop Papers</type><key>conf/ijcai/LiewT16</key><ee>http://ceur-ws.org/Vol-1619/paper2.pdf</ee><url>https://dblp.org/rec/conf/ijcai/LiewT16</url></info>
<url>URL#1855666</url>
</hit>
<hit score="1" id="1855734">
<info><authors><author pid="173/6671">Anupam Mondal</author><author pid="184/2181">Ranjan Satapathy</author><author pid="48/3180-1">Dipankar Das 0001</author><author pid="04/2897">Sivaji Bandyopadhyay</author></authors><title>A Hybrid Approach Based Sentiment Extraction from Medical Context.</title><venue>SAAIP@IJCAI</venue><pages>35-40</pages><year>2016</year><type>Conference and Workshop Papers</type><key>conf/ijcai/MondalSDB16</key><ee>http://ceur-ws.org/Vol-1619/paper6.pdf</ee><url>https://dblp.org/rec/conf/ijcai/MondalSDB16</url></info>
<url>URL#1855734</url>
</hit>
<hit score="1" id="1855742">
<info><authors><author pid="184/2185">Sandeep Sricharan Mukku</author><author pid="157/1351">Nurendra Choudhary</author><author pid="134/6779">Radhika Mamidi</author></authors><title>Enhanced Sentiment Classification of Telugu Text using ML Techniques.</title><venue>SAAIP@IJCAI</venue><pages>29-34</pages><year>2016</year><type>Conference and Workshop Papers</type><key>conf/ijcai/MukkuCM16</key><ee>http://ceur-ws.org/Vol-1619/paper5.pdf</ee><url>https://dblp.org/rec/conf/ijcai/MukkuCM16</url></info>
<url>URL#1855742</url>
</hit>
<hit score="1" id="1855802">
<info><authors><author pid="17/3493">Rafal Rzepka</author><author pid="12/7269">Kohei Matsumoto</author><author pid="02/2443">Kenji Araki</author></authors><title>Praiseworthy Acts Recognition Using Web-based Knowledge and Semantic Categories.</title><venue>SAAIP@IJCAI</venue><pages>41-47</pages><year>2016</year><type>Conference and Workshop Papers</type><key>conf/ijcai/RzepkaMA16</key><ee>http://ceur-ws.org/Vol-1619/paper7.pdf</ee><url>https://dblp.org/rec/conf/ijcai/RzepkaMA16</url></info>
<url>URL#1855802</url>
</hit>
<hit score="1" id="1855879">
<info><authors><author pid="184/2249">Edward P. Tighe</author><author pid="184/2126">Jennifer C. Ureta</author><author pid="184/2220">Bernard Andrei L. Pollo</author><author pid="97/8063">Charibeth K. Cheng</author><author pid="04/6954">Remedios de Dios Bulos</author></authors><title>Personality Trait Classification of Essays with the Application of Feature Reduction.</title><venue>SAAIP@IJCAI</venue><pages>22-28</pages><year>2016</year><type>Conference and Workshop Papers</type><key>conf/ijcai/TigheUPCB16</key><ee>http://ceur-ws.org/Vol-1619/paper4.pdf</ee><url>https://dblp.org/rec/conf/ijcai/TigheUPCB16</url></info>
<url>URL#1855879</url>
</hit>
<hit score="1" id="1855912">
<info><authors><author pid="72/6811-34">Bo Wang 0034</author><author pid="65/6264">Maria Liakata</author><author pid="34/7374">Arkaitz Zubiaga</author><author pid="67/6530">Rob Procter</author><author pid="57/5550">Eric Jensen</author></authors><title>SMILES - Twitter Emotion Classification using Domain.</title><venue>SAAIP@IJCAI</venue><pages>15-21</pages><year>2016</year><type>Conference and Workshop Papers</type><key>conf/ijcai/WangLZPJ16</key><ee>http://ceur-ws.org/Vol-1619/paper3.pdf</ee><url>https://dblp.org/rec/conf/ijcai/WangLZPJ16</url></info>
<url>URL#1855912</url>
</hit>
<hit score="1" id="1925427">
<info><authors><author pid="04/2897">Sivaji Bandyopadhyay</author><author pid="48/3180-1">Dipankar Das 0001</author><author pid="80/7421">Erik Cambria</author><author pid="127/0064">Braja Gopal Patra</author></authors><title>Proceedings of the 4th Workshop on Sentiment Analysis where AI meets Psychology (SAAIP 2016) co-located with 25th International Joint Conference on Artificial Intelligence (IJCAI 2016), New York City, USA, July 10, 2016.</title><venue>SAAIP@IJCAI</venue><venue>CEUR Workshop Proceedings</venue><volume>1619</volume><publisher>CEUR-WS.org</publisher><year>2016</year><type>Editorship</type><key>conf/ijcai/2016saaip</key><ee>http://ceur-ws.org/Vol-1619</ee><url>https://dblp.org/rec/conf/ijcai/2016saaip</url></info>
<url>URL#1925427</url>
</hit>
</hits>
</result>
