<?xml version="1.0" encoding="UTF-8"?>
<result>
<query id="7860">:facetid:toc:db\"/\"conf\"/\"ijcai\"/\"ai4km2017\".\"bht</query>
<status code="200">OK</status>
<time unit="msecs">130.23</time>
<completions total="1" computed="1" sent="1">
<c sc="11" dc="11" oc="11" id="18262886">:facetid:toc:db/conf/ijcai/ai4km2017.bht</c>
</completions>
<hits total="11" computed="11" sent="11" first="0">
<hit score="1" id="890758">
<info><authors><author pid="10/4546">Eunika Mercier-Laurent</author><author pid="08/4570">Danielle Boulanger</author></authors><title>Artificial Intelligence for Knowledge Management - 5th IFIP WG 12.6 International Workshop, AI4KM 2017, Held at IJCAI 2017, Melbourne, VIC, Australia, August 20, 2017, Revised Selected Papers</title><venue>AI4KM@IJCAI</venue><venue>IFIP Advances in Information and Communication Technology</venue><volume>571</volume><publisher>Springer</publisher><year>2019</year><type>Editorship</type><key>conf/ijcai/2017ai4km</key><doi>10.1007/978-3-030-29904-0</doi><ee>https://doi.org/10.1007/978-3-030-29904-0</ee><url>https://dblp.org/rec/conf/ijcai/2017ai4km</url></info>
<url>URL#890758</url>
</hit>
<hit score="1" id="1539712">
<info><authors><author pid="246/2788">Imane El Amrani</author><author pid="234/5079">Abdelmjid Saka</author><author pid="239/2536">Nada Matta</author><author pid="246/2750">Taoufik Ouazzani Chahdi</author></authors><title>Modeling the Craftsmen Know-How - A Case Study Using MASK Methodology.</title><venue>AI4KM@IJCAI</venue><pages>66-83</pages><year>2017</year><type>Conference and Workshop Papers</type><key>conf/ijcai/AmraniSMC17</key><doi>10.1007/978-3-030-29904-0_6</doi><ee>https://doi.org/10.1007/978-3-030-29904-0_6</ee><url>https://dblp.org/rec/conf/ijcai/AmraniSMC17</url></info>
<url>URL#1539712</url>
</hit>
<hit score="1" id="1539840">
<info><authors><author pid="219/7150">Kévin Deturck</author><author pid="127/1485">Namrata Patel</author><author pid="33/10487">Pierre-Alain Avouac</author><author pid="14/5924">Cédric Lopez</author><author pid="87/8156">Damien Nouvel</author><author pid="60/1904">Ioannis Partalas</author><author pid="24/4792">Frédérique Segond</author></authors><title>Detecting Influencial Users in Social Networks - Analysing Graph-Based and Linguistic Perspectives.</title><venue>AI4KM@IJCAI</venue><pages>113-131</pages><year>2017</year><type>Conference and Workshop Papers</type><key>conf/ijcai/DeturckPALNPS17</key><doi>10.1007/978-3-030-29904-0_9</doi><ee>https://doi.org/10.1007/978-3-030-29904-0_9</ee><url>https://dblp.org/rec/conf/ijcai/DeturckPALNPS17</url></info>
<url>URL#1539840</url>
</hit>
<hit score="1" id="1539844">
<info><authors><author pid="158/3139">Piotr Domagala</author></authors><title>The Role of Knowledge Management in IT Projects.</title><venue>AI4KM@IJCAI</venue><pages>40-51</pages><year>2017</year><type>Conference and Workshop Papers</type><key>conf/ijcai/Domagala17</key><doi>10.1007/978-3-030-29904-0_4</doi><ee>https://doi.org/10.1007/978-3-030-29904-0_4</ee><url>https://dblp.org/rec/conf/ijcai/Domagala17</url></info>
<url>URL#1539844</url>
</hit>
<hit score="1" id="1539952">
<info><authors><author pid="251/7582">Katarzyna Holowinska</author></authors><title>Selected Knowledge Management Aspects in Modern Education.</title><venue>AI4KM@IJCAI</venue><pages>29-39</pages><year>2017</year><type>Conference and Workshop Papers</type><key>conf/ijcai/Holowinska17</key><doi>10.1007/978-3-030-29904-0_3</doi><ee>https://doi.org/10.1007/978-3-030-29904-0_3</ee><url>https://dblp.org/rec/conf/ijcai/Holowinska17</url></info>
<url>URL#1539952</url>
</hit>
<hit score="1" id="1540142">
<info><authors><author pid="239/2536">Nada Matta</author><author pid="136/9473">Tatiana Reyes</author><author pid="196/5072">Florian Bratec</author></authors><title>Knowledge Extracting from Eco-Design Activity.</title><venue>AI4KM@IJCAI</venue><pages>84-98</pages><year>2017</year><type>Conference and Workshop Papers</type><key>conf/ijcai/MattaRB17</key><doi>10.1007/978-3-030-29904-0_7</doi><ee>https://doi.org/10.1007/978-3-030-29904-0_7</ee><url>https://dblp.org/rec/conf/ijcai/MattaRB17</url></info>
<url>URL#1540142</url>
</hit>
<hit score="1" id="1540197">
<info><authors><author pid="29/1114">Mieczyslaw L. Owoc</author><author pid="120/3011">Pawel Weichbroth</author></authors><title>Dynamical Aspects of Knowledge Evolution - Tracking Changes in Knowledge Bases.</title><venue>AI4KM@IJCAI</venue><pages>52-65</pages><year>2017</year><type>Conference and Workshop Papers</type><key>conf/ijcai/OwocW17</key><doi>10.1007/978-3-030-29904-0_5</doi><ee>https://doi.org/10.1007/978-3-030-29904-0_5</ee><url>https://dblp.org/rec/conf/ijcai/OwocW17</url></info>
<url>URL#1540197</url>
</hit>
<hit score="1" id="1540217">
<info><authors><author pid="138/3862">Maciej Pondel</author><author pid="183/9844">Jolanta Pondel</author></authors><title>Selected It Tools in Enterprise Knowledge Management Processes - Overview and Efficiency Study.</title><venue>AI4KM@IJCAI</venue><pages>12-28</pages><year>2017</year><type>Conference and Workshop Papers</type><key>conf/ijcai/PondelP17</key><doi>10.1007/978-3-030-29904-0_2</doi><ee>https://doi.org/10.1007/978-3-030-29904-0_2</ee><url>https://dblp.org/rec/conf/ijcai/PondelP17</url></info>
<url>URL#1540217</url>
</hit>
<hit score="1" id="1540222">
<info><authors><author pid="198/5288">Lukasz Przysucha</author></authors><title>Knowledge Management in Corporations - Synergy Between People and Technology. Barriers and Benefits of Implementation.</title><venue>AI4KM@IJCAI</venue><pages>1-11</pages><year>2017</year><type>Conference and Workshop Papers</type><key>conf/ijcai/Przysucha17</key><doi>10.1007/978-3-030-29904-0_1</doi><ee>https://doi.org/10.1007/978-3-030-29904-0_1</ee><url>https://dblp.org/rec/conf/ijcai/Przysucha17</url></info>
<url>URL#1540222</url>
</hit>
<hit score="1" id="1540336">
<info><authors><author pid="227/0696">Sammy Teffali</author><author pid="239/2536">Nada Matta</author><author pid="92/9440">Eric Châtelet</author></authors><title>Representing Stress Impact in Crisis Management.</title><venue>AI4KM@IJCAI</venue><pages>99-112</pages><year>2017</year><type>Conference and Workshop Papers</type><key>conf/ijcai/TeffaliMC17</key><doi>10.1007/978-3-030-29904-0_8</doi><ee>https://doi.org/10.1007/978-3-030-29904-0_8</ee><url>https://dblp.org/rec/conf/ijcai/TeffaliMC17</url></info>
<url>URL#1540336</url>
</hit>
<hit score="1" id="1540352">
<info><authors><author pid="251/7573">Dominique Patrick Verdejo</author><author pid="10/4546">Eunika Mercier-Laurent</author></authors><title>Video Intelligence as a Component of a Global Security System.</title><venue>AI4KM@IJCAI</venue><pages>132-145</pages><year>2017</year><type>Conference and Workshop Papers</type><key>conf/ijcai/VerdejoM17</key><doi>10.1007/978-3-030-29904-0_10</doi><ee>https://doi.org/10.1007/978-3-030-29904-0_10</ee><url>https://dblp.org/rec/conf/ijcai/VerdejoM17</url></info>
<url>URL#1540352</url>
</hit>
</hits>
</result>
