<?xml version="1.0" encoding="UTF-8"?>
<result>
<query id="7684">:facetid:toc:db\"/\"conf\"/\"ijcai\"/\"cgw2017\".\"bht</query>
<status code="200">OK</status>
<time unit="msecs">118.33</time>
<completions total="1" computed="1" sent="1">
<c sc="13" dc="13" oc="13" id="18262908">:facetid:toc:db/conf/ijcai/cgw2017.bht</c>
</completions>
<hits total="13" computed="13" sent="13" first="0">
<hit score="1" id="1267066">
<info><authors><author pid="c/TristanCazenave">Tristan Cazenave</author><author pid="32/436">Mark H. M. Winands</author><author pid="99/7599">Abdallah Saffidine</author></authors><title>Computer Games - 6th Workshop, CGW 2017, Held in Conjunction with the 26th International Conference on Artificial Intelligence, IJCAI 2017, Melbourne, VIC, Australia, August, 20, 2017, Revised Selected Papers</title><venue>CGW@IJCAI</venue><venue>Communications in Computer and Information Science</venue><volume>818</volume><publisher>Springer</publisher><year>2018</year><type>Editorship</type><key>conf/ijcai/2017cgw</key><doi>10.1007/978-3-319-75931-9</doi><ee>https://doi.org/10.1007/978-3-319-75931-9</ee><url>https://dblp.org/rec/conf/ijcai/2017cgw</url></info>
<url>URL#1267066</url>
</hit>
<hit score="1" id="1539691">
<info><authors><author pid="200/8026">Robert Adamski</author><author pid="200/8038">Tomasz Grel</author><author pid="200/8206">Maciej Klimek</author><author pid="60/4402">Henryk Michalewski</author></authors><title>Atari Games and Intel Processors.</title><venue>CGW@IJCAI</venue><pages>1-18</pages><year>2017</year><type>Conference and Workshop Papers</type><key>conf/ijcai/AdamskiGKM17</key><doi>10.1007/978-3-319-75931-9_1</doi><ee>https://doi.org/10.1007/978-3-319-75931-9_1</ee><url>https://dblp.org/rec/conf/ijcai/AdamskiGKM17</url></info>
<url>URL#1539691</url>
</hit>
<hit score="1" id="1539784">
<info><authors><author pid="c/TristanCazenave">Tristan Cazenave</author><author pid="19/4703">Eustache Diemert</author></authors><title>Memorizing the Playout Policy.</title><venue>CGW@IJCAI</venue><pages>96-107</pages><year>2017</year><type>Conference and Workshop Papers</type><key>conf/ijcai/CazenaveD17</key><doi>10.1007/978-3-319-75931-9_7</doi><ee>https://doi.org/10.1007/978-3-319-75931-9_7</ee><url>https://dblp.org/rec/conf/ijcai/CazenaveD17</url></info>
<url>URL#1539784</url>
</hit>
<hit score="1" id="1539792">
<info><authors><author pid="46/7868">Hung-Jui Chang</author><author pid="170/5319">Gang-Yu Fan</author><author pid="98/755">Jr-Chang Chen</author><author pid="63/3302">Chih-Wen Hsueh</author><author pid="19/2124">Tsan-sheng Hsu</author></authors><title>Validating and Fine-Tuning of Game Evaluation Functions Using Endgame Databases.</title><venue>CGW@IJCAI</venue><pages>137-150</pages><year>2017</year><type>Conference and Workshop Papers</type><key>conf/ijcai/ChangFCHH17</key><doi>10.1007/978-3-319-75931-9_10</doi><ee>https://doi.org/10.1007/978-3-319-75931-9_10</ee><url>https://dblp.org/rec/conf/ijcai/ChangFCHH17</url></info>
<url>URL#1539792</url>
</hit>
<hit score="1" id="1539997">
<info><authors><author pid="169/3452">Hirotaka Kameko</author><author pid="78/6923">Jun Suzuki</author><author pid="126/6438">Naoki Mizukami</author><author pid="18/3787">Yoshimasa Tsuruoka</author></authors><title>Deep Reinforcement Learning with Hidden Layers on Future States.</title><venue>CGW@IJCAI</venue><pages>46-60</pages><year>2017</year><type>Conference and Workshop Papers</type><key>conf/ijcai/KamekoSMT17</key><doi>10.1007/978-3-319-75931-9_4</doi><ee>https://doi.org/10.1007/978-3-319-75931-9_4</ee><url>https://dblp.org/rec/conf/ijcai/KamekoSMT17</url></info>
<url>URL#1539997</url>
</hit>
<hit score="1" id="1540001">
<info><authors><author pid="214/3505">Keigo Kawamura</author><author pid="126/6438">Naoki Mizukami</author><author pid="18/3787">Yoshimasa Tsuruoka</author></authors><title>Neural Fictitious Self-Play in Imperfect Information Games with Many Players.</title><venue>CGW@IJCAI</venue><pages>61-74</pages><year>2017</year><type>Conference and Workshop Papers</type><key>conf/ijcai/KawamuraMT17</key><doi>10.1007/978-3-319-75931-9_5</doi><ee>https://doi.org/10.1007/978-3-319-75931-9_5</ee><url>https://dblp.org/rec/conf/ijcai/KawamuraMT17</url></info>
<url>URL#1540001</url>
</hit>
<hit score="1" id="1540154">
<info><authors><author pid="182/9923">Alexandre Menif</author><author pid="06/2016">Christophe Guettier</author><author pid="62/7540">Eric Jacopin</author><author pid="c/TristanCazenave">Tristan Cazenave</author></authors><title>Applying Anytime Heuristic Search to Cost-Optimal HTN Planning.</title><venue>CGW@IJCAI</venue><pages>151-171</pages><year>2017</year><type>Conference and Workshop Papers</type><key>conf/ijcai/MenifGJC17</key><doi>10.1007/978-3-319-75931-9_11</doi><ee>https://doi.org/10.1007/978-3-319-75931-9_11</ee><url>https://dblp.org/rec/conf/ijcai/MenifGJC17</url></info>
<url>URL#1540154</url>
</hit>
<hit score="1" id="1540176">
<info><authors><author pid="11/7832">Benjamin Négrevergne</author><author pid="c/TristanCazenave">Tristan Cazenave</author></authors><title>Distributed Nested Rollout Policy for SameGame.</title><venue>CGW@IJCAI</venue><pages>108-120</pages><year>2017</year><type>Conference and Workshop Papers</type><key>conf/ijcai/NegrevergneC17</key><doi>10.1007/978-3-319-75931-9_8</doi><ee>https://doi.org/10.1007/978-3-319-75931-9_8</ee><url>https://dblp.org/rec/conf/ijcai/NegrevergneC17</url></info>
<url>URL#1540176</url>
</hit>
<hit score="1" id="1540247">
<info><authors><author pid="22/2545">Thomas Philip Runarsson</author></authors><title>Deep Preference Neural Network for Move Prediction in Board Games.</title><venue>CGW@IJCAI</venue><pages>34-45</pages><year>2017</year><type>Conference and Workshop Papers</type><key>conf/ijcai/Runarsson17</key><doi>10.1007/978-3-319-75931-9_3</doi><ee>https://doi.org/10.1007/978-3-319-75931-9_3</ee><url>https://dblp.org/rec/conf/ijcai/Runarsson17</url></info>
<url>URL#1540247</url>
</hit>
<hit score="1" id="1540286">
<info><authors><author pid="195/6142">Chiara F. Sironi</author><author pid="32/436">Mark H. M. Winands</author></authors><title>On-Line Parameter Tuning for Monte-Carlo Tree Search in General Game Playing.</title><venue>CGW@IJCAI</venue><pages>75-95</pages><year>2017</year><type>Conference and Workshop Papers</type><key>conf/ijcai/SironiW17</key><doi>10.1007/978-3-319-75931-9_6</doi><ee>https://doi.org/10.1007/978-3-319-75931-9_6</ee><url>https://dblp.org/rec/conf/ijcai/SironiW17</url></info>
<url>URL#1540286</url>
</hit>
<hit score="1" id="1540307">
<info><authors><author pid="18/991">Nathan R. Sturtevant</author><author pid="99/7599">Abdallah Saffidine</author></authors><title>A Study of Forward Versus Backwards Endgame Solvers with Results in Chinese Checkers.</title><venue>CGW@IJCAI</venue><pages>121-136</pages><year>2017</year><type>Conference and Workshop Papers</type><key>conf/ijcai/SturtevantS17</key><doi>10.1007/978-3-319-75931-9_9</doi><ee>https://doi.org/10.1007/978-3-319-75931-9_9</ee><url>https://dblp.org/rec/conf/ijcai/SturtevantS17</url></info>
<url>URL#1540307</url>
</hit>
<hit score="1" id="1540320">
<info><authors><author pid="173/5743">Kei Takada</author><author pid="44/6409">Hiroyuki Iizuka</author><author pid="84/3643">Masahito Yamamoto</author></authors><title>Computer Hex Algorithm Using a Move Evaluation Method Based on a Convolutional Neural Network.</title><venue>CGW@IJCAI</venue><pages>19-33</pages><year>2017</year><type>Conference and Workshop Papers</type><key>conf/ijcai/TakadaIY17</key><doi>10.1007/978-3-319-75931-9_2</doi><ee>https://doi.org/10.1007/978-3-319-75931-9_2</ee><url>https://dblp.org/rec/conf/ijcai/TakadaIY17</url></info>
<url>URL#1540320</url>
</hit>
<hit score="1" id="1540545">
<info><authors><author pid="z/IngridZukerman">Ingrid Zukerman</author><author pid="173/6406">Andisheh Partovi</author><author pid="128/0235">Kai Zhan</author><author pid="214/3510">Nora Hamacher</author><author pid="08/8700">Julie C. Stout</author><author pid="07/8462">Masud Moshtaghi</author></authors><title>A Game for Eliciting Trust Between People and Devices Under Diverse Performance Conditions.</title><venue>CGW@IJCAI</venue><pages>172-190</pages><year>2017</year><type>Conference and Workshop Papers</type><key>conf/ijcai/ZukermanPZHSM17</key><doi>10.1007/978-3-319-75931-9_12</doi><ee>https://doi.org/10.1007/978-3-319-75931-9_12</ee><url>https://dblp.org/rec/conf/ijcai/ZukermanPZHSM17</url></info>
<url>URL#1540545</url>
</hit>
</hits>
</result>
