<?xml version="1.0" encoding="UTF-8"?>
<result>
<query id="7625">:facetid:toc:db\"/\"conf\"/\"ijcai\"/\"socinf2017\".\"bht</query>
<status code="200">OK</status>
<time unit="msecs">123.42</time>
<completions total="1" computed="1" sent="1">
<c sc="7" dc="7" oc="7" id="18262985">:facetid:toc:db/conf/ijcai/socinf2017.bht</c>
</completions>
<hits total="7" computed="7" sent="7" first="0">
<hit score="1" id="1539679">
<info><authors><author pid="06/1681-1">Sebastian Stein 0001</author><author pid="55/11514">Soheil Eshghi</author><author pid="30/10806">Setareh Maghsudi</author><author pid="03/3843">Leandros Tassiulas</author><author pid="33/3184">Rachel K. E. Bellamy</author><author pid="j/NicholasRJennings">Nicholas R. Jennings</author></authors><title>Heuristic Algorithms for Influence Maximization in Partially Observable Social Networks.</title><venue>SocInf@IJCAI</venue><pages>20-32</pages><year>2017</year><type>Conference and Workshop Papers</type><key>conf/ijcai/0001EMTBJ17</key><ee>http://ceur-ws.org/Vol-1893/Paper3.pdf</ee><url>https://dblp.org/rec/conf/ijcai/0001EMTBJ17</url></info>
<url>URL#1539679</url>
</hit>
<hit score="1" id="1539706">
<info><authors><author pid="57/572">Teresa Alsinet</author><author pid="37/2912">Josep Argelich</author><author pid="31/267">Ramón Béjar</author><author pid="15/2411">Jordi Planes</author><author pid="204/2725">Joel Cemeli</author><author pid="204/2663">Cristian Sanahuja</author></authors><title>A Distributed Approach for the Analysis of Discussions in Twitter.</title><venue>SocInf@IJCAI</venue><pages>45-56</pages><year>2017</year><type>Conference and Workshop Papers</type><key>conf/ijcai/AlsinetABPCS17</key><ee>http://ceur-ws.org/Vol-1893/Paper5.pdf</ee><url>https://dblp.org/rec/conf/ijcai/AlsinetABPCS17</url></info>
<url>URL#1539706</url>
</hit>
<hit score="1" id="1540236">
<info><authors><author pid="65/5905">Da Qi Ren</author><author pid="204/2902">Jianhuan Wen</author><author pid="180/6222">Zhenya Li</author></authors><title>A Preliminary Approach for Modeling the Energy Efficiency for K-Means Clustering Applications in Data Centers.</title><venue>SocInf@IJCAI</venue><pages>57-70</pages><year>2017</year><type>Conference and Workshop Papers</type><key>conf/ijcai/RenWL17</key><ee>http://ceur-ws.org/Vol-1893/Paper6.pdf</ee><url>https://dblp.org/rec/conf/ijcai/RenWL17</url></info>
<url>URL#1540236</url>
</hit>
<hit score="1" id="1540374">
<info><authors><author pid="41/3241">Yuan Wang</author><author pid="191/6097">Hangyu Mao</author><author pid="39/3878">Zhen Xiao</author></authors><title>Identifying Influential Users&apos; Professions via the Microblogs They Forward.</title><venue>SocInf@IJCAI</venue><pages>33-44</pages><year>2017</year><type>Conference and Workshop Papers</type><key>conf/ijcai/WangMX17</key><ee>http://ceur-ws.org/Vol-1893/Paper4.pdf</ee><url>https://dblp.org/rec/conf/ijcai/WangMX17</url></info>
<url>URL#1540374</url>
</hit>
<hit score="1" id="1540400">
<info><authors><author pid="164/1648">Bryan Wilder</author><author pid="43/3631">Nicole Immorlica</author><author pid="32/3768">Eric Rice</author><author pid="67/2667">Milind Tambe</author></authors><title>Influence Maximization with an Unknown Network by Exploiting Community Structure.</title><venue>SocInf@IJCAI</venue><pages>2-7</pages><year>2017</year><type>Conference and Workshop Papers</type><key>conf/ijcai/WilderIRT17</key><ee>http://ceur-ws.org/Vol-1893/Paper1.pdf</ee><url>https://dblp.org/rec/conf/ijcai/WilderIRT17</url></info>
<url>URL#1540400</url>
</hit>
<hit score="1" id="1540446">
<info><authors><author pid="121/3511">Amulya Yadav</author><author pid="190/8655">Aida Rahmattalabi</author><author pid="36/3834">Ece Kamar</author><author pid="08/3904">Phebe Vayanos</author><author pid="67/2667">Milind Tambe</author><author pid="198/1185">Venil Loyd Noronha</author></authors><title>Explanation Systems for Influence Maximization Algorithms.</title><venue>SocInf@IJCAI</venue><pages>8-19</pages><year>2017</year><type>Conference and Workshop Papers</type><key>conf/ijcai/YadavRKVTN17</key><ee>http://ceur-ws.org/Vol-1893/Paper2.pdf</ee><url>https://dblp.org/rec/conf/ijcai/YadavRKVTN17</url></info>
<url>URL#1540446</url>
</hit>
<hit score="1" id="1609460">
<info><authors><author pid="88/301">Marcelo Gabriel Armentano</author><author pid="t/JieTang">Jie Tang 0001</author><author pid="58/9344">Virginia Yannibelli</author></authors><title>Proceedings of the 3rd International Workshop on Social Influence Analysis co-located with 26th International Joint Conference on Artificial Intelligence (IJCAI 2017), Melbourne, Australia, August 19, 2017.</title><venue>SocInf@IJCAI</venue><venue>CEUR Workshop Proceedings</venue><volume>1893</volume><publisher>CEUR-WS.org</publisher><year>2017</year><type>Editorship</type><key>conf/ijcai/2017socinf</key><ee>http://ceur-ws.org/Vol-1893</ee><url>https://dblp.org/rec/conf/ijcai/2017socinf</url></info>
<url>URL#1609460</url>
</hit>
</hits>
</result>
