<?xml version="1.0" encoding="UTF-8"?>
<result>
<query id="7657">:facetid:toc:db\"/\"conf\"/\"ijcai\"/\"cea2017\".\"bht</query>
<status code="200">OK</status>
<time unit="msecs">115.43</time>
<completions total="1" computed="1" sent="1">
<c sc="11" dc="11" oc="11" id="18262904">:facetid:toc:db/conf/ijcai/cea2017.bht</c>
</completions>
<hits total="11" computed="11" sent="11" first="0">
<hit score="1" id="1539943">
<info><authors><author pid="89/6733">Atsushi Hashimoto</author><author pid="205/9059">Takumi Fujino</author><author pid="127/0284">Jun Harashima</author><author pid="51/4235">Masaaki Iiyama</author><author pid="61/6698">Michihiko Minoh</author></authors><title>Learning Food Appearance by a Supervision with Recipe Text.</title><venue>CEA@IJCAI</venue><pages>39-44</pages><year>2017</year><type>Conference and Workshop Papers</type><key>conf/ijcai/HashimotoFHIM17</key><doi>10.1145/3106668.3106675</doi><ee>https://doi.org/10.1145/3106668.3106675</ee><url>https://dblp.org/rec/conf/ijcai/HashimotoFHIM17</url></info>
<url>URL#1539943</url>
</hit>
<hit score="1" id="1540010">
<info><authors><author pid="198/8694">Yohei Kikuta</author><author pid="204/0162">Yuichiro Someya</author><author pid="25/1962">Leszek Rybicki</author></authors><title>Approaches to Food/Non-food Image Classification Using Deep Learning in Cookpad.</title><venue>CEA@IJCAI</venue><pages>35-38</pages><year>2017</year><type>Conference and Workshop Papers</type><key>conf/ijcai/KikutaSR17</key><doi>10.1145/3106668.3106677</doi><ee>https://doi.org/10.1145/3106668.3106677</ee><url>https://dblp.org/rec/conf/ijcai/KikutaSR17</url></info>
<url>URL#1540010</url>
</hit>
<hit score="1" id="1540028">
<info><authors><author pid="205/9058">Kazuma Kusu</author><author pid="205/9067">Nozomi Makino</author><author pid="165/6446">Takamitsu Shioi</author><author pid="99/5612">Kenji Hatano</author></authors><title>Calculating Cooking Recipe&apos;s Difficulty based on Cooking Activities.</title><venue>CEA@IJCAI</venue><pages>19-24</pages><year>2017</year><type>Conference and Workshop Papers</type><key>conf/ijcai/KusuMSH17</key><doi>10.1145/3106668.3106673</doi><ee>https://doi.org/10.1145/3106668.3106673</ee><url>https://dblp.org/rec/conf/ijcai/KusuMSH17</url></info>
<url>URL#1540028</url>
</hit>
<hit score="1" id="1540187">
<info><authors><author pid="205/9060">Kensuke Nobumoto</author><author pid="205/9062">Daiju Kato</author><author pid="162/3309">Masaki Endo</author><author pid="64/10884">Masaharu Hirota</author><author pid="71/4152-4">Hiroshi Ishikawa 0004</author></authors><title>Multilingualization of Restaurant Menu by Analogical Description.</title><venue>CEA@IJCAI</venue><pages>13-18</pages><year>2017</year><type>Conference and Workshop Papers</type><key>conf/ijcai/NobumotoKEH017</key><doi>10.1145/3106668.3106671</doi><ee>https://doi.org/10.1145/3106668.3106671</ee><url>https://dblp.org/rec/conf/ijcai/NobumotoKEH017</url></info>
<url>URL#1540187</url>
</hit>
<hit score="1" id="1540190">
<info><authors><author pid="205/9064">Masaki Oguni</author><author pid="37/5295">Yohei Seki</author><author pid="205/9061">Risako Shimada</author><author pid="80/1047">Yu Hirate</author></authors><title>Method for Detecting Near-duplicate Recipe Creators Based on Cooking Instructions and Food Images.</title><venue>CEA@IJCAI</venue><pages>49-54</pages><year>2017</year><type>Conference and Workshop Papers</type><key>conf/ijcai/OguniSSH17</key><doi>10.1145/3106668.3106676</doi><ee>https://doi.org/10.1145/3106668.3106676</ee><url>https://dblp.org/rec/conf/ijcai/OguniSSH17</url></info>
<url>URL#1540190</url>
</hit>
<hit score="1" id="1540279">
<info><authors><author pid="44/6889">Yasuyuki Shirai</author><author pid="38/7027">Wataru Kobayashi</author><author pid="205/9063">Kazuki Takei</author><author pid="205/9065">Kengo Yoshizawa</author><author pid="99/366">Naoki Sato</author></authors><title>Discovering New Creative Mixtures of Cooking Ingredients.</title><venue>CEA@IJCAI</venue><pages>31-34</pages><year>2017</year><type>Conference and Workshop Papers</type><key>conf/ijcai/ShiraiKTYS17</key><doi>10.1145/3106668.3106678</doi><ee>https://doi.org/10.1145/3106668.3106678</ee><url>https://dblp.org/rec/conf/ijcai/ShiraiKTYS17</url></info>
<url>URL#1540279</url>
</hit>
<hit score="1" id="1540321">
<info><authors><author pid="38/7083">Kazuma Takahashi</author><author pid="44/9004">Keisuke Doman</author><author pid="99/8066">Yasutomo Kawanishi</author><author pid="94/4172">Takatsugu Hirayama</author><author pid="33/339">Ichiro Ide</author><author pid="00/2175">Daisuke Deguchi</author><author pid="92/4484">Hiroshi Murase</author></authors><title>Estimation of the Attractiveness of Food Photography Focusing on Main Ingredients.</title><venue>CEA@IJCAI</venue><pages>1-6</pages><year>2017</year><type>Conference and Workshop Papers</type><key>conf/ijcai/TakahashiDKHIDM17</key><doi>10.1145/3106668.3106670</doi><ee>https://doi.org/10.1145/3106668.3106670</ee><url>https://dblp.org/rec/conf/ijcai/TakahashiDKHIDM17</url></info>
<url>URL#1540321</url>
</hit>
<hit score="1" id="1540346">
<info><authors><author pid="205/9066">Akihiro Tsubakida</author><author pid="151/0359">Sosuke Amano</author><author pid="71/5426">Kiyoharu Aizawa</author><author pid="08/6424">Makoto Ogawa</author></authors><title>Prediction of Individual Eating Habits Using Short-Term Food Recording.</title><venue>CEA@IJCAI</venue><pages>45-48</pages><year>2017</year><type>Conference and Workshop Papers</type><key>conf/ijcai/TsubakidaAAO17</key><doi>10.1145/3106668.3106679</doi><ee>https://doi.org/10.1145/3106668.3106679</ee><url>https://dblp.org/rec/conf/ijcai/TsubakidaAAO17</url></info>
<url>URL#1540346</url>
</hit>
<hit score="1" id="1540450">
<info><authors><author pid="07/3918">Yoko Yamakata</author><author pid="c/JohnACarroll">John A. Carroll</author><author pid="44/6826">Shinsuke Mori</author></authors><title>A Comparison of Cooking Recipe Named Entities between Japanese and English.</title><venue>CEA@IJCAI</venue><pages>7-12</pages><year>2017</year><type>Conference and Workshop Papers</type><key>conf/ijcai/YamakataCM17</key><doi>10.1145/3106668.3106672</doi><ee>https://doi.org/10.1145/3106668.3106672</ee><url>https://dblp.org/rec/conf/ijcai/YamakataCM17</url></info>
<url>URL#1540450</url>
</hit>
<hit score="1" id="1540467">
<info><authors><author pid="98/1282">Michiko Yasukawa</author><author pid="98/1631">Falk Scholer</author></authors><title>Concurrence of Word Concepts in Cooking Recipe Search.</title><venue>CEA@IJCAI</venue><pages>25-30</pages><year>2017</year><type>Conference and Workshop Papers</type><key>conf/ijcai/YasukawaS17</key><doi>10.1145/3106668.3106674</doi><ee>https://doi.org/10.1145/3106668.3106674</ee><url>https://dblp.org/rec/conf/ijcai/YasukawaS17</url></info>
<url>URL#1540467</url>
</hit>
<hit score="1" id="1609455">
<info><authors><author pid="33/339">Ichiro Ide</author><author pid="07/3918">Yoko Yamakata</author></authors><title>Proceedings of the 9th Workshop on Multimedia for Cooking and Eating Activities in conjunction with The 2017 International Joint Conference on Artificial Intelligence, Melbourne, Australia, August 20 - 20, 2017</title><venue>CEA@IJCAI</venue><publisher>ACM</publisher><year>2017</year><type>Editorship</type><key>conf/ijcai/2017cea</key><doi>10.1145/3106668</doi><ee>https://doi.org/10.1145/3106668</ee><url>https://dblp.org/rec/conf/ijcai/2017cea</url></info>
<url>URL#1609455</url>
</hit>
</hits>
</result>
