<?xml version="1.0" encoding="UTF-8"?>
<result>
<query id="7835">:facetid:toc:db\"/\"conf\"/\"ijcai\"/\"caid2017\".\"bht</query>
<status code="200">OK</status>
<time unit="msecs">122.06</time>
<completions total="1" computed="1" sent="1">
<c sc="9" dc="9" oc="9" id="18262903">:facetid:toc:db/conf/ijcai/caid2017.bht</c>
</completions>
<hits total="9" computed="9" sent="9" first="0">
<hit score="1" id="1267065">
<info><authors><author pid="38/6829">Mehul Bhatt</author><author pid="90/10106">Antonio Lieto</author></authors><title>Proceedings of the 1st International Workshop on Cognition and Artificial Intelligence for Human-Centred Design 2017 co-located with IJCAI 2017, Melbourne, Australia, August 19, 2017.</title><venue>CAID@IJCAI</venue><venue>CEUR Workshop Proceedings</venue><volume>2099</volume><publisher>CEUR-WS.org</publisher><year>2018</year><type>Editorship</type><key>conf/ijcai/2017caid</key><ee>http://ceur-ws.org/Vol-2099</ee><url>https://dblp.org/rec/conf/ijcai/2017caid</url></info>
<url>URL#1267065</url>
</hit>
<hit score="1" id="1539719">
<info><authors><author pid="02/5986">Agnese Augello</author><author pid="72/626">Ignazio Infantino</author><author pid="90/10106">Antonio Lieto</author><author pid="91/1627">Umberto Maniscalco</author><author pid="45/4498">Giovanni Pilato</author><author pid="30/6760">Filippo Vella</author></authors><title>Towards A Dual Process Approach to Computational Explanationon in Human-Robot Socia Interaction.</title><venue>CAID@IJCAI</venue><pages>21-26</pages><year>2017</year><type>Conference and Workshop Papers</type><key>conf/ijcai/AugelloILMPV17</key><ee>http://ceur-ws.org/Vol-2099/paper4.pdf</ee><url>https://dblp.org/rec/conf/ijcai/AugelloILMPV17</url></info>
<url>URL#1539719</url>
</hit>
<hit score="1" id="1539839">
<info><authors><author pid="95/5642">Jean-Daniel Dessimoz</author></authors><title>Natural Emotions as Evidence of Continuous Assessment of Values, Threats and Opportunities in Humans, and Implementation of These Processes in Robots and Other Machines.</title><venue>CAID@IJCAI</venue><pages>47-55</pages><year>2017</year><type>Conference and Workshop Papers</type><key>conf/ijcai/Dessimoz17</key><ee>http://ceur-ws.org/Vol-2099/paper8.pdf</ee><url>https://dblp.org/rec/conf/ijcai/Dessimoz17</url></info>
<url>URL#1539839</url>
</hit>
<hit score="1" id="1539854">
<info><authors><author pid="219/6369">Rohit Kumar Dubey</author><author pid="08/4943">Mubbasir Kapadia</author><author pid="143/9518">Tyler Thrash</author><author pid="69/11418">Victor R. Schinazi</author><author pid="93/5119">Christoph Hölscher</author></authors><title>Towards an Information-Theoretic Framework for Quantifying Wayfinding Information in Virtual Environments.</title><venue>CAID@IJCAI</venue><pages>40-46</pages><year>2017</year><type>Conference and Workshop Papers</type><key>conf/ijcai/DubeyKTSH17</key><ee>http://ceur-ws.org/Vol-2099/paper7.pdf</ee><url>https://dblp.org/rec/conf/ijcai/DubeyKTSH17</url></info>
<url>URL#1539854</url>
</hit>
<hit score="1" id="1540169">
<info><authors><author pid="207/1355">Johannes Mueller</author><author pid="219/6536">Hangxin Lu</author></authors><title>Designing with Citizens - Challenges and Evaluation Methods for Crowd-sourced Urban Layouts.</title><venue>CAID@IJCAI</venue><pages>34-39</pages><year>2017</year><type>Conference and Workshop Papers</type><key>conf/ijcai/MuellerL17</key><ee>http://ceur-ws.org/Vol-2099/paper6.pdf</ee><url>https://dblp.org/rec/conf/ijcai/MuellerL17</url></info>
<url>URL#1540169</url>
</hit>
<hit score="1" id="1540186">
<info><authors><author pid="98/5838">Satoshi Nishimura</author><author pid="83/5009">Ken Fukuda</author><author pid="39/357">Takuichi Nishimura</author></authors><title>Knowledge Explication - Current Situation and Future Prospects.</title><venue>CAID@IJCAI</venue><pages>27-33</pages><year>2017</year><type>Conference and Workshop Papers</type><key>conf/ijcai/NishimuraFN17</key><ee>http://ceur-ws.org/Vol-2099/paper5.pdf</ee><url>https://dblp.org/rec/conf/ijcai/NishimuraFN17</url></info>
<url>URL#1540186</url>
</hit>
<hit score="1" id="1540218">
<info><authors><author pid="33/2727">Michela Ponticorvo</author><author pid="10/4973">Angelo Rega</author><author pid="72/1310">Andrea Di Ferdinando</author><author pid="89/779">Davide Marocco</author><author pid="09/6538">Orazio Miglino</author></authors><title>Approaches to Embed Bio-inspired Computational Algorithms in Educational and Serious Games.</title><venue>CAID@IJCAI</venue><pages>8-14</pages><year>2017</year><type>Conference and Workshop Papers</type><key>conf/ijcai/PonticorvoRFMM17</key><ee>http://ceur-ws.org/Vol-2099/paper2.pdf</ee><url>https://dblp.org/rec/conf/ijcai/PonticorvoRFMM17</url></info>
<url>URL#1540218</url>
</hit>
<hit score="1" id="1540263">
<info><authors><author pid="204/3014">Jaelle Scheuerman</author><author pid="v/KristenBrentVenable">Kristen Brent Venable</author><author pid="204/6217">Maxwell T. Anderson</author><author pid="157/5704">Edward J. Golob</author></authors><title>Modeling Spatial Auditory Attention - Handling Equiprobable Attended Locations.</title><venue>CAID@IJCAI</venue><pages>1-7</pages><year>2017</year><type>Conference and Workshop Papers</type><key>conf/ijcai/ScheuermanVAG17</key><ee>http://ceur-ws.org/Vol-2099/paper1.pdf</ee><url>https://dblp.org/rec/conf/ijcai/ScheuermanVAG17</url></info>
<url>URL#1540263</url>
</hit>
<hit score="1" id="1540319">
<info><authors><author pid="125/2347">Imam Tahyudin</author><author pid="65/5051">Hidetaka Nambo</author></authors><title>Estimating Position of Bio-Electric Potential Dataset as A Natural Sensor using Time Series Approach.</title><venue>CAID@IJCAI</venue><pages>15-20</pages><year>2017</year><type>Conference and Workshop Papers</type><key>conf/ijcai/TahyudinN17</key><ee>http://ceur-ws.org/Vol-2099/paper3.pdf</ee><url>https://dblp.org/rec/conf/ijcai/TahyudinN17</url></info>
<url>URL#1540319</url>
</hit>
</hits>
</result>
