<?xml version="1.0" encoding="UTF-8"?>
<result>
<query id="7880">:facetid:toc:db\"/\"conf\"/\"ijcai\"/\"sml2017\".\"bht</query>
<status code="200">OK</status>
<time unit="msecs">126.21</time>
<completions total="1" computed="1" sent="1">
<c sc="10" dc="10" oc="10" id="18262982">:facetid:toc:db/conf/ijcai/sml2017.bht</c>
</completions>
<hits total="10" computed="10" sent="10" first="0">
<hit score="1" id="1539704">
<info><authors><author pid="202/8950">Abdullah Semran Alharbi</author><author pid="74/4581">Yuefeng Li</author><author pid="29/3925-1">Yue Xu 0001</author></authors><title>Enhancing Topical Word Semantic for Relevance Feature Selection.</title><venue>SML@IJCAI</venue><pages>27-33</pages><year>2017</year><type>Conference and Workshop Papers</type><key>conf/ijcai/AlharbiL017</key><ee>http://ceur-ws.org/Vol-1986/SML17_paper_4.pdf</ee><url>https://dblp.org/rec/conf/ijcai/AlharbiL017</url></info>
<url>URL#1539704</url>
</hit>
<hit score="1" id="1539807">
<info><authors><author pid="00/890">Heng Chen</author><author pid="118/3428">Yongjuan Zhang</author><author pid="261/0077">Chunhong Lin</author><author pid="94/905">Liwen Zhang</author><author pid="69/510">Tao Chen</author></authors><title>Construction of Viral Hepatitis Bilingual Bibliographic Database with Protein Text Mining and Information Integration Functions.</title><venue>SML@IJCAI</venue><pages>57-65</pages><year>2017</year><type>Conference and Workshop Papers</type><key>conf/ijcai/ChenZLZC17</key><ee>http://ceur-ws.org/Vol-1986/SML17_paper_9.pdf</ee><url>https://dblp.org/rec/conf/ijcai/ChenZLZC17</url></info>
<url>URL#1539807</url>
</hit>
<hit score="1" id="1539892">
<info><authors><author pid="89/4402-16">Yang Gao 0016</author><author pid="204/2256">Linjing Wei</author><author pid="27/8686">Heyan Huang</author><author pid="33/85">Qian Liu</author></authors><title>Topical Sentence Embedding for Query Focused Document Summarization.</title><venue>SML@IJCAI</venue><pages>21-26</pages><year>2017</year><type>Conference and Workshop Papers</type><key>conf/ijcai/GaoWHL17</key><ee>http://ceur-ws.org/Vol-1986/SML17_paper_3.pdf</ee><url>https://dblp.org/rec/conf/ijcai/GaoWHL17</url></info>
<url>URL#1539892</url>
</hit>
<hit score="1" id="1540106">
<info><authors><author pid="261/0289">Evan Dennison S. Livelo</author><author pid="260/9882">Andrea Nicole O. Ver</author><author pid="261/0166">Jedrick L. Chua</author><author pid="261/0408">John Paul S. Yao</author><author pid="97/8063">Charibeth K. Cheng</author></authors><title>A Hybrid Agent for Automatically Determining and Extracting the 5Ws of Filipino News Articles.</title><venue>SML@IJCAI</venue><pages>50-56</pages><year>2017</year><type>Conference and Workshop Papers</type><key>conf/ijcai/LiveloVCYC17</key><ee>http://ceur-ws.org/Vol-1986/SML17_paper_8.pdf</ee><url>https://dblp.org/rec/conf/ijcai/LiveloVCYC17</url></info>
<url>URL#1540106</url>
</hit>
<hit score="1" id="1540128">
<info><authors><author pid="85/10856">Fenglong Ma</author><author pid="81/8017">Radha Chitta</author><author pid="22/6491">Saurabh Kataria</author><author pid="01/2356">Jing Zhou</author><author pid="199/2288">Palghat Ramesh</author><author pid="99/5088">Tong Sun</author><author pid="67/4834-4">Jing Gao 0004</author></authors><title>Long-Term Memory Networks for Question Answering.</title><venue>SML@IJCAI</venue><pages>7-14</pages><year>2017</year><type>Conference and Workshop Papers</type><key>conf/ijcai/MaCKZRS017</key><ee>http://ceur-ws.org/Vol-1986/SML17_paper_1.pdf</ee><url>https://dblp.org/rec/conf/ijcai/MaCKZRS017</url></info>
<url>URL#1540128</url>
</hit>
<hit score="1" id="1540151">
<info><authors><author pid="233/8496">Luis Palacios Medinacelli</author><author pid="08/6794">Yue Ma</author><author pid="44/692">Gaëlle Lortal</author><author pid="76/513">Claire Laudy</author><author pid="15/3158">Chantal Reynaud</author></authors><title>Data Driven Concept Refinement to Support Avionics Maintenance.</title><venue>SML@IJCAI</venue><pages>39-44</pages><year>2017</year><type>Conference and Workshop Papers</type><key>conf/ijcai/MedinacelliMLLR17</key><ee>http://ceur-ws.org/Vol-1986/SML17_paper_6.pdf</ee><url>https://dblp.org/rec/conf/ijcai/MedinacelliMLLR17</url></info>
<url>URL#1540151</url>
</hit>
<hit score="1" id="1540232">
<info><authors><author pid="61/8343">Ritesh Ratti</author><author pid="00/5123">Himanshu Kapoor</author><author pid="167/1994">Shikhar Sharma</author><author pid="217/4842">Anshul Solanki</author><author pid="155/5800">Pankaj Sachdeva</author></authors><title>Semantic Extraction of Named Entities From Bank Wire Text.</title><venue>SML@IJCAI</venue><pages>34-38</pages><year>2017</year><type>Conference and Workshop Papers</type><key>conf/ijcai/RattiKSSS17</key><ee>http://ceur-ws.org/Vol-1986/SML17_paper_5.pdf</ee><url>https://dblp.org/rec/conf/ijcai/RattiKSSS17</url></info>
<url>URL#1540232</url>
</hit>
<hit score="1" id="1540253">
<info><authors><author pid="18/11429">Andreea Salinca</author></authors><title>Convolutional Neural Networks for Sentiment Classification on Business Reviews.</title><venue>SML@IJCAI</venue><pages>45-49</pages><year>2017</year><type>Conference and Workshop Papers</type><key>conf/ijcai/Salinca17</key><ee>http://ceur-ws.org/Vol-1986/SML17_paper_7.pdf</ee><url>https://dblp.org/rec/conf/ijcai/Salinca17</url></info>
<url>URL#1540253</url>
</hit>
<hit score="1" id="1540271">
<info><authors><author pid="02/2545">Yang Shao</author></authors><title>A Simple Neural Network For Evaluating Semantic Textual Similarity.</title><venue>SML@IJCAI</venue><pages>15-20</pages><year>2017</year><type>Conference and Workshop Papers</type><key>conf/ijcai/Shao17</key><ee>http://ceur-ws.org/Vol-1986/SML17_paper_2.pdf</ee><url>https://dblp.org/rec/conf/ijcai/Shao17</url></info>
<url>URL#1540271</url>
</hit>
<hit score="1" id="1609459">
<info><authors><author pid="r/KanagasabaiRajaraman">Rajaraman Kanagasabai</author><author pid="118/0939">Ahsan Morshed</author><author pid="77/3904ohio">Hemant Purohit</author></authors><title>Proceedings of the IJCAI Workshop on Semantic Machine Learning (SML 2017) co-located with 26th International Joint Conference on Artificial Intelligence (IJCAI 2017), Melbourne, Australia, August 20, 2017.</title><venue>SML@IJCAI</venue><venue>CEUR Workshop Proceedings</venue><volume>1986</volume><publisher>CEUR-WS.org</publisher><year>2017</year><type>Editorship</type><key>conf/ijcai/2017sml</key><ee>http://ceur-ws.org/Vol-1986</ee><url>https://dblp.org/rec/conf/ijcai/2017sml</url></info>
<url>URL#1609459</url>
</hit>
</hits>
</result>
