<?xml version="1.0" encoding="UTF-8"?>
<result>
<query id="8011">:facetid:toc:db\"/\"conf\"/\"ijcai\"/\"bai2017\".\"bht</query>
<status code="200">OK</status>
<time unit="msecs">125.19</time>
<completions total="1" computed="1" sent="1">
<c sc="6" dc="6" oc="6" id="18262900">:facetid:toc:db/conf/ijcai/bai2017.bht</c>
</completions>
<hits total="6" computed="6" sent="6" first="0">
<hit score="1" id="1539686">
<info><authors><author pid="28/5691-1">Qingyu Chen 0001</author><author pid="20/2941">Xiuzhen Zhang</author><author pid="06/6328-1">Yu Wan 0001</author><author pid="z/JZobel">Justin Zobel</author><author pid="07/6465">Karin Verspoor 0001</author></authors><title>Sequence Clustering Methods and Completeness of Biological Database Search.</title><venue>BAI@IJCAI</venue><pages>8-14</pages><year>2017</year><type>Conference and Workshop Papers</type><key>conf/ijcai/0001ZWZV17</key><ee>http://ceur-ws.org/Vol-1942/paper1.pdf</ee><url>https://dblp.org/rec/conf/ijcai/0001ZWZV17</url></info>
<url>URL#1539686</url>
</hit>
<hit score="1" id="1539730">
<info><authors><author pid="136/2633">Alexandre Bazin</author><author pid="60/10368">Didier Debroas</author><author pid="10/3832">Engelbert Mephu Nguifo</author></authors><title>A De Novo Robust Clustering Approach for Amplicon-Based Sequence Data.</title><venue>BAI@IJCAI</venue><pages>21-25</pages><year>2017</year><type>Conference and Workshop Papers</type><key>conf/ijcai/BazinDN17</key><ee>http://ceur-ws.org/Vol-1942/paper3.pdf</ee><url>https://dblp.org/rec/conf/ijcai/BazinDN17</url></info>
<url>URL#1539730</url>
</hit>
<hit score="1" id="1539751">
<info><authors><author pid="b/IsabelleBichindaritz">Isabelle Bichindaritz</author><author pid="51/4723">Thomas Quinn</author></authors><title>Feature Selection for Survival Analysis in Bioinformatics.</title><venue>BAI@IJCAI</venue><pages>30-35</pages><year>2017</year><type>Conference and Workshop Papers</type><key>conf/ijcai/BichindaritzQ17</key><ee>http://ceur-ws.org/Vol-1942/paper5.pdf</ee><url>https://dblp.org/rec/conf/ijcai/BichindaritzQ17</url></info>
<url>URL#1539751</url>
</hit>
<hit score="1" id="1539773">
<info><authors><author pid="252/4537">Borut Budna</author><author pid="157/4929">Martin Gjoreski</author><author pid="16/5761">Anton Gradisek</author><author pid="43/1312">Matjaz Gams</author></authors><title>JSI Sound - a Machine-Learning Tool in Orange for Simple Biosound Classification.</title><venue>BAI@IJCAI</venue><pages>26-29</pages><year>2017</year><type>Conference and Workshop Papers</type><key>conf/ijcai/BudnaGGG17</key><ee>http://ceur-ws.org/Vol-1942/paper4.pdf</ee><url>https://dblp.org/rec/conf/ijcai/BudnaGGG17</url></info>
<url>URL#1539773</url>
</hit>
<hit score="1" id="1540189">
<info><authors><author pid="150/2938">Aidan O&apos;Brien</author><author pid="131/4882">Piotr Szul</author><author pid="215/3065">Oscar Luo</author><author pid="223/3107">Andrew George</author><author pid="179/4677">Robert Dunne</author><author pid="54/6719">Denis C. Bauer</author></authors><title>Breaking the Curse of Dimensionality for Machine Learning on Genomic Data.</title><venue>BAI@IJCAI</venue><pages>15-20</pages><year>2017</year><type>Conference and Workshop Papers</type><key>conf/ijcai/OBrienSLGDB17</key><ee>http://ceur-ws.org/Vol-1942/paper2.pdf</ee><url>https://dblp.org/rec/conf/ijcai/OBrienSLGDB17</url></info>
<url>URL#1540189</url>
</hit>
<hit score="1" id="1609454">
<info><authors><author pid="90/7833">Wajdi Dhifli</author><author pid="11/1478">Abdoulaye Baniré Diallo</author><author pid="10/3832">Engelbert Mephu Nguifo</author><author pid="z/MohammedJaveedZaki">Mohammed Javeed Zaki</author></authors><title>Proceedings of the Workshop on Advances in Bioinformatics and Artificial Intelligence - Bridging the Gap co-located with 26th International Joint Conference on Artificial Intelligence (IJCAI 2017), Melbourne, Australia, August 20, 2017.</title><venue>BAI@IJCAI</venue><venue>CEUR Workshop Proceedings</venue><volume>1942</volume><publisher>CEUR-WS.org</publisher><year>2017</year><type>Editorship</type><key>conf/ijcai/2017bai</key><ee>http://ceur-ws.org/Vol-1942</ee><url>https://dblp.org/rec/conf/ijcai/2017bai</url></info>
<url>URL#1609454</url>
</hit>
</hits>
</result>
