<?xml version="1.0" encoding="UTF-8"?>
<result>
<query id="7647">:facetid:toc:db\"/\"conf\"/\"ijcai\"/\"linkdem2017\".\"bht</query>
<status code="200">OK</status>
<time unit="msecs">123.28</time>
<completions total="1" computed="1" sent="1">
<c sc="11" dc="11" oc="11" id="18262973">:facetid:toc:db/conf/ijcai/linkdem2017.bht</c>
</completions>
<hits total="11" computed="11" sent="11" first="0">
<hit score="1" id="1539705">
<info><authors><author pid="205/1943">Darcy Allen</author><author pid="21/7614">Chris Berg</author><author pid="205/1921">Aaron Lane</author><author pid="115/8838">Jason Potts</author></authors><title>The Economics of Crypto-democracy.</title><venue>LINKDEM@IJCAI</venue><pages>63-73</pages><year>2017</year><type>Conference and Workshop Papers</type><key>conf/ijcai/AllenBLP17</key><ee>http://ceur-ws.org/Vol-1897/paper5.pdf</ee><url>https://dblp.org/rec/conf/ijcai/AllenBLP17</url></info>
<url>URL#1539705</url>
</hit>
<hit score="1" id="1539764">
<info><authors><author pid="64/110">Rachelle Bosua</author><author pid="205/1945">Karin Clark</author><author pid="79/6336-1">Megan Richardson 0001</author><author pid="147/4482">Jeb Webb</author></authors><title>Intelligent Warning Systems - &apos;Nudges&apos; as a Form of User Control for Internet of Things Data Collection and Use.</title><venue>LINKDEM@IJCAI</venue><pages>86-97</pages><year>2017</year><type>Conference and Workshop Papers</type><key>conf/ijcai/BosuaCRW17</key><ee>http://ceur-ws.org/Vol-1897/paper7.pdf</ee><url>https://dblp.org/rec/conf/ijcai/BosuaCRW17</url></info>
<url>URL#1539764</url>
</hit>
<hit score="1" id="1539904">
<info><authors><author pid="205/1955">Sean Golz</author></authors><title>Linked Democracy 3.0 - Global Machine Translated Legislation in the Age of AI.</title><venue>LINKDEM@IJCAI</venue><pages>98-105</pages><year>2017</year><type>Conference and Workshop Papers</type><key>conf/ijcai/Golz17</key><ee>http://ceur-ws.org/Vol-1897/paper8.pdf</ee><url>https://dblp.org/rec/conf/ijcai/Golz17</url></info>
<url>URL#1539904</url>
</hit>
<hit score="1" id="1540005">
<info><authors><author pid="205/1924">Patrick Keyzer</author></authors><title>Open Rights or Secret Risk Assessments? New Challenges for Public Law in an Age of Artificial Intelligence and the Law.</title><venue>LINKDEM@IJCAI</venue><pages>6-14</pages><year>2017</year><type>Conference and Workshop Papers</type><key>conf/ijcai/Keyzer17</key><ee>http://ceur-ws.org/Vol-1897/keynote.pdf</ee><url>https://dblp.org/rec/conf/ijcai/Keyzer17</url></info>
<url>URL#1540005</url>
</hit>
<hit score="1" id="1540025">
<info><authors><author pid="205/1988">Guilherme Krzisch</author><author pid="93/2933">Nir Oren</author><author pid="10/985">Felipe Meneguzzi</author></authors><title>Bounded-Monitor Placement in Normative Environments.</title><venue>LINKDEM@IJCAI</venue><pages>28-37</pages><year>2017</year><type>Conference and Workshop Papers</type><key>conf/ijcai/KrzischeOM17</key><ee>http://ceur-ws.org/Vol-1897/paper2.pdf</ee><url>https://dblp.org/rec/conf/ijcai/KrzischeOM17</url></info>
<url>URL#1540025</url>
</hit>
<hit score="1" id="1540034">
<info><authors><author pid="205/1941">Liam Lander</author><author pid="205/1965">Nichola Cooper</author></authors><title>Promoting Public Deliberation in Low Trust Environments - Australian Use Cases.</title><venue>LINKDEM@IJCAI</venue><pages>74-85</pages><year>2017</year><type>Conference and Workshop Papers</type><key>conf/ijcai/LanderC17</key><ee>http://ceur-ws.org/Vol-1897/paper6.pdf</ee><url>https://dblp.org/rec/conf/ijcai/LanderC17</url></info>
<url>URL#1540034</url>
</hit>
<hit score="1" id="1540144">
<info><authors><author pid="50/5315">Wolfgang Mayer</author><author pid="s/MarkusStumptner">Markus Stumptner</author><author pid="33/1594">Pompeu Casanovas</author><author pid="205/1972">Louis de Koker</author></authors><title>Towards a Linked Information Architecture for Integrated Law Enforcement.</title><venue>LINKDEM@IJCAI</venue><pages>15-27</pages><year>2017</year><type>Conference and Workshop Papers</type><key>conf/ijcai/MayerSCK17</key><ee>http://ceur-ws.org/Vol-1897/paper1.pdf</ee><url>https://dblp.org/rec/conf/ijcai/MayerSCK17</url></info>
<url>URL#1540144</url>
</hit>
<hit score="1" id="1540215">
<info><authors><author pid="38/784">Marta Poblet</author><author pid="p/EnricPlaza">Enric Plaza</author></authors><title>Democracy Models and Civic Technologies - Tensions, Trilemmas, and Trade-offs.</title><venue>LINKDEM@IJCAI</venue><pages>51-62</pages><year>2017</year><type>Conference and Workshop Papers</type><key>conf/ijcai/PobletP17</key><ee>http://ceur-ws.org/Vol-1897/paper4.pdf</ee><url>https://dblp.org/rec/conf/ijcai/PobletP17</url></info>
<url>URL#1540215</url>
</hit>
<hit score="1" id="1540453">
<info><authors><author pid="77/6310">Hao Yan</author><author pid="56/8397">Allen Lavoie</author><author pid="30/2277">Sanmay Das</author></authors><title>The Perils of Classifying Political Orientation From Text.</title><venue>LINKDEM@IJCAI</venue><pages>38-50</pages><year>2017</year><type>Conference and Workshop Papers</type><key>conf/ijcai/YanLD17</key><ee>http://ceur-ws.org/Vol-1897/paper3.pdf</ee><url>https://dblp.org/rec/conf/ijcai/YanLD17</url></info>
<url>URL#1540453</url>
</hit>
<hit score="1" id="1540466">
<info><authors><author pid="205/1968">Sue Ann Yap</author></authors><title>Equal Access to Online Legal Information through Democratisation of Technology - A Myth?</title><venue>LINKDEM@IJCAI</venue><pages>106-117</pages><year>2017</year><type>Conference and Workshop Papers</type><key>conf/ijcai/Yap17</key><ee>http://ceur-ws.org/Vol-1897/paper9.pdf</ee><url>https://dblp.org/rec/conf/ijcai/Yap17</url></info>
<url>URL#1540466</url>
</hit>
<hit score="1" id="1609458">
<info><authors><author pid="38/784">Marta Poblet</author><author pid="33/1594">Pompeu Casanovas</author><author pid="p/EnricPlaza">Enric Plaza</author></authors><title>Proceedings of the Workshop on Linked Democracy - Artificial Intelligence for Democratic Innovation co-located with the 26th International Joint Conference on Artificial Intelligence (IJCAI 2017), Melbourne, Australia, August 19, 2017.</title><venue>LINKDEM@IJCAI</venue><venue>CEUR Workshop Proceedings</venue><volume>1897</volume><publisher>CEUR-WS.org</publisher><year>2017</year><type>Editorship</type><key>conf/ijcai/2017linkdem</key><ee>http://ceur-ws.org/Vol-1897</ee><url>https://dblp.org/rec/conf/ijcai/2017linkdem</url></info>
<url>URL#1609458</url>
</hit>
</hits>
</result>
