<?xml version="1.0" encoding="UTF-8"?>
<result>
<query id="180738">:facetid:toc:db\"/\"conf\"/\"ijcai\"/\"affcomp2018\".\"bht</query>
<status code="200">OK</status>
<time unit="msecs">134.49</time>
<completions total="1" computed="1" sent="1">
<c sc="6" dc="6" oc="6" id="18262881">:facetid:toc:db/conf/ijcai/affcomp2018.bht</c>
</completions>
<hits total="6" computed="6" sent="6" first="0">
<hit score="1" id="1194661">
<info><authors><author pid="157/4929">Martin Gjoreski</author><author pid="48/9923">Hristijan Gjoreski</author><author pid="l/MitjaLustrek">Mitja Lustrek</author><author pid="43/1312">Matjaz Gams</author></authors><title>Deep Ensembles for Inter-Domain Arousal Recognition.</title><venue>AffComp@IJCAI</venue><pages>52-64</pages><year>2018</year><type>Conference and Workshop Papers</type><key>conf/ijcai/GjoreskiGLG18</key><ee>http://proceedings.mlr.press/v86/gjoreski20a/gjoreski20a.pdf</ee><url>https://dblp.org/rec/conf/ijcai/GjoreskiGLG18</url></info>
<url>URL#1194661</url>
</hit>
<hit score="1" id="1194762">
<info><authors><author pid="145/7732">Natasha Jaques</author><author pid="268/7151">Jennifer McCleary</author><author pid="173/5298">Jesse H. Engel</author><author pid="186/8079">David Ha</author><author pid="206/7287">Fred Bertsch</author><author pid="79/4646">Douglas Eck</author><author pid="p/RWPicard">Rosalind W. Picard</author></authors><title>Learning via Social Awareness - Improving a Deep Generative Sketching Model with Facial Feedback.</title><venue>AffComp@IJCAI</venue><pages>1-9</pages><year>2018</year><type>Conference and Workshop Papers</type><key>conf/ijcai/JaquesMEHBEP18</key><ee>http://proceedings.mlr.press/v86/jaques20a/jaques20a.pdf</ee><url>https://dblp.org/rec/conf/ijcai/JaquesMEHBEP18</url></info>
<url>URL#1194762</url>
</hit>
<hit score="1" id="1194940">
<info><authors><author pid="236/4227">David Melhart</author><author pid="91/9115">Konstantinos Sfikas</author><author pid="264/9910">Giorgos Giannakakis</author><author pid="05/2576">Georgios N. Yannakakis</author><author pid="05/10891">Antonios Liapis</author></authors><title>A Study on Affect Model Validity - Nominal vs Ordinal Labels.</title><venue>AffComp@IJCAI</venue><pages>27-34</pages><year>2018</year><type>Conference and Workshop Papers</type><key>conf/ijcai/MelhartSGYL18</key><ee>http://proceedings.mlr.press/v86/melhart20a/melhart20a.pdf</ee><url>https://dblp.org/rec/conf/ijcai/MelhartSGYL18</url></info>
<url>URL#1194940</url>
</hit>
<hit score="1" id="1195279">
<info><authors><author pid="213/8725">Heath Yates</author><author pid="141/1005">Brent C. Chamberlain</author><author pid="21/1034">William H. Hsu</author></authors><title>Binary Classification of Arousal in Built Environments using Machine Learning.</title><venue>AffComp@IJCAI</venue><pages>35-51</pages><year>2018</year><type>Conference and Workshop Papers</type><key>conf/ijcai/YatesCH18</key><ee>http://proceedings.mlr.press/v86/yates20a/yates20a.pdf</ee><url>https://dblp.org/rec/conf/ijcai/YatesCH18</url></info>
<url>URL#1195279</url>
</hit>
<hit score="1" id="1195288">
<info><authors><author pid="83/4081">Yu Yin</author><author pid="164/8635">Mohsen Nabian</author><author pid="28/1349">Sarah Ostadabbas</author></authors><title>Facial Expression and Peripheral Physiology Fusion to Decode Individualized Affective Experience.</title><venue>AffComp@IJCAI</venue><pages>10-26</pages><year>2018</year><type>Conference and Workshop Papers</type><key>conf/ijcai/YinNO18</key><ee>http://proceedings.mlr.press/v86/yin20a/yin20a.pdf</ee><url>https://dblp.org/rec/conf/ijcai/YinNO18</url></info>
<url>URL#1195288</url>
</hit>
<hit score="1" id="1267068">
<info><authors><author pid="21/1034">William H. Hsu</author><author pid="213/8725">Heath Yates</author></authors><title>Workshop on Artificial Intelligence in Affective Computing, AffComp@IJCAI 2018, Stockholm, Sweden, 15 July 2018,</title><venue>AffComp@IJCAI</venue><venue>Proceedings of Machine Learning Research</venue><volume>86</volume><publisher>PMLR</publisher><year>2018</year><type>Editorship</type><key>conf/ijcai/2018affcomp</key><ee>http://proceedings.mlr.press/v86/</ee><url>https://dblp.org/rec/conf/ijcai/2018affcomp</url></info>
<url>URL#1267068</url>
</hit>
</hits>
</result>
