<?xml version="1.0" encoding="UTF-8"?>
<result>
<query id="179169">:facetid:toc:db\"/\"conf\"/\"ijcai\"/\"aih2018s\".\"bht</query>
<status code="200">OK</status>
<time unit="msecs">133.00</time>
<completions total="1" computed="1" sent="1">
<c sc="18" dc="18" oc="18" id="18262890">:facetid:toc:db/conf/ijcai/aih2018s.bht</c>
</completions>
<hits total="18" computed="18" sent="18" first="0">
<hit score="1" id="890759">
<info><authors><author pid="79/1764">Fernando Koch</author><author pid="40/8361">Andrew Koster</author><author pid="75/1604-1">David Riaño 0001</author><author pid="20/1025">Sara Montagna</author><author pid="65/528">Michael Schumacher 0001</author><author pid="96/3134">Annette ten Teije</author><author pid="g/ChristianGuttmann">Christian Guttmann</author><author pid="r/ManfredReichert">Manfred Reichert</author><author pid="b/IsabelleBichindaritz">Isabelle Bichindaritz</author><author pid="57/3436">Pau Herrero</author><author pid="22/1606">Richard Lenz</author><author pid="l/BeatrizLopez">Beatriz López</author><author pid="m/CynthiaRMarling">Cindy Marling</author><author pid="14/5534">Clare Martin 0001</author><author pid="m/StefaniaMontani">Stefania Montani</author><author pid="74/507">Nirmalie Wiratunga</author></authors><title>Artificial Intelligence in Health - First International Workshop, AIH@IJCAI 2018, Stockholm, Sweden, July 13-14, 2018, Revised Selected Papers</title><venue>AIH@IJCAI</venue><venue>Lecture Notes in Computer Science</venue><volume>11326</volume><publisher>Springer</publisher><year>2019</year><type>Editorship</type><key>conf/ijcai/2018aih-s</key><doi>10.1007/978-3-030-12738-1</doi><ee>https://doi.org/10.1007/978-3-030-12738-1</ee><url>https://dblp.org/rec/conf/ijcai/2018aih-s</url></info>
<url>URL#890759</url>
</hit>
<hit score="1" id="1194436">
<info><authors><author pid="214/7189">Colja A. Becker</author><author pid="129/9424">Fabian Lorig</author><author pid="60/2246">Ingo J. Timm</author></authors><title>Multiagent Systems to Support Planning and Scheduling in Home Health Care Management - A Literature Review.</title><venue>AIH@IJCAI</venue><pages>13-28</pages><year>2018</year><type>Conference and Workshop Papers</type><key>conf/ijcai/BeckerLT18a</key><doi>10.1007/978-3-030-12738-1_2</doi><ee>https://doi.org/10.1007/978-3-030-12738-1_2</ee><url>https://dblp.org/rec/conf/ijcai/BeckerLT18a</url></info>
<url>URL#1194436</url>
</hit>
<hit score="1" id="1194502">
<info><authors><author pid="225/7553">Ilyas Chaoua</author><author pid="36/1270">Sergio Consoli</author><author pid="21/5537">Aki Härmä</author><author pid="13/8360">Rim Helaoui</author><author pid="r/DiegoReforgiatoRecupero">Diego Reforgiato Recupero</author></authors><title>Analysis of Topic Propagation in Therapy Sessions Using Partially Labeled Latent Dirichlet Allocation.</title><venue>AIH@IJCAI</venue><pages>59-75</pages><year>2018</year><type>Conference and Workshop Papers</type><key>conf/ijcai/ChaouaCHHR18</key><doi>10.1007/978-3-030-12738-1_5</doi><ee>https://doi.org/10.1007/978-3-030-12738-1_5</ee><url>https://dblp.org/rec/conf/ijcai/ChaouaCHHR18</url></info>
<url>URL#1194502</url>
</hit>
<hit score="1" id="1194534">
<info><authors><author pid="225/7539">Isabel Chien</author><author pid="225/7518">Alvin Shi</author><author pid="225/7535">Alex Chan</author><author pid="225/7506">Charlotta Lindvall</author></authors><title>Identification of Serious Illness Conversations in Unstructured Clinical Notes Using Deep Neural Networks.</title><venue>AIH@IJCAI</venue><pages>199-212</pages><year>2018</year><type>Conference and Workshop Papers</type><key>conf/ijcai/ChienSCL18a</key><doi>10.1007/978-3-030-12738-1_15</doi><ee>https://doi.org/10.1007/978-3-030-12738-1_15</ee><url>https://dblp.org/rec/conf/ijcai/ChienSCL18a</url></info>
<url>URL#1194534</url>
</hit>
<hit score="1" id="1194656">
<info><authors><author pid="220/9776">Marcel Gehrke</author><author pid="185/3615">Tanya Braun</author><author pid="m/RalfMoller">Ralf Möller 0001</author><author pid="225/7554">Alexander Waschkau</author><author pid="225/7534">Christoph Strumann</author><author pid="199/7802">Jost Steinhäuser</author></authors><title>Lifted Maximum Expected Utility.</title><venue>AIH@IJCAI</venue><pages>131-141</pages><year>2018</year><type>Conference and Workshop Papers</type><key>conf/ijcai/GehrkeBMWSS18</key><doi>10.1007/978-3-030-12738-1_10</doi><ee>https://doi.org/10.1007/978-3-030-12738-1_10</ee><url>https://dblp.org/rec/conf/ijcai/GehrkeBMWSS18</url></info>
<url>URL#1194656</url>
</hit>
<hit score="1" id="1194665">
<info><authors><author pid="218/3034">Antônio Augusto Gonçalves</author><author pid="218/3020">Sandro Luís Freire de Castro Silva</author><author pid="218/2959">Carlos Henrique Fernandes Martins</author><author pid="218/2919">Cezar Cheng</author><author pid="218/3031">José Geraldo Pereira Barbosa</author></authors><title>A Knowledge-Based Simulation Framework for Decision Support in Brazilian National Cancer Institute.</title><venue>AIH@IJCAI</venue><pages>116-126</pages><year>2018</year><type>Conference and Workshop Papers</type><key>conf/ijcai/GoncalvesSMCB18</key><doi>10.1007/978-3-030-12738-1_9</doi><ee>https://doi.org/10.1007/978-3-030-12738-1_9</ee><url>https://dblp.org/rec/conf/ijcai/GoncalvesSMCB18</url></info>
<url>URL#1194665</url>
</hit>
<hit score="1" id="1194679">
<info><authors><author pid="68/8282">Esteban Guerrero</author><author pid="150/9208">Ming-Hsin Lu</author><author pid="42/2777">Hsiu-Ping Yueh</author><author pid="97/1792">Helena Lindgren</author></authors><title>Design Principles and Action Reflection for Agent-Based Assistive Technology.</title><venue>AIH@IJCAI</venue><pages>84-98</pages><year>2018</year><type>Conference and Workshop Papers</type><key>conf/ijcai/GuerreroLYL18a</key><doi>10.1007/978-3-030-12738-1_7</doi><ee>https://doi.org/10.1007/978-3-030-12738-1_7</ee><url>https://dblp.org/rec/conf/ijcai/GuerreroLYL18a</url></info>
<url>URL#1194679</url>
</hit>
<hit score="1" id="1194706">
<info><authors><author pid="21/5537">Aki Härmä</author><author pid="31/3505-2">Andrey Polyakov 0002</author><author pid="236/1331">Ekaterina Artemova</author></authors><title>Active Learning for Conversational Interfaces in Healthcare Applications.</title><venue>AIH@IJCAI</venue><pages>48-58</pages><year>2018</year><type>Conference and Workshop Papers</type><key>conf/ijcai/HarmaPA18</key><doi>10.1007/978-3-030-12738-1_4</doi><ee>https://doi.org/10.1007/978-3-030-12738-1_4</ee><url>https://dblp.org/rec/conf/ijcai/HarmaPA18</url></info>
<url>URL#1194706</url>
</hit>
<hit score="1" id="1194754">
<info><authors><author pid="225/7559">Martin Ingeson</author><author pid="165/5276">Madeleine Blusi</author><author pid="88/5451">Juan Carlos Nieves</author></authors><title>Microsoft Hololens - A mHealth Solution for Medication Adherence.</title><venue>AIH@IJCAI</venue><pages>99-115</pages><year>2018</year><type>Conference and Workshop Papers</type><key>conf/ijcai/IngesonBN18a</key><doi>10.1007/978-3-030-12738-1_8</doi><ee>https://doi.org/10.1007/978-3-030-12738-1_8</ee><url>https://dblp.org/rec/conf/ijcai/IngesonBN18a</url></info>
<url>URL#1194754</url>
</hit>
<hit score="1" id="1194929">
<info><authors><author pid="14/5534">Clare Martin 0001</author><author pid="87/5588">Arantza Aldea</author><author pid="d/DavidADuce">David Duce</author><author pid="07/4427">Rachel Harrison</author><author pid="131/6133">Bedour Alshaigy</author></authors><title>The Role of Usability Engineering in the Development of an Intelligent Decision Support System.</title><venue>AIH@IJCAI</venue><pages>142-161</pages><year>2018</year><type>Conference and Workshop Papers</type><key>conf/ijcai/MartinADHA18</key><doi>10.1007/978-3-030-12738-1_11</doi><ee>https://doi.org/10.1007/978-3-030-12738-1_11</ee><url>https://dblp.org/rec/conf/ijcai/MartinADHA18</url></info>
<url>URL#1194929</url>
</hit>
<hit score="1" id="1194974">
<info><authors><author pid="236/1385">Rafael O. Nunes</author><author pid="236/1488">João E. Soares</author><author pid="204/3810">Henrique D. P. dos Santos</author><author pid="05/465">Renata Vieira</author></authors><title>MeSHx-Notes - Web-System for Clinical Notes.</title><venue>AIH@IJCAI</venue><pages>5-12</pages><year>2018</year><type>Conference and Workshop Papers</type><key>conf/ijcai/NunesSSV18</key><doi>10.1007/978-3-030-12738-1_1</doi><ee>https://doi.org/10.1007/978-3-030-12738-1_1</ee><url>https://dblp.org/rec/conf/ijcai/NunesSSV18</url></info>
<url>URL#1194974</url>
</hit>
<hit score="1" id="1195003">
<info><authors><author pid="186/5072">Panayiotis Petousis</author><author pid="70/10025">Simon X. Han</author><author pid="22/6109">William Hsu</author><author pid="92/1850">Alex A. T. Bui</author></authors><title>Generating Reward Functions Using IRL Towards Individualized Cancer Screening.</title><venue>AIH@IJCAI</venue><pages>213-227</pages><year>2018</year><type>Conference and Workshop Papers</type><key>conf/ijcai/PetousisHHB18a</key><doi>10.1007/978-3-030-12738-1_16</doi><ee>https://doi.org/10.1007/978-3-030-12738-1_16</ee><url>https://dblp.org/rec/conf/ijcai/PetousisHHB18a</url></info>
<url>URL#1195003</url>
</hit>
<hit score="1" id="1195023">
<info><authors><author pid="204/3369">Edward Raff</author><author pid="64/10654">Shannon Lantzy</author><author pid="212/0083">Ezekiel J. Maier</author></authors><title>Dr. AI, Where Did You Get Your Degree?</title><venue>AIH@IJCAI</venue><pages>76-83</pages><year>2018</year><type>Conference and Workshop Papers</type><key>conf/ijcai/RaffLM18a</key><doi>10.1007/978-3-030-12738-1_6</doi><ee>https://doi.org/10.1007/978-3-030-12738-1_6</ee><url>https://dblp.org/rec/conf/ijcai/RaffLM18a</url></info>
<url>URL#1195023</url>
</hit>
<hit score="1" id="1195025">
<info><authors><author pid="04/7466">Muhammad Rafiq</author><author pid="225/7558">George Keel</author><author pid="225/7557">Pamela Mazzocato</author><author pid="165/0471">Jonas Spaak</author><author pid="225/7538">Carl Savage</author><author pid="g/ChristianGuttmann">Christian Guttmann</author></authors><title>Deep Learning Architectures for Vector Representations of Patients and Exploring Predictors of 30-Day Hospital Readmissions in Patients with Multiple Chronic Conditions.</title><venue>AIH@IJCAI</venue><pages>228-244</pages><year>2018</year><type>Conference and Workshop Papers</type><key>conf/ijcai/RafiqKMSSG18a</key><doi>10.1007/978-3-030-12738-1_17</doi><ee>https://doi.org/10.1007/978-3-030-12738-1_17</ee><url>https://dblp.org/rec/conf/ijcai/RafiqKMSSG18a</url></info>
<url>URL#1195025</url>
</hit>
<hit score="1" id="1195055">
<info><authors><author pid="71/6493">Michael Schnell</author><author pid="127/5342">Sophie Couffignal</author><author pid="20/3650">Jean Lieber</author><author pid="201/6059">Stéphanie Saleh</author><author pid="33/2692">Nicolas Jay</author></authors><title>Interpretation of Best Medical Coding Practices by Case-Based Reasoning - A User Assistance Prototype for Data Collection for Cancer Registries.</title><venue>AIH@IJCAI</venue><pages>190-198</pages><year>2018</year><type>Conference and Workshop Papers</type><key>conf/ijcai/SchnellCLSJ18a</key><doi>10.1007/978-3-030-12738-1_14</doi><ee>https://doi.org/10.1007/978-3-030-12738-1_14</ee><url>https://dblp.org/rec/conf/ijcai/SchnellCLSJ18a</url></info>
<url>URL#1195055</url>
</hit>
<hit score="1" id="1195210">
<info><authors><author pid="03/6930-4">Steve Williams 0004</author><author pid="186/9369">John Mark Ware</author><author pid="134/4889">Berndt Müller</author></authors><title>Ethical Surveillance - Applying Deep Learning and Contextual Awareness for the Benefit of Persons Living with Dementia.</title><venue>AIH@IJCAI</venue><pages>29-47</pages><year>2018</year><type>Conference and Workshop Papers</type><key>conf/ijcai/WilliamsWM18a</key><doi>10.1007/978-3-030-12738-1_3</doi><ee>https://doi.org/10.1007/978-3-030-12738-1_3</ee><url>https://dblp.org/rec/conf/ijcai/WilliamsWM18a</url></info>
<url>URL#1195210</url>
</hit>
<hit score="1" id="1195235">
<info><authors><author pid="00/8493">Xiaojing Xu</author><author pid="225/7536">Kenneth D. Craig</author><author pid="225/7541">Damaris Diaz</author><author pid="08/7406">Matthew S. Goodwin</author><author pid="41/8762">Murat Akçakaya</author><author pid="225/7546">Büsra Tugçe Susam</author><author pid="30/219">Jeannie S. Huang</author><author pid="94/4658">Virginia R. de Sa</author></authors><title>Automated Pain Detection in Facial Videos of Children Using Human-Assisted Transfer Learning.</title><venue>AIH@IJCAI</venue><pages>162-180</pages><year>2018</year><type>Conference and Workshop Papers</type><key>conf/ijcai/XuCDGASHS18a</key><doi>10.1007/978-3-030-12738-1_12</doi><ee>https://doi.org/10.1007/978-3-030-12738-1_12</ee><url>https://dblp.org/rec/conf/ijcai/XuCDGASHS18a</url></info>
<url>URL#1195235</url>
</hit>
<hit score="1" id="1195247">
<info><authors><author pid="00/8493">Xiaojing Xu</author><author pid="225/7546">Büsra Tugçe Susam</author><author pid="34/9768">Hooman Nezamfar</author><author pid="225/7541">Damaris Diaz</author><author pid="225/7536">Kenneth D. Craig</author><author pid="08/7406">Matthew S. Goodwin</author><author pid="41/8762">Murat Akçakaya</author><author pid="30/219">Jeannie S. Huang</author><author pid="94/4658">Virginia R. de Sa</author></authors><title>Towards Automated Pain Detection in Children Using Facial and Electrodermal Activity.</title><venue>AIH@IJCAI</venue><pages>181-189</pages><year>2018</year><type>Conference and Workshop Papers</type><key>conf/ijcai/XuSNDCGAHS18</key><doi>10.1007/978-3-030-12738-1_13</doi><ee>https://doi.org/10.1007/978-3-030-12738-1_13</ee><url>https://dblp.org/rec/conf/ijcai/XuSNDCGAHS18</url></info>
<url>URL#1195247</url>
</hit>
</hits>
</result>
