<?xml version="1.0" encoding="UTF-8"?>
<result>
<query id="179129">:facetid:toc:db\"/\"conf\"/\"ijcai\"/\"aih2018\".\"bht</query>
<status code="200">OK</status>
<time unit="msecs">139.13</time>
<completions total="1" computed="1" sent="1">
<c sc="27" dc="27" oc="27" id="18262889">:facetid:toc:db/conf/ijcai/aih2018.bht</c>
</completions>
<hits total="27" computed="27" sent="27" first="0">
<hit score="1" id="1194413">
<info><authors><author pid="173/6909">Fernando Andreotti</author><author pid="126/3801">Huy Phan</author><author pid="92/46">Maarten De Vos</author></authors><title>Visualising convolutional neural network decisions in automated sleep scoring.</title><venue>AIH@IJCAI</venue><pages>70-81</pages><year>2018</year><type>Conference and Workshop Papers</type><key>conf/ijcai/AndreottiPV18</key><ee>http://ceur-ws.org/Vol-2142/paper5.pdf</ee><url>https://dblp.org/rec/conf/ijcai/AndreottiPV18</url></info>
<url>URL#1194413</url>
</hit>
<hit score="1" id="1194435">
<info><authors><author pid="214/7189">Colja A. Becker</author><author pid="129/9424">Fabian Lorig</author><author pid="60/2246">Ingo J. Timm</author></authors><title>Survey of multiagent systems for improving home health care management.</title><venue>AIH@IJCAI</venue><pages>169-180</pages><year>2018</year><type>Conference and Workshop Papers</type><key>conf/ijcai/BeckerLT18</key><ee>http://ceur-ws.org/Vol-2142/paper11.pdf</ee><url>https://dblp.org/rec/conf/ijcai/BeckerLT18</url></info>
<url>URL#1194435</url>
</hit>
<hit score="1" id="1194492">
<info><authors><author pid="200/9869">Julià Camps</author><author pid="153/5758">Adam McCarthy</author><author pid="05/6744">Blanca Rodríguez</author><author pid="116/3714">Ana Mincholé</author></authors><title>ConvNet based QRS multilead delineator in electrocardiogram signals.</title><venue>AIH@IJCAI</venue><pages>1-4</pages><year>2018</year><type>Conference and Workshop Papers</type><key>conf/ijcai/CampsMRM18</key><ee>http://ceur-ws.org/Vol-2142/short1.pdf</ee><url>https://dblp.org/rec/conf/ijcai/CampsMRM18</url></info>
<url>URL#1194492</url>
</hit>
<hit score="1" id="1194503">
<info><authors><author pid="225/7553">Ilyas Chaoua</author><author pid="r/DiegoReforgiatoRecupero">Diego Reforgiato Recupero</author><author pid="36/1270">Sergio Consoli</author><author pid="21/5537">Aki Härmä</author><author pid="13/8360">Rim Helaoui</author></authors><title>Detecting and tracking ongoing topics in psychotherapeutic conversations.</title><venue>AIH@IJCAI</venue><pages>97-108</pages><year>2018</year><type>Conference and Workshop Papers</type><key>conf/ijcai/ChaouaRCHH18</key><ee>http://ceur-ws.org/Vol-2142/paper6.pdf</ee><url>https://dblp.org/rec/conf/ijcai/ChaouaRCHH18</url></info>
<url>URL#1194503</url>
</hit>
<hit score="1" id="1194533">
<info><authors><author pid="225/7539">Isabel Chien</author><author pid="225/7518">Alvin Shi</author><author pid="225/7535">Alex Chan</author><author pid="225/7506">Charlotta Lindvall</author></authors><title>Identification of serious illness conversations in unstructured clinical notes using deep neural networks.</title><venue>AIH@IJCAI</venue><pages>125-139</pages><year>2018</year><type>Conference and Workshop Papers</type><key>conf/ijcai/ChienSCL18</key><ee>http://ceur-ws.org/Vol-2142/paper8.pdf</ee><url>https://dblp.org/rec/conf/ijcai/ChienSCL18</url></info>
<url>URL#1194533</url>
</hit>
<hit score="1" id="1194582">
<info><authors><author pid="214/8666">Jeff Druce</author><author pid="151/4935">Max Metzger</author><author pid="87/635">Nidhi Gupta</author><author pid="173/9364">Rishi Kundi</author></authors><title>Predicting observable and occult injuries in trauma patients from sparse measurements.</title><venue>AIH@IJCAI</venue><pages>65-69</pages><year>2018</year><type>Conference and Workshop Papers</type><key>conf/ijcai/DruceMGK18</key><ee>http://ceur-ws.org/Vol-2142/short5.pdf</ee><url>https://dblp.org/rec/conf/ijcai/DruceMGK18</url></info>
<url>URL#1194582</url>
</hit>
<hit score="1" id="1194627">
<info><authors><author pid="01/8160">Nathanael Fillmore</author><author pid="225/7507">Ansh Mehta</author><author pid="207/6895">Jeremy Weiss</author></authors><title>Bicluster phenotyping of healthcare providers, procedures, and prescriptions at scale with deep learning.</title><venue>AIH@IJCAI</venue><pages>5-9</pages><year>2018</year><type>Conference and Workshop Papers</type><key>conf/ijcai/FillmoreMW18</key><ee>http://ceur-ws.org/Vol-2142/short2.pdf</ee><url>https://dblp.org/rec/conf/ijcai/FillmoreMW18</url></info>
<url>URL#1194627</url>
</hit>
<hit score="1" id="1194655">
<info><authors><author pid="220/9776">Marcel Gehrke</author><author pid="185/3615">Tanya Braun</author><author pid="m/RalfMoller">Ralf Möller 0001</author><author pid="225/7554">Alexander Waschkau</author><author pid="225/7534">Christoph Strumann</author><author pid="199/7802">Jost Steinhäuser</author></authors><title>Towards lifted maximum expected utility.</title><venue>AIH@IJCAI</venue><pages>93-96</pages><year>2018</year><type>Conference and Workshop Papers</type><key>conf/ijcai/GehrkeB0WSS18</key><ee>http://ceur-ws.org/Vol-2142/short8.pdf</ee><url>https://dblp.org/rec/conf/ijcai/GehrkeB0WSS18</url></info>
<url>URL#1194655</url>
</hit>
<hit score="1" id="1194678">
<info><authors><author pid="68/8282">Esteban Guerrero</author><author pid="150/9208">Ming-Hsin Lu</author><author pid="42/2777">Hsiu-Ping Yueh</author><author pid="97/1792">Helena Lindgren</author></authors><title>Autonomous adaptation of software agents in the support of human activities.</title><venue>AIH@IJCAI</venue><pages>144-156</pages><year>2018</year><type>Conference and Workshop Papers</type><key>conf/ijcai/GuerreroLYL18</key><ee>http://ceur-ws.org/Vol-2142/paper9.pdf</ee><url>https://dblp.org/rec/conf/ijcai/GuerreroLYL18</url></info>
<url>URL#1194678</url>
</hit>
<hit score="1" id="1194694">
<info><authors><author pid="225/7526">Charles Hamesse</author><author pid="k/HedvigKjellstrom">Hedvig Kjellström</author><author pid="192/1443">Paul Ackermann</author><author pid="82/6384-5">Cheng Zhang 0005</author></authors><title>Simultaneous measurement imputation and outcome prediction for Achilles tendon rupture rehabilitation.</title><venue>AIH@IJCAI</venue><pages>82-86</pages><year>2018</year><type>Conference and Workshop Papers</type><key>conf/ijcai/HamesseKAZ18</key><ee>http://ceur-ws.org/Vol-2142/short6.pdf</ee><url>https://dblp.org/rec/conf/ijcai/HamesseKAZ18</url></info>
<url>URL#1194694</url>
</hit>
<hit score="1" id="1194707">
<info><authors><author pid="21/5537">Aki Härmä</author><author pid="31/3505-2">Andrey Polyakov 0002</author><author pid="147/6699">Ekaterina Chernyak</author></authors><title>Active learning experiments for the classification of smoking tweets.</title><venue>AIH@IJCAI</venue><pages>193-203</pages><year>2018</year><type>Conference and Workshop Papers</type><key>conf/ijcai/HarmaPC18</key><ee>http://ceur-ws.org/Vol-2142/paper13.pdf</ee><url>https://dblp.org/rec/conf/ijcai/HarmaPC18</url></info>
<url>URL#1194707</url>
</hit>
<hit score="1" id="1194750">
<info><authors><author pid="170/0022">Stephanie L. Hyland</author><author pid="222/1896">Matthias Hüser</author><author pid="146/6473">Xinrui Lyu</author><author pid="225/7551">Martin Faltys</author><author pid="225/7523">Tobias Merz</author><author pid="33/3796">Gunnar Rätsch</author></authors><title>Predicting circulatory system deterioration in intensive care unit patients.</title><venue>AIH@IJCAI</venue><pages>87-92</pages><year>2018</year><type>Conference and Workshop Papers</type><key>conf/ijcai/HylandHLFMR18</key><ee>http://ceur-ws.org/Vol-2142/short7.pdf</ee><url>https://dblp.org/rec/conf/ijcai/HylandHLFMR18</url></info>
<url>URL#1194750</url>
</hit>
<hit score="1" id="1194753">
<info><authors><author pid="225/7559">Martin Ingeson</author><author pid="165/5276">Madeleine Blusi</author><author pid="88/5451">Juan Carlos Nieves</author></authors><title>Smart augmented reality mHealth for medication adherence.</title><venue>AIH@IJCAI</venue><pages>157-168</pages><year>2018</year><type>Conference and Workshop Papers</type><key>conf/ijcai/IngesonBN18</key><ee>http://ceur-ws.org/Vol-2142/paper10.pdf</ee><url>https://dblp.org/rec/conf/ijcai/IngesonBN18</url></info>
<url>URL#1194753</url>
</hit>
<hit score="1" id="1194930">
<info><authors><author pid="14/5534">Clare E. Martin</author><author pid="87/5588">Arantza Aldea</author><author pid="d/DavidADuce">David Duce</author><author pid="07/4427">Rachel Harrison</author><author pid="170/7234">Marion Waite</author></authors><title>The role of usability engineering in the development of an intelligent decision support system.</title><venue>AIH@IJCAI</venue><pages>33-36</pages><year>2018</year><type>Conference and Workshop Papers</type><key>conf/ijcai/MartinADHW18</key><ee>http://ceur-ws.org/Vol-2142/short3.pdf</ee><url>https://dblp.org/rec/conf/ijcai/MartinADHW18</url></info>
<url>URL#1194930</url>
</hit>
<hit score="1" id="1195002">
<info><authors><author pid="186/5072">Panayiotis Petousis</author><author pid="70/10025">Simon X. Han</author><author pid="22/6109">William Hsu</author><author pid="92/1850">Alex A. T. Bui</author></authors><title>Generating reward functions using IRL towards individualized cancer screening.</title><venue>AIH@IJCAI</venue><pages>109-120</pages><year>2018</year><type>Conference and Workshop Papers</type><key>conf/ijcai/PetousisHHB18</key><ee>http://ceur-ws.org/Vol-2142/paper7.pdf</ee><url>https://dblp.org/rec/conf/ijcai/PetousisHHB18</url></info>
<url>URL#1195002</url>
</hit>
<hit score="1" id="1195022">
<info><authors><author pid="204/3369">Edward Raff</author><author pid="64/10654">Shannon Lantzy</author><author pid="212/0083">Ezekiel J. Maier</author></authors><title>Dr. AI, where did you get your degree?</title><venue>AIH@IJCAI</venue><pages>204-207</pages><year>2018</year><type>Conference and Workshop Papers</type><key>conf/ijcai/RaffLM18</key><ee>http://ceur-ws.org/Vol-2142/short11.pdf</ee><url>https://dblp.org/rec/conf/ijcai/RaffLM18</url></info>
<url>URL#1195022</url>
</hit>
<hit score="1" id="1195024">
<info><authors><author pid="04/7466">Muhammad Rafiq</author><author pid="225/7558">George Keel</author><author pid="225/7557">Pamela Mazzocato</author><author pid="165/0471">Jonas Spaak</author><author pid="225/7538">Carl Savage</author><author pid="g/ChristianGuttmann">Christian Guttmann</author></authors><title>Deep learning architectures for vector representations of patients and exploring predictors of 30-day hospital readmissions in patients with multiple chronic conditions.</title><venue>AIH@IJCAI</venue><pages>37-48</pages><year>2018</year><type>Conference and Workshop Papers</type><key>conf/ijcai/RafiqKMSSG18</key><ee>http://ceur-ws.org/Vol-2142/paper3.pdf</ee><url>https://dblp.org/rec/conf/ijcai/RafiqKMSSG18</url></info>
<url>URL#1195024</url>
</hit>
<hit score="1" id="1195045">
<info><authors><author pid="88/10847">Sadiq Sani</author><author pid="74/507">Nirmalie Wiratunga</author><author pid="26/2155">Stewart Massie</author><author pid="201/6060">Kay Cooper</author></authors><title>Matching networks for personalised human activity recognition.</title><venue>AIH@IJCAI</venue><pages>61-64</pages><year>2018</year><type>Conference and Workshop Papers</type><key>conf/ijcai/SaniWMC18</key><ee>http://ceur-ws.org/Vol-2142/short4.pdf</ee><url>https://dblp.org/rec/conf/ijcai/SaniWMC18</url></info>
<url>URL#1195045</url>
</hit>
<hit score="1" id="1195046">
<info><authors><author pid="204/3810">Henrique D. P. dos Santos</author><author pid="236/1385">Rafael O. Nunes</author><author pid="236/1488">João E. Soares</author><author pid="05/465">Renata Vieira</author></authors><title>MeSHx-Notes - web-system for clinical notes information extraction.</title><venue>AIH@IJCAI</venue><pages>140-143</pages><year>2018</year><type>Conference and Workshop Papers</type><key>conf/ijcai/SantosNSV18</key><ee>http://ceur-ws.org/Vol-2142/short10.pdf</ee><url>https://dblp.org/rec/conf/ijcai/SantosNSV18</url></info>
<url>URL#1195046</url>
</hit>
<hit score="1" id="1195054">
<info><authors><author pid="71/6493">Michael Schnell</author><author pid="127/5342">Sophie Couffignal</author><author pid="20/3650">Jean Lieber</author><author pid="201/6059">Stéphanie Saleh</author><author pid="33/2692">Nicolas Jay</author></authors><title>Interpretation of best medical coding practices by case-based reasoning - A user assistance prototype for data collection for cancer registries.</title><venue>AIH@IJCAI</venue><pages>121-124</pages><year>2018</year><type>Conference and Workshop Papers</type><key>conf/ijcai/SchnellCLSJ18</key><ee>http://ceur-ws.org/Vol-2142/short9.pdf</ee><url>https://dblp.org/rec/conf/ijcai/SchnellCLSJ18</url></info>
<url>URL#1195054</url>
</hit>
<hit score="1" id="1195136">
<info><authors><author pid="129/4114">Ferran Torrent-Fontbona</author><author pid="150/1521">Joaquim Massana</author><author pid="l/BeatrizLopez">Beatriz López</author></authors><title>Case-base maintenance of a personalized insulin dose recommender system for Type 1 Diabetes Mellitus.</title><venue>AIH@IJCAI</venue><pages>22-32</pages><year>2018</year><type>Conference and Workshop Papers</type><key>conf/ijcai/Torrent-Fontbona18</key><ee>http://ceur-ws.org/Vol-2142/paper2.pdf</ee><url>https://dblp.org/rec/conf/ijcai/Torrent-Fontbona18</url></info>
<url>URL#1195136</url>
</hit>
<hit score="1" id="1195208">
<info><authors><author pid="164/1648">Bryan Wilder</author><author pid="199/6802">Laura Onasch-Vera</author><author pid="223/0163">Juliana Hudson</author><author pid="223/0180">Jose Luna</author><author pid="120/8410">Nicole Wilson</author><author pid="161/0019">Robin Petering</author><author pid="199/6820">Darlene Woo</author><author pid="67/2667">Milind Tambe</author><author pid="32/3768">Eric Rice</author></authors><title>End to end influence maximization for HIV prevention.</title><venue>AIH@IJCAI</venue><pages>181-192</pages><year>2018</year><type>Conference and Workshop Papers</type><key>conf/ijcai/WilderOHLWPWTR18</key><ee>http://ceur-ws.org/Vol-2142/paper12.pdf</ee><url>https://dblp.org/rec/conf/ijcai/WilderOHLWPWTR18</url></info>
<url>URL#1195208</url>
</hit>
<hit score="1" id="1195209">
<info><authors><author pid="03/6930-4">Steve Williams 0004</author><author pid="186/9369">John Mark Ware</author><author pid="134/4889">Berndt Müller</author></authors><title>Preserving safety, privacy and mobility of persons living with Dementia by recognising uncharacteristic out-door movement using Recurrent Neural Networks with low computing capacity.</title><venue>AIH@IJCAI</venue><pages>212-223</pages><year>2018</year><type>Conference and Workshop Papers</type><key>conf/ijcai/WilliamsWM18</key><ee>http://ceur-ws.org/Vol-2142/paper14.pdf</ee><url>https://dblp.org/rec/conf/ijcai/WilliamsWM18</url></info>
<url>URL#1195209</url>
</hit>
<hit score="1" id="1195234">
<info><authors><author pid="00/8493">Xiaojing Xu</author><author pid="225/7536">Kenneth Craig</author><author pid="225/7541">Damaris Diaz</author><author pid="08/7406">Matthew S. Goodwin</author><author pid="41/8762">Murat Akçakaya</author><author pid="225/7546">Busra Susam</author><author pid="30/219">Jeannie Huang</author><author pid="94/4658">Virginia R. de Sa</author></authors><title>Automated pain detection in facial videos of children using human-assisted transfer learning.</title><venue>AIH@IJCAI</venue><pages>10-21</pages><year>2018</year><type>Conference and Workshop Papers</type><key>conf/ijcai/XuCDGASHS18</key><ee>http://ceur-ws.org/Vol-2142/paper1.pdf</ee><url>https://dblp.org/rec/conf/ijcai/XuCDGASHS18</url></info>
<url>URL#1195234</url>
</hit>
<hit score="1" id="1195246">
<info><authors><author pid="00/8493">Xiaojing Xu</author><author pid="225/7546">Busra Susam</author><author pid="34/9768">Hooman Nezamfar</author><author pid="225/7536">Kenneth Craig</author><author pid="225/7541">Damaris Diaz</author><author pid="30/219">Jeannie Huang</author><author pid="08/7406">Matthew S. Goodwin</author><author pid="41/8762">Murat Akçakaya</author><author pid="94/4658">Virginia R. de Sa</author></authors><title>Towards automated pain detection in children using facial and electrodermal activity.</title><venue>AIH@IJCAI</venue><pages>208-211</pages><year>2018</year><type>Conference and Workshop Papers</type><key>conf/ijcai/XuSNCDHGAS18</key><ee>http://ceur-ws.org/Vol-2142/short12.pdf</ee><url>https://dblp.org/rec/conf/ijcai/XuSNCDHGAS18</url></info>
<url>URL#1195246</url>
</hit>
<hit score="1" id="1195381">
<info><authors><author pid="79/4629">Yao Zhu</author><author pid="06/209">Xiaoliang Fan</author><author pid="199/7633">Jinzhun Wu</author><author pid="82/1364">Xiao Liu</author><author pid="43/10099">Jia Shi</author><author pid="54/2062-3">Cheng Wang 0003</author></authors><title>Predicting ICU mortality by supervised bidirectional LSTM networks.</title><venue>AIH@IJCAI</venue><pages>49-60</pages><year>2018</year><type>Conference and Workshop Papers</type><key>conf/ijcai/ZhuFWLSW18</key><ee>http://ceur-ws.org/Vol-2142/paper4.pdf</ee><url>https://dblp.org/rec/conf/ijcai/ZhuFWLSW18</url></info>
<url>URL#1195381</url>
</hit>
<hit score="1" id="1267069">
<info><authors><author pid="b/IsabelleBichindaritz">Isabelle Bichindaritz</author><author pid="g/ChristianGuttmann">Christian Guttmann</author><author pid="57/3436">Pau Herrero</author><author pid="79/1764">Fernando Koch</author><author pid="40/8361">Andrew Koster</author><author pid="22/1606">Richard Lenz</author><author pid="l/BeatrizLopez">Beatriz López Ibáñez</author><author pid="m/CynthiaRMarling">Cindy Marling</author><author pid="14/5534">Clare Martin 0001</author><author pid="20/1025">Sara Montagna</author><author pid="m/StefaniaMontani">Stefania Montani</author><author pid="r/ManfredReichert">Manfred Reichert</author><author pid="75/1604-1">David Riaño 0001</author><author pid="65/528">Michael Ignaz Schumacher</author><author pid="96/3134">Annette ten Teije</author><author pid="74/507">Nirmalie Wiratunga</author></authors><title>Proceedings of the First Joint Workshop on AI in Health organized as part of the Federated AI Meeting (FAIM 2018), co-located with AAMAS 2018, ICML 2018, IJCAI 2018 and ICCBR 2018, Stockholm, Sweden, July 13-14, 2018.</title><venue>AIH@IJCAI</venue><venue>CEUR Workshop Proceedings</venue><volume>2142</volume><publisher>CEUR-WS.org</publisher><year>2018</year><type>Editorship</type><key>conf/ijcai/2018aih</key><ee>http://ceur-ws.org/Vol-2142</ee><url>https://dblp.org/rec/conf/ijcai/2018aih</url></info>
<url>URL#1267069</url>
</hit>
</hits>
</result>
