<?xml version="1.0" encoding="UTF-8"?>
<result>
<query id="181123">:facetid:toc:db\"/\"conf\"/\"ijcai\"/\"hbai2019\".\"bht</query>
<status code="200">OK</status>
<time unit="msecs">133.73</time>
<completions total="1" computed="1" sent="1">
<c sc="25" dc="25" oc="25" id="18262918">:facetid:toc:db/conf/ijcai/hbai2019.bht</c>
</completions>
<hits total="25" computed="25" sent="25" first="0">
<hit score="1" id="815571">
<info><authors><author pid="52/7369">Lu Cao</author><author pid="47/722-4">Yue Zhang 0004</author></authors><title>Investigating Lexical and Semantic Cognition by Using Neural Network to Encode and Decode Brain Imaging.</title><venue>HBAI@IJCAI</venue><pages>84-100</pages><year>2019</year><type>Conference and Workshop Papers</type><key>conf/ijcai/CaoZ19</key><doi>10.1007/978-981-15-1398-5_6</doi><ee>https://doi.org/10.1007/978-981-15-1398-5_6</ee><url>https://dblp.org/rec/conf/ijcai/CaoZ19</url></info>
<url>URL#815571</url>
</hit>
<hit score="1" id="815603">
<info><authors><author pid="18/6696">Ruoyu Chen</author><author pid="22/863">Zhongnian Li</author><author pid="03/2763">Daoqiang Zhang</author></authors><title>Adaptive Joint Attention with Reinforcement Training for Convolutional Image Caption.</title><venue>HBAI@IJCAI</venue><pages>235-247</pages><year>2019</year><type>Conference and Workshop Papers</type><key>conf/ijcai/ChenLZ19</key><doi>10.1007/978-981-15-1398-5_17</doi><ee>https://doi.org/10.1007/978-981-15-1398-5_17</ee><url>https://dblp.org/rec/conf/ijcai/ChenLZ19</url></info>
<url>URL#815603</url>
</hit>
<hit score="1" id="815619">
<info><authors><author pid="169/3040">Xieling Chen</author><author pid="68/1939">Xinxin Zhang</author><author pid="83/8908">Haoran Xie 0001</author><author pid="62/6271">Fu Lee Wang</author><author pid="89/5901-10">Jun Yan 0010</author><author pid="81/6701">Tianyong Hao</author></authors><title>Trends and Features of Human Brain Research Using Artificial Intelligence Techniques - A Bibliometric Approach.</title><venue>HBAI@IJCAI</venue><pages>69-83</pages><year>2019</year><type>Conference and Workshop Papers</type><key>conf/ijcai/ChenZXW0H19</key><doi>10.1007/978-981-15-1398-5_5</doi><ee>https://doi.org/10.1007/978-981-15-1398-5_5</ee><url>https://dblp.org/rec/conf/ijcai/ChenZXW0H19</url></info>
<url>URL#815619</url>
</hit>
<hit score="1" id="815661">
<info><authors><author pid="119/2931">Amy Wenxuan Ding</author></authors><title>Implicit Cognition and Understanding Unobserved Human Mind States by Machines.</title><venue>HBAI@IJCAI</venue><pages>170-180</pages><year>2019</year><type>Conference and Workshop Papers</type><key>conf/ijcai/Ding19</key><doi>10.1007/978-981-15-1398-5_12</doi><ee>https://doi.org/10.1007/978-981-15-1398-5_12</ee><url>https://dblp.org/rec/conf/ijcai/Ding19</url></info>
<url>URL#815661</url>
</hit>
<hit score="1" id="815663">
<info><authors><author pid="222/3543">Zihan Ding</author><author pid="125/9849">Xiao-Yang Liu</author><author pid="199/1982">Miao Yin</author><author pid="23/7909">Linghe Kong</author></authors><title>Tensor Super-Resolution with Generative Adversarial Nets - A Large Image Generation Approach.</title><venue>HBAI@IJCAI</venue><pages>209-223</pages><year>2019</year><type>Conference and Workshop Papers</type><key>conf/ijcai/DingLYK19</key><doi>10.1007/978-981-15-1398-5_15</doi><ee>https://doi.org/10.1007/978-981-15-1398-5_15</ee><url>https://dblp.org/rec/conf/ijcai/DingLYK19</url></info>
<url>URL#815663</url>
</hit>
<hit score="1" id="815667">
<info><authors><author pid="71/10628">Qunxi Dong</author><author pid="84/6889-26">Jie Zhang 0026</author><author pid="70/11398">Qingyang Li</author><author pid="t/PaulMThompson">Paul M. Thompson</author><author pid="93/10748">Richard J. Caselli</author><author pid="03/5454">Jieping Ye</author><author pid="88/128-1">Yalin Wang 0001</author></authors><title>Multi-task Dictionary Learning Based on Convolutional Neural Networks for Longitudinal Clinical Score Predictions in Alzheimer&apos;s Disease.</title><venue>HBAI@IJCAI</venue><pages>21-35</pages><year>2019</year><type>Conference and Workshop Papers</type><key>conf/ijcai/Dong0LTCYW19</key><doi>10.1007/978-981-15-1398-5_2</doi><ee>https://doi.org/10.1007/978-981-15-1398-5_2</ee><url>https://dblp.org/rec/conf/ijcai/Dong0LTCYW19</url></info>
<url>URL#815667</url>
</hit>
<hit score="1" id="815696">
<info><authors><author pid="132/6938">Rodolfo A. Fiorini</author></authors><title>Brain Research and Arbitrary Multiscale Quantum Uncertainty.</title><venue>HBAI@IJCAI</venue><pages>151-169</pages><year>2019</year><type>Conference and Workshop Papers</type><key>conf/ijcai/Fiorini19a</key><doi>10.1007/978-981-15-1398-5_11</doi><ee>https://doi.org/10.1007/978-981-15-1398-5_11</ee><url>https://dblp.org/rec/conf/ijcai/Fiorini19a</url></info>
<url>URL#815696</url>
</hit>
<hit score="1" id="815746">
<info><authors><author pid="160/3536">Ashley Daniel Gritzman</author></authors><title>Avoiding Implementation Pitfalls of &quot;Matrix Capsules with EM Routing&quot; by Hinton et al.</title><venue>HBAI@IJCAI</venue><pages>224-234</pages><year>2019</year><type>Conference and Workshop Papers</type><key>conf/ijcai/Gritzman19</key><doi>10.1007/978-981-15-1398-5_16</doi><ee>https://doi.org/10.1007/978-981-15-1398-5_16</ee><url>https://dblp.org/rec/conf/ijcai/Gritzman19</url></info>
<url>URL#815746</url>
</hit>
<hit score="1" id="815908">
<info><authors><author pid="175/8936">Yonghua Lao</author><author pid="76/4971">Tianqi Zhang</author><author pid="58/3451">Jinhua Huang</author><author pid="07/630">R. Yang</author></authors><title>Model and Simulation of Microwave Ablation with Single Antennas on Irregular Hepatic Cancerous Tissue.</title><venue>HBAI@IJCAI</venue><pages>300-309</pages><year>2019</year><type>Conference and Workshop Papers</type><key>conf/ijcai/LaoZHY19</key><doi>10.1007/978-981-15-1398-5_22</doi><ee>https://doi.org/10.1007/978-981-15-1398-5_22</ee><url>https://dblp.org/rec/conf/ijcai/LaoZHY19</url></info>
<url>URL#815908</url>
</hit>
<hit score="1" id="815935">
<info><authors><author pid="82/4081">Wenwei Li</author><author pid="252/5945">Guangsheng Luo</author><author pid="155/6588">Fei Dai</author><author pid="00/3887">Rong Li</author></authors><title>Balance Rule in Artificial Intelligence.</title><venue>HBAI@IJCAI</venue><pages>321-337</pages><year>2019</year><type>Conference and Workshop Papers</type><key>conf/ijcai/LiLDL19</key><doi>10.1007/978-981-15-1398-5_24</doi><ee>https://doi.org/10.1007/978-981-15-1398-5_24</ee><url>https://dblp.org/rec/conf/ijcai/LiLDL19</url></info>
<url>URL#815935</url>
</hit>
<hit score="1" id="815961">
<info><authors><author pid="210/2458">Baihan Lin</author></authors><title>Neural Networks as Model Selection with Incremental MDL Normalization.</title><venue>HBAI@IJCAI</venue><pages>195-208</pages><year>2019</year><type>Conference and Workshop Papers</type><key>conf/ijcai/Lin19</key><doi>10.1007/978-981-15-1398-5_14</doi><ee>https://doi.org/10.1007/978-981-15-1398-5_14</ee><url>https://dblp.org/rec/conf/ijcai/Lin19</url></info>
<url>URL#815961</url>
</hit>
<hit score="1" id="815966">
<info><authors><author pid="252/5957">Zefan Lin</author><author pid="20/10150">Guofu Wang</author><author pid="252/6116">Jiaru Cheng</author><author pid="252/6006">Yaoxin Lin</author><author pid="79/3878">Jianping Liu</author><author pid="226/3840">Jiayin Lin</author><author pid="252/6039">Guomin Luan</author><author pid="29/186">Jie Luo</author></authors><title>A Robust Automated Pipeline for Localizing SEEG Electrode Contacts.</title><venue>HBAI@IJCAI</venue><pages>36-51</pages><year>2019</year><type>Conference and Workshop Papers</type><key>conf/ijcai/LinWCLLLLL19</key><doi>10.1007/978-981-15-1398-5_3</doi><ee>https://doi.org/10.1007/978-981-15-1398-5_3</ee><url>https://dblp.org/rec/conf/ijcai/LinWCLLLLL19</url></info>
<url>URL#815966</url>
</hit>
<hit score="1" id="815999">
<info><authors><author pid="207/8896">Yanfang Long</author><author pid="04/10544">Wanzeng Kong</author><author pid="252/6291">Xuanyu Jin</author><author pid="252/6052">Jili Shang</author><author pid="38/6056">Can Yang</author></authors><title>Visualizing Emotional States - A Method Based on Human Brain Activity.</title><venue>HBAI@IJCAI</venue><pages>248-258</pages><year>2019</year><type>Conference and Workshop Papers</type><key>conf/ijcai/LongKJSY19</key><doi>10.1007/978-981-15-1398-5_18</doi><ee>https://doi.org/10.1007/978-981-15-1398-5_18</ee><url>https://dblp.org/rec/conf/ijcai/LongKJSY19</url></info>
<url>URL#815999</url>
</hit>
<hit score="1" id="816031">
<info><authors><author pid="128/3171">Oishee Mazumder</author><author pid="134/0894">Kingshuk Chakravarty</author><author pid="136/7790">Debatri Chatterjee</author><author pid="119/4839">Soumya Jyoti Banerjee</author><author pid="35/10242">Aniruddha Sinha</author></authors><title>Effect of Age on Postural Balance and Control - Graph Based Connectivity Analysis on Brain Network.</title><venue>HBAI@IJCAI</venue><pages>111-120</pages><year>2019</year><type>Conference and Workshop Papers</type><key>conf/ijcai/MazumderCCBS19</key><doi>10.1007/978-981-15-1398-5_8</doi><ee>https://doi.org/10.1007/978-981-15-1398-5_8</ee><url>https://dblp.org/rec/conf/ijcai/MazumderCCBS19</url></info>
<url>URL#816031</url>
</hit>
<hit score="1" id="816067">
<info><authors><author pid="27/3045">Dan Pan</author><author pid="09/5311">Yin Huang</author><author pid="14/1126">An Zeng</author><author pid="252/6152">Longfei Jia</author><author pid="221/0968">Xiao-Wei Song</author></authors><title>Early Diagnosis of Alzheimer&apos;s Disease Based on Deep Learning and GWAS.</title><venue>HBAI@IJCAI</venue><pages>52-68</pages><year>2019</year><type>Conference and Workshop Papers</type><key>conf/ijcai/PanHZJS19</key><doi>10.1007/978-981-15-1398-5_4</doi><ee>https://doi.org/10.1007/978-981-15-1398-5_4</ee><url>https://dblp.org/rec/conf/ijcai/PanHZJS19</url></info>
<url>URL#816067</url>
</hit>
<hit score="1" id="816087">
<info><authors><author pid="252/6107">Siyuan Ping</author><author pid="48/2807">Long Zhang</author><author pid="02/3674">Xing Wang</author><author pid="41/8967">Guoxian Yu</author></authors><title>Consistent and Specific Multi-view Relative-Transform Classification.</title><venue>HBAI@IJCAI</venue><pages>272-285</pages><year>2019</year><type>Conference and Workshop Papers</type><key>conf/ijcai/PingZWY19</key><doi>10.1007/978-981-15-1398-5_20</doi><ee>https://doi.org/10.1007/978-981-15-1398-5_20</ee><url>https://dblp.org/rec/conf/ijcai/PingZWY19</url></info>
<url>URL#816087</url>
</hit>
<hit score="1" id="816100">
<info><authors><author pid="184/2103">Taher Rahgooy</author><author pid="v/KristenBrentVenable">Kristen Brent Venable</author></authors><title>Learning Preferences in a Cognitive Decision Model.</title><venue>HBAI@IJCAI</venue><pages>181-194</pages><year>2019</year><type>Conference and Workshop Papers</type><key>conf/ijcai/RahgooyV19</key><doi>10.1007/978-981-15-1398-5_13</doi><ee>https://doi.org/10.1007/978-981-15-1398-5_13</ee><url>https://dblp.org/rec/conf/ijcai/RahgooyV19</url></info>
<url>URL#816100</url>
</hit>
<hit score="1" id="816107">
<info><authors><author pid="252/6186">Elad Rapaport</author><author pid="90/3199">Oren Shriki</author><author pid="13/3098">Rami Puzis</author></authors><title>EEGNAS - Neural Architecture Search for Electroencephalography Data Analysis and Decoding.</title><venue>HBAI@IJCAI</venue><pages>3-20</pages><year>2019</year><type>Conference and Workshop Papers</type><key>conf/ijcai/RapaportSP19</key><doi>10.1007/978-981-15-1398-5_1</doi><ee>https://doi.org/10.1007/978-981-15-1398-5_1</ee><url>https://dblp.org/rec/conf/ijcai/RapaportSP19</url></info>
<url>URL#816107</url>
</hit>
<hit score="1" id="816294">
<info><authors><author pid="w/JuyangWeng">Juyang Weng</author><author pid="249/8007">Juan L. Castro-Garcia</author><author pid="139/5832">Zejia Zheng</author><author pid="81/6077">Xiang Wu</author></authors><title>Task-Nonspecific and Modality-Nonspecific AI.</title><venue>HBAI@IJCAI</venue><pages>133-150</pages><year>2019</year><type>Conference and Workshop Papers</type><key>conf/ijcai/WengCZW19</key><doi>10.1007/978-981-15-1398-5_10</doi><ee>https://doi.org/10.1007/978-981-15-1398-5_10</ee><url>https://dblp.org/rec/conf/ijcai/WengCZW19</url></info>
<url>URL#816294</url>
</hit>
<hit score="1" id="816334">
<info><authors><author pid="39/10452">Yifan Xie</author><author pid="02/3674">Xing Wang</author><author pid="48/2807">Long Zhang</author><author pid="41/8967">Guoxian Yu</author></authors><title>Affinity Propagation Clustering Using Centroid-Deviation-Distance Based Similarity.</title><venue>HBAI@IJCAI</venue><pages>286-299</pages><year>2019</year><type>Conference and Workshop Papers</type><key>conf/ijcai/XieWZY19</key><doi>10.1007/978-981-15-1398-5_21</doi><ee>https://doi.org/10.1007/978-981-15-1398-5_21</ee><url>https://dblp.org/rec/conf/ijcai/XieWZY19</url></info>
<url>URL#816334</url>
</hit>
<hit score="1" id="816335">
<info><authors><author pid="252/6231">Yangjie Xie</author><author pid="83/2753">Rongqian Yang</author></authors><title>Intraoperative Accurate Automatic Modeling of Skull Defects with Neuronavigation System.</title><venue>HBAI@IJCAI</venue><pages>121-129</pages><year>2019</year><type>Conference and Workshop Papers</type><key>conf/ijcai/XieY19</key><doi>10.1007/978-981-15-1398-5_9</doi><ee>https://doi.org/10.1007/978-981-15-1398-5_9</ee><url>https://dblp.org/rec/conf/ijcai/XieY19</url></info>
<url>URL#816335</url>
</hit>
<hit score="1" id="816418">
<info><authors><author pid="66/4615">Yong Zhang</author><author pid="89/5901-10">Jun Yan 0010</author><author pid="70/6961">Haitao Huang</author><author pid="252/6286">Christopher Yencha</author></authors><title>Applying Attention Mechanism and Deep Neural Network for Medical Object Segmentation and Classification in X-Ray Fluoroscopy Images.</title><venue>HBAI@IJCAI</venue><pages>101-110</pages><year>2019</year><type>Conference and Workshop Papers</type><key>conf/ijcai/Zhang0HY19</key><doi>10.1007/978-981-15-1398-5_7</doi><ee>https://doi.org/10.1007/978-981-15-1398-5_7</ee><url>https://dblp.org/rec/conf/ijcai/Zhang0HY19</url></info>
<url>URL#816418</url>
</hit>
<hit score="1" id="816425">
<info><authors><author pid="29/2631">Xiaodan Zhang</author><author pid="99/4522">Xinbo Gao 0001</author><author pid="31/6140">Wen Lu</author><author pid="13/2227">Ying Yu</author><author pid="64/8741">Lihuo He</author></authors><title>Unified Image Aesthetic Prediction via Scanpath-Guided Feature Aggregation Network.</title><venue>HBAI@IJCAI</venue><pages>259-271</pages><year>2019</year><type>Conference and Workshop Papers</type><key>conf/ijcai/ZhangGLYH19</key><doi>10.1007/978-981-15-1398-5_19</doi><ee>https://doi.org/10.1007/978-981-15-1398-5_19</ee><url>https://dblp.org/rec/conf/ijcai/ZhangGLYH19</url></info>
<url>URL#816425</url>
</hit>
<hit score="1" id="816432">
<info><authors><author pid="119/9089">Xinmeng Zhang</author><author pid="65/3615">Xinguang Li</author><author pid="67/3929">Shengyi Jiang</author><author pid="97/30">Xia Li</author><author pid="183/8936">Bolin Xie</author></authors><title>A Two-Stage Overlapping Community Detection Based on Structure and Node Attributes in Online Social Networks.</title><venue>HBAI@IJCAI</venue><pages>310-320</pages><year>2019</year><type>Conference and Workshop Papers</type><key>conf/ijcai/ZhangLJLX19</key><doi>10.1007/978-981-15-1398-5_23</doi><ee>https://doi.org/10.1007/978-981-15-1398-5_23</ee><url>https://dblp.org/rec/conf/ijcai/ZhangLJLX19</url></info>
<url>URL#816432</url>
</hit>
<hit score="1" id="890764">
<info><authors><author pid="14/1126">An Zeng</author><author pid="27/3045">Dan Pan</author><author pid="81/6701">Tianyong Hao</author><author pid="03/2763">Daoqiang Zhang</author><author pid="94/5536">Yiyu Shi</author><author pid="15/2546">Xiaowei Song</author></authors><title>Human Brain and Artificial Intelligence - First International Workshop, HBAI 2019, Held in Conjunction with IJCAI 2019, Macao, China, August 12, 2019, Revised Selected Papers</title><venue>HBAI@IJCAI</venue><venue>Communications in Computer and Information Science</venue><volume>1072</volume><publisher>Springer</publisher><year>2019</year><type>Editorship</type><key>conf/ijcai/2019hbai</key><doi>10.1007/978-981-15-1398-5</doi><ee>https://doi.org/10.1007/978-981-15-1398-5</ee><url>https://dblp.org/rec/conf/ijcai/2019hbai</url></info>
<url>URL#890764</url>
</hit>
</hits>
</result>
