<?xml version="1.0" encoding="UTF-8"?>
<result>
<query id="181056">:facetid:toc:db\"/\"conf\"/\"ijcai\"/\"khd2019\".\"bht</query>
<status code="200">OK</status>
<time unit="msecs">151.74</time>
<completions total="1" computed="1" sent="1">
<c sc="11" dc="11" oc="11" id="18262967">:facetid:toc:db/conf/ijcai/khd2019.bht</c>
</completions>
<hits total="11" computed="11" sent="11" first="0">
<hit score="1" id="815471">
<info><authors><author pid="247/6886">Micheal Abaho</author><author pid="b/DanushkaBollegala">Danushka Bollegala</author><author pid="247/6887">Paula R. Williamson</author><author pid="247/6888">Susanna Dodd</author></authors><title>Correcting Crowdsourced Annotations to Improve Detection of Outcome Types in Evidence Based Medicine.</title><venue>KHD@IJCAI</venue><pages>1-5</pages><year>2019</year><type>Conference and Workshop Papers</type><key>conf/ijcai/AbahoBWD19</key><ee>http://ceur-ws.org/Vol-2429/paper1.pdf</ee><url>https://dblp.org/rec/conf/ijcai/AbahoBWD19</url></info>
<url>URL#815471</url>
</hit>
<hit score="1" id="815475">
<info><authors><author pid="218/7244">Hossein Aboutalebi</author><author pid="p/DoinaPrecup">Doina Precup</author><author pid="237/5472">Tibor Schuster</author></authors><title>Learning Reliable Policies in the Bandit Setting with Application to Adaptive Clinical Trials.</title><venue>KHD@IJCAI</venue><pages>43-49</pages><year>2019</year><type>Conference and Workshop Papers</type><key>conf/ijcai/AboutalebiPS19a</key><ee>http://ceur-ws.org/Vol-2429/paper7.pdf</ee><url>https://dblp.org/rec/conf/ijcai/AboutalebiPS19a</url></info>
<url>URL#815475</url>
</hit>
<hit score="1" id="815532">
<info><authors><author pid="231/7722">Robert Bevan</author><author pid="24/8613">Alessandro Torrisi</author><author pid="b/DanushkaBollegala">Danushka Bollegala</author><author pid="c/FransCoenen">Frans Coenen</author><author pid="17/6670">Katie Atkinson</author></authors><title>Extracting Supporting Evidence from Medical Negligence Claim Texts.</title><venue>KHD@IJCAI</venue><pages>50-54</pages><year>2019</year><type>Conference and Workshop Papers</type><key>conf/ijcai/BevanTBCA19</key><ee>http://ceur-ws.org/Vol-2429/paper8.pdf</ee><url>https://dblp.org/rec/conf/ijcai/BevanTBCA19</url></info>
<url>URL#815532</url>
</hit>
<hit score="1" id="815651">
<info><authors><author pid="186/9095">Spiros C. Denaxas</author><author pid="247/6884">Helen Parkinson</author><author pid="198/1240">Natalie K. Fitzpatrick</author><author pid="237/9691">Cathie Sudlow</author><author pid="40/1599">Harry Hemingway</author></authors><title>Analysing the Heterogeneity of Rule-Based EHR Phenotyping Algorithms in CALIBER and the UK Biobank.</title><venue>KHD@IJCAI</venue><pages>6-14</pages><year>2019</year><type>Conference and Workshop Papers</type><key>conf/ijcai/DenaxasPFSH19</key><ee>http://ceur-ws.org/Vol-2429/paper2.pdf</ee><url>https://dblp.org/rec/conf/ijcai/DenaxasPFSH19</url></info>
<url>URL#815651</url>
</hit>
<hit score="1" id="815727">
<info><authors><author pid="171/9575">Alan H. Gee</author><author pid="166/5010">Diego García-Olano</author><author pid="51/2272">Joydeep Ghosh</author><author pid="54/10992">David Paydarfar</author></authors><title>Explaining Deep Classification of Time-Series Data with Learned Prototypes.</title><venue>KHD@IJCAI</venue><pages>15-22</pages><year>2019</year><type>Conference and Workshop Papers</type><key>conf/ijcai/GeeGGP19</key><ee>http://ceur-ws.org/Vol-2429/paper3.pdf</ee><url>https://dblp.org/rec/conf/ijcai/GeeGGP19</url></info>
<url>URL#815727</url>
</hit>
<hit score="1" id="815870">
<info><authors><author pid="236/4482">Jackson A. Killian</author><author pid="23/975">Kevin M. Passino</author><author pid="28/568">Arnab Nandi 0001</author><author pid="207/4258">Danielle R. Madden</author><author pid="191/8144">John D. Clapp</author></authors><title>Learning to Detect Heavy Drinking Episodes Using Smartphone Accelerometer Data.</title><venue>KHD@IJCAI</venue><pages>35-42</pages><year>2019</year><type>Conference and Workshop Papers</type><key>conf/ijcai/KillianPNMC19</key><ee>http://ceur-ws.org/Vol-2429/paper6.pdf</ee><url>https://dblp.org/rec/conf/ijcai/KillianPNMC19</url></info>
<url>URL#815870</url>
</hit>
<hit score="1" id="816058">
<info><authors><author pid="156/0622">James O&apos;Neill</author><author pid="b/DanushkaBollegala">Danushka Bollegala</author><author pid="18/9962">Peter-J. Noble</author><author pid="57/9962">Alan D. Radford</author></authors><title>Tick Parasitism Classification from Noisy Medical Records.</title><venue>KHD@IJCAI</venue><pages>30-34</pages><year>2019</year><type>Conference and Workshop Papers</type><key>conf/ijcai/ONeillBNR19</key><ee>http://ceur-ws.org/Vol-2429/paper5.pdf</ee><url>https://dblp.org/rec/conf/ijcai/ONeillBNR19</url></info>
<url>URL#816058</url>
</hit>
<hit score="1" id="816090">
<info><authors><author pid="188/1564">Harry Pratt</author><author pid="c/FransCoenen">Frans Coenen</author><author pid="15/952">Yalin Zheng</author></authors><title>Feature Visualisation of Classification of Diabetic Retinopathy Using a Convolutional Neural Network.</title><venue>KHD@IJCAI</venue><pages>23-29</pages><year>2019</year><type>Conference and Workshop Papers</type><key>conf/ijcai/PrattCZ19</key><ee>http://ceur-ws.org/Vol-2429/paper4.pdf</ee><url>https://dblp.org/rec/conf/ijcai/PrattCZ19</url></info>
<url>URL#816090</url>
</hit>
<hit score="1" id="816299">
<info><authors><author pid="74/507">Nirmalie Wiratunga</author><author pid="17/507">David Corsar</author><author pid="164/2249">Kyle Martin</author><author pid="227/6097">Anjana Wijekoon</author><author pid="49/1289">Eyad Elyan</author><author pid="55/6241">Zina M. Ibrahim</author><author pid="247/6889">Oya Celikutan</author><author pid="51/5120">Richard J. B. Dobson</author><author pid="55/2538">Stephen J. McKenna</author><author pid="247/6895">Jacqui Morris</author><author pid="40/3850">Annalu Waller</author><author pid="247/6891">Raed A. Abd-Alhammed</author><author pid="q/RamiQahwaji">Rami Qahwaji</author><author pid="247/6881">Ray Chaudhuri</author></authors><title>Learning to Self-Manage by Intelligent Monitoring, Prediction and Intervention.</title><venue>KHD@IJCAI</venue><pages>60-67</pages><year>2019</year><type>Conference and Workshop Papers</type><key>conf/ijcai/WiratungaCMWEIC19</key><ee>http://ceur-ws.org/Vol-2429/paper10.pdf</ee><url>https://dblp.org/rec/conf/ijcai/WiratungaCMWEIC19</url></info>
<url>URL#816299</url>
</hit>
<hit score="1" id="816327">
<info><authors><author pid="247/6880">Lujing Xiao</author><author pid="205/8765">Chuanpan Zheng</author><author pid="06/209">Xiaoliang Fan</author><author pid="247/6893">FYi Xie</author><author pid="69/6265">Rongshan Yu</author></authors><title>Predicting ICU Mortality from Heterogeneous Clinical Events with Prior Medical Knowledge.</title><venue>KHD@IJCAI</venue><pages>55-59</pages><year>2019</year><type>Conference and Workshop Papers</type><key>conf/ijcai/XiaoZFXY19</key><ee>http://ceur-ws.org/Vol-2429/paper9.pdf</ee><url>https://dblp.org/rec/conf/ijcai/XiaoZFXY19</url></info>
<url>URL#816327</url>
</hit>
<hit score="1" id="890765">
<info><authors><author pid="74/507">Nirmalie Wiratunga</author><author pid="c/FransCoenen">Frans Coenen</author><author pid="88/10847">Sadiq Sani</author></authors><title>Proceedings of the 4th International Workshop on Knowledge Discovery in Healthcare Data co-located with the 28th International Joint Conference on Artificial Intelligence, KDH@IJCAI 2019, Macao, China, August 10th, 2019.</title><venue>KDH@IJCAI</venue><venue>CEUR Workshop Proceedings</venue><volume>2429</volume><publisher>CEUR-WS.org</publisher><year>2019</year><type>Editorship</type><key>conf/ijcai/2019khd</key><ee>http://ceur-ws.org/Vol-2429</ee><url>https://dblp.org/rec/conf/ijcai/2019khd</url></info>
<url>URL#890765</url>
</hit>
</hits>
</result>
