<?xml version="1.0" encoding="UTF-8"?>
<result>
<query id="182223">:facetid:toc:db\"/\"conf\"/\"ijcai\"/\"ai4narratives2020\".\"bht</query>
<status code="200">OK</status>
<time unit="msecs">146.89</time>
<completions total="1" computed="1" sent="1">
<c sc="12" dc="12" oc="12" id="18262888">:facetid:toc:db/conf/ijcai/ai4narratives2020.bht</c>
</completions>
<hits total="12" computed="12" sent="12" first="0">
<hit score="1" id="409555">
<info><authors><author pid="245/8656">Mohammed Aldawsari</author><author pid="127/1257">Ehsaneddin Asgari</author><author pid="27/8885">Mark A. Finlayson</author></authors><title>Story Fragment Stitching - The Case of the Story of Moses.</title><venue>AI4Narratives@IJCAI</venue><pages>47-54</pages><year>2020</year><type>Conference and Workshop Papers</type><key>conf/ijcai/AldawsariAF20</key><ee>http://ceur-ws.org/Vol-2794/paper9.pdf</ee><url>https://dblp.org/rec/conf/ijcai/AldawsariAF20</url></info>
<url>URL#409555</url>
</hit>
<hit score="1" id="409733">
<info><authors><author pid="285/0727">Sonali Fotedar</author><author pid="285/0773">Koen Vannisselroij</author><author pid="285/0757">Shama Khalil</author><author pid="285/0728">Bas Ploeg</author></authors><title>Storytelling AI - A Generative Approach to Story Narration.</title><venue>AI4Narratives@IJCAI</venue><pages>19-22</pages><year>2020</year><type>Conference and Workshop Papers</type><key>conf/ijcai/FotedarVKP20</key><ee>http://ceur-ws.org/Vol-2794/paper4.pdf</ee><url>https://dblp.org/rec/conf/ijcai/FotedarVKP20</url></info>
<url>URL#409733</url>
</hit>
<hit score="1" id="409764">
<info><authors><author pid="277/1782">Craig Paul Green</author></authors><title>Finite State Machines and Live Emergent Narrative Theatre.</title><venue>AI4Narratives@IJCAI</venue><pages>15-18</pages><year>2020</year><type>Conference and Workshop Papers</type><key>conf/ijcai/Green20</key><ee>http://ceur-ws.org/Vol-2794/paper3.pdf</ee><url>https://dblp.org/rec/conf/ijcai/Green20</url></info>
<url>URL#409764</url>
</hit>
<hit score="1" id="409822">
<info><authors><author pid="11/6149">Georgiana Ifrim</author></authors><title>The Ants Have Megaphones Now - Text Mining and Summarization for News and Social Media Streams.</title><venue>AI4Narratives@IJCAI</venue><pages>1</pages><year>2020</year><type>Conference and Workshop Papers</type><key>conf/ijcai/Ifrim20</key><ee>http://ceur-ws.org/Vol-2794/keynote1.pdf</ee><url>https://dblp.org/rec/conf/ijcai/Ifrim20</url></info>
<url>URL#409822</url>
</hit>
<hit score="1" id="409828">
<info><authors><author pid="224/6047">Labiba Jahan</author><author pid="191/8327">W. Victor H. Yarlott</author><author pid="280/0342">Rahul Mittal</author><author pid="27/8885">Mark A. Finlayson</author></authors><title>Confirming the Generalizability of a Chain-Based Animacy Detector.</title><venue>AI4Narratives@IJCAI</venue><pages>43-46</pages><year>2020</year><type>Conference and Workshop Papers</type><key>conf/ijcai/JahanYMF20</key><ee>http://ceur-ws.org/Vol-2794/paper8.pdf</ee><url>https://dblp.org/rec/conf/ijcai/JahanYMF20</url></info>
<url>URL#409828</url>
</hit>
<hit score="1" id="409946">
<info><authors><author pid="32/3588">Vincenzo Lombardo</author><author pid="285/0722">Beatrice Osella</author></authors><title>A Rule-Based Model of Emotion Appraisal for Narratives.</title><venue>AI4Narratives@IJCAI</venue><pages>35-41</pages><year>2020</year><type>Conference and Workshop Papers</type><key>conf/ijcai/LombardoO20</key><ee>http://ceur-ws.org/Vol-2794/paper7.pdf</ee><url>https://dblp.org/rec/conf/ijcai/LombardoO20</url></info>
<url>URL#409946</url>
</hit>
<hit score="1" id="409978">
<info><authors><author pid="245/3512">Simone Mellace</author><author pid="280/9173">Vani Kanjirangat</author><author pid="68/3031">Alessandro Antonucci 0001</author></authors><title>Relation Clustering in Narrative Knowledge Graphs.</title><venue>AI4Narratives@IJCAI</venue><pages>23-27</pages><year>2020</year><type>Conference and Workshop Papers</type><key>conf/ijcai/MellaceK020</key><ee>http://ceur-ws.org/Vol-2794/paper5.pdf</ee><url>https://dblp.org/rec/conf/ijcai/MellaceK020</url></info>
<url>URL#409978</url>
</hit>
<hit score="1" id="410015">
<info><authors><author pid="285/0765">O.-Joun Lee Sung Youn Park</author><author pid="210/9420">Jin-Taek Kim</author></authors><title>IdeaNet - Potential Opportunity Discovery for Business Innovation.</title><venue>AI4Narratives@IJCAI</venue><pages>5-8</pages><year>2020</year><type>Conference and Workshop Papers</type><key>conf/ijcai/ParkK20</key><ee>http://ceur-ws.org/Vol-2794/paper1.pdf</ee><url>https://dblp.org/rec/conf/ijcai/ParkK20</url></info>
<url>URL#410015</url>
</hit>
<hit score="1" id="410041">
<info><authors><author pid="117/2851">Rudolf Rosa</author><author pid="126/8739">Ondrej Dusek</author><author pid="185/1333">Tom Kocmi</author><author pid="23/7248">David Marecek</author><author pid="205/9019">Tomás Musil</author><author pid="268/5776">Patrícia Schmidtová</author><author pid="268/5933">Dominik Jurko</author><author pid="73/3097">Ondrej Bojar</author><author pid="268/5938">Daniel Hrbek</author><author pid="253/1450">David Kosták</author><author pid="268/5862">Martina Kinská</author><author pid="268/5986">Josef Dolezal</author><author pid="268/5714">Klára Vosecká</author></authors><title>THEaiTRE - Artificial Intelligence to Write a Theatre Play.</title><venue>AI4Narratives@IJCAI</venue><pages>9-13</pages><year>2020</year><type>Conference and Workshop Papers</type><key>conf/ijcai/RosaDKMMSJBHKKD20</key><ee>http://ceur-ws.org/Vol-2794/paper2.pdf</ee><url>https://dblp.org/rec/conf/ijcai/RosaDKMMSJBHKKD20</url></info>
<url>URL#410041</url>
</hit>
<hit score="1" id="410116">
<info><authors><author pid="05/11408">Tomasz Trzcinski</author></authors><title>Comixify - turning videos into comics.</title><venue>AI4Narratives@IJCAI</venue><pages>3</pages><year>2020</year><type>Conference and Workshop Papers</type><key>conf/ijcai/Trzcinski20</key><ee>http://ceur-ws.org/Vol-2794/keynote2.pdf</ee><url>https://dblp.org/rec/conf/ijcai/Trzcinski20</url></info>
<url>URL#410116</url>
</hit>
<hit score="1" id="410233">
<info><authors><author pid="30/3195">Vanni Zavarella</author><author pid="71/1942">Jakub Piskorski</author><author pid="76/3440">Camelia Ignat</author><author pid="52/2819">Hristo Tanev</author><author pid="00/1734">Martin Atkinson</author></authors><title>Mastering the Media Hype - Methods for Deduplication of Conflict Events from News Reports.</title><venue>AI4Narratives@IJCAI</venue><pages>29-34</pages><year>2020</year><type>Conference and Workshop Papers</type><key>conf/ijcai/ZavarellaPITA20</key><ee>http://ceur-ws.org/Vol-2794/paper6.pdf</ee><url>https://dblp.org/rec/conf/ijcai/ZavarellaPITA20</url></info>
<url>URL#410233</url>
</hit>
<hit score="1" id="472690">
<info><authors><author pid="j/AlipioMarioJorge">Alípio Mário Jorge</author><author pid="38/2963-1">Ricardo Campos 0001</author><author pid="j/AdamJatowt">Adam Jatowt</author><author pid="63/1600">Akiko Aizawa</author></authors><title>Proceedings of AI4Narratives - Workshop on Artificial Intelligence for Narratives in conjunction with the 29th International Joint Conference on Artificial Intelligence and the 17th Pacific Rim International Conference on Artificial Intelligence (IJCAI 2020), Yokohama, Japan, January 7th and 8th, 2021 (online event due to Covid-19 outbreak).</title><venue>AI4Narratives@IJCAI</venue><venue>CEUR Workshop Proceedings</venue><volume>2794</volume><publisher>CEUR-WS.org</publisher><year>2020</year><type>Editorship</type><key>conf/ijcai/2020ai4narratives</key><ee>http://ceur-ws.org/Vol-2794</ee><url>https://dblp.org/rec/conf/ijcai/2020ai4narratives</url></info>
<url>URL#472690</url>
</hit>
</hits>
</result>
