<?xml version="1.0" encoding="UTF-8"?>
<result>
<query id="181999">:facetid:toc:db\"/\"conf\"/\"ijcai\"/\"ai4function2020\".\"bht</query>
<status code="200">OK</status>
<time unit="msecs">167.44</time>
<completions total="1" computed="1" sent="1">
<c sc="6" dc="6" oc="6" id="18262883">:facetid:toc:db/conf/ijcai/ai4function2020.bht</c>
</completions>
<hits total="6" computed="6" sent="6" first="0">
<hit score="1" id="409752">
<info><authors><author pid="227/3056">Aditya Gaydhani</author><author pid="239/1533">Raymond L. Finzel</author><author pid="281/3185">Sheena Dufresne</author><author pid="g/MariaLGini">Maria L. Gini</author><author pid="55/1703">Serguei Pakhomov</author></authors><title>Conversational Agent for Daily Living Assessment Coaching.</title><venue>AI4Function@IJCAI</venue><pages>8-13</pages><year>2020</year><type>Conference and Workshop Papers</type><key>conf/ijcai/GaydhaniFDGP20</key><ee>http://ceur-ws.org/Vol-2760/paper2.pdf</ee><url>https://dblp.org/rec/conf/ijcai/GaydhaniFDGP20</url></info>
<url>URL#409752</url>
</hit>
<hit score="1" id="410008">
<info><authors><author pid="281/3103">Miyuki Ogata</author><author pid="257/7202">Shogo Murakami</author><author pid="281/3036">Takumi Mikura</author><author pid="52/4327">Ikuko Eguchi Yairi</author></authors><title>Privacy-Preserving Monitoring System with Ultra Low-Resolution Infrared Sensor.</title><venue>AI4Function@IJCAI</venue><pages>26-32</pages><year>2020</year><type>Conference and Workshop Papers</type><key>conf/ijcai/OgataMMY20</key><ee>http://ceur-ws.org/Vol-2760/paper5.pdf</ee><url>https://dblp.org/rec/conf/ijcai/OgataMMY20</url></info>
<url>URL#410008</url>
</hit>
<hit score="1" id="410029">
<info><authors><author pid="148/1691">Lisiane Pruinelli</author><author pid="281/2987">Alana Schmiesing</author><author pid="281/3019">Michelle James</author><author pid="281/2984">Michelle Mathianson-Moore</author><author pid="281/3158">Jesse Schold</author><author pid="39/4973">György J. Simon</author></authors><title>Variability in General Health Status Post Liver Transplantation.</title><venue>AI4Function@IJCAI</venue><pages>1-7</pages><year>2020</year><type>Conference and Workshop Papers</type><key>conf/ijcai/PruinelliSJMSS20</key><ee>http://ceur-ws.org/Vol-2760/paper1.pdf</ee><url>https://dblp.org/rec/conf/ijcai/PruinelliSJMSS20</url></info>
<url>URL#410029</url>
</hit>
<hit score="1" id="410045">
<info><authors><author pid="281/3131">Ismail Sahak</author><author pid="28/9450">Huey Fang Ong</author><author pid="281/3130">Syuhada Abdul Rahman</author></authors><title>Assistive Mobile Application for the Blind.</title><venue>AI4Function@IJCAI</venue><pages>21-25</pages><year>2020</year><type>Conference and Workshop Papers</type><key>conf/ijcai/SahakOR20</key><ee>http://ceur-ws.org/Vol-2760/paper4.pdf</ee><url>https://dblp.org/rec/conf/ijcai/SahakOR20</url></info>
<url>URL#410045</url>
</hit>
<hit score="1" id="410085">
<info><authors><author pid="266/0972">Annanda Sousa</author><author pid="55/4776">Mathieu d&apos;Aquin</author><author pid="116/2848">Manel Zarrouk</author><author pid="281/3022">Jennifer Holloway</author></authors><title>Person-Independent Multimodal Emotion Detection for Children with High-Functioning Autism.</title><venue>AI4Function@IJCAI</venue><pages>14-20</pages><year>2020</year><type>Conference and Workshop Papers</type><key>conf/ijcai/SousadZH20</key><ee>http://ceur-ws.org/Vol-2760/paper3.pdf</ee><url>https://dblp.org/rec/conf/ijcai/SousadZH20</url></info>
<url>URL#410085</url>
</hit>
<hit score="1" id="472689">
<info><authors><author pid="200/8800">Denis Newman-Griffis</author><author pid="55/1703">Serguei V. S. Pakhomov</author><author pid="02/2278">Suzanne Tamang</author><author pid="130/6419">Ayah Zirikly</author><author pid="00/8156">Bart Desmet</author><author pid="92/2407">Hongfang Liu</author><author pid="t/JunichiTsujii">Junichi Tsujii</author></authors><title>Proceedings of the First Workshop on Artificial Intelligence for Function, Disability, and Health co-located with the 2020 International Joint Conference on Artificial Intelligence - Pacific Rim Conference on Artificial Intelligence (IJCAI-PRICAI 2020), Online, January 7-8, 2021.</title><venue>AI4Function@IJCAI</venue><venue>CEUR Workshop Proceedings</venue><volume>2760</volume><publisher>CEUR-WS.org</publisher><year>2020</year><type>Editorship</type><key>conf/ijcai/2020ai4function</key><ee>http://ceur-ws.org/Vol-2760</ee><url>https://dblp.org/rec/conf/ijcai/2020ai4function</url></info>
<url>URL#472689</url>
</hit>
</hits>
</result>
