<?xml version="1.0" encoding="UTF-8"?>
<result>
<query id="288576">:facetid:toc:db\"/\"conf\"/\"aaai\"/\"coll2010\".\"bht</query>
<status code="200">OK</status>
<time unit="msecs">151.29</time>
<completions total="1" computed="1" sent="1">
<c sc="13" dc="13" oc="13" id="18217991">:facetid:toc:db/conf/aaai/coll2010.bht</c>
</completions>
<hits total="13" computed="13" sent="13" first="0">
<hit score="1" id="3405133">
<info><authors><author pid="10/7564">Michael Robert Brennan</author><author pid="97/8523">Stacey Wrazien</author><author pid="93/655">Rachel Greenstadt</author></authors><title>Learning to Extract Quality Discourse in Online Communities.</title><venue>Collaboratively-Built Knowledge Sources and AI</venue><year>2010</year><type>Conference and Workshop Papers</type><key>conf/aaai/BrennanWG10</key><ee>http://aaai.org/ocs/index.php/WS/AAAIW10/paper/view/1978</ee><url>https://dblp.org/rec/conf/aaai/BrennanWG10</url></info>
<url>URL#3405133</url>
</hit>
<hit score="1" id="3405199">
<info><authors><author pid="86/11042">Samuel Fernando</author><author pid="68/6">Mark Stevenson</author></authors><title>Aligning WordNet Synsets and Wikipedia Articles.</title><venue>Collaboratively-Built Knowledge Sources and AI</venue><year>2010</year><type>Conference and Workshop Papers</type><key>conf/aaai/FernandoS10</key><ee>http://aaai.org/ocs/index.php/WS/AAAIW10/paper/view/1966</ee><url>https://dblp.org/rec/conf/aaai/FernandoS10</url></info>
<url>URL#3405199</url>
</hit>
<hit score="1" id="3405215">
<info><authors><author pid="43/7550">Jonathan Gordon 0001</author><author pid="06/4775">Benjamin Van Durme</author><author pid="s/LenhartKSchubert">Lenhart K. Schubert</author></authors><title>Learning from the Web - Extracting General World Knowledge from Noisy Text.</title><venue>Collaboratively-Built Knowledge Sources and AI</venue><year>2010</year><type>Conference and Workshop Papers</type><key>conf/aaai/GordonDS10</key><ee>http://aaai.org/ocs/index.php/WS/AAAIW10/paper/view/2035</ee><url>https://dblp.org/rec/conf/aaai/GordonDS10</url></info>
<url>URL#3405215</url>
</hit>
<hit score="1" id="3405237">
<info><authors><author pid="50/1568">Catherine Havasi</author><author pid="49/7272">Jason B. Alonso</author><author pid="05/6168">Robyn Speer</author></authors><title>Reducing the Dimensionality of Data Streams using Common Sense.</title><venue>Collaboratively-Built Knowledge Sources and AI</venue><year>2010</year><type>Conference and Workshop Papers</type><key>conf/aaai/HavasiAS10</key><ee>http://aaai.org/ocs/index.php/WS/AAAIW10/paper/view/2022</ee><url>https://dblp.org/rec/conf/aaai/HavasiAS10</url></info>
<url>URL#3405237</url>
</hit>
<hit score="1" id="3405238">
<info><authors><author pid="50/1568">Catherine Havasi</author><author pid="05/6168">Robyn Speer</author><author pid="64/7614">Kenneth C. Arnold</author><author pid="39/3002">Henry Lieberman</author><author pid="49/7272">Jason B. Alonso</author><author pid="13/11043">Jesse Moeller</author></authors><title>Open Mind Common Sense - Crowd-sourcing for Common Sense.</title><venue>Collaboratively-Built Knowledge Sources and AI</venue><year>2010</year><type>Conference and Workshop Papers</type><key>conf/aaai/HavasiSALAM10</key><ee>http://aaai.org/ocs/index.php/WS/AAAIW10/paper/view/2011</ee><url>https://dblp.org/rec/conf/aaai/HavasiSALAM10</url></info>
<url>URL#3405238</url>
</hit>
<hit score="1" id="3405287">
<info><authors><author pid="120/3172">Yen-Ling Kuo</author><author pid="55/866">Jane Yung-jen Hsu</author></authors><title>Bridging Common Sense Knowledge Bases with Analogy by Graph Similarity.</title><venue>Collaboratively-Built Knowledge Sources and AI</venue><year>2010</year><type>Conference and Workshop Papers</type><key>conf/aaai/KuoH10</key><ee>http://aaai.org/ocs/index.php/WS/AAAIW10/paper/view/1989</ee><url>https://dblp.org/rec/conf/aaai/KuoH10</url></info>
<url>URL#3405287</url>
</hit>
<hit score="1" id="3405310">
<info><authors><author pid="39/3002">Henry Lieberman</author></authors><title>Treating Expert Knowledge as Common Sense.</title><venue>Collaboratively-Built Knowledge Sources and AI</venue><year>2010</year><type>Conference and Workshop Papers</type><key>conf/aaai/Lieberman10</key><ee>http://aaai.org/ocs/index.php/WS/AAAIW10/paper/view/2107</ee><url>https://dblp.org/rec/conf/aaai/Lieberman10</url></info>
<url>URL#3405310</url>
</hit>
<hit score="1" id="3405344">
<info><authors><author pid="92/6478">Matthew Michelson</author><author pid="15/6061">Sofus A. Macskassy</author><author pid="m/SMinton">Steven Minton</author></authors><title>Mixed-Initiative, Entity-Centric Data Aggregation using Assistopedia.</title><venue>Collaboratively-Built Knowledge Sources and AI</venue><year>2010</year><type>Conference and Workshop Papers</type><key>conf/aaai/MichelsonMM10</key><ee>http://aaai.org/ocs/index.php/WS/AAAIW10/paper/view/1965</ee><url>https://dblp.org/rec/conf/aaai/MichelsonMM10</url></info>
<url>URL#3405344</url>
</hit>
<hit score="1" id="3405353">
<info><authors><author pid="05/2290">Vivi Nastase</author><author pid="n/RobertoNavigli">Roberto Navigli</author><author pid="84/3254-3">Fei Wu 0003</author></authors><title>Preface.</title><venue>Collaboratively-Built Knowledge Sources and AI</venue><year>2010</year><type>Conference and Workshop Papers</type><key>conf/aaai/NastaseNW10</key><ee>http://aaai.org/ocs/index.php/WS/AAAIW10/paper/view/2106</ee><url>https://dblp.org/rec/conf/aaai/NastaseNW10</url></info>
<url>URL#3405353</url>
</hit>
<hit score="1" id="3405377">
<info><authors><author pid="70/3131">Anon Plangprasopchok</author><author pid="99/433">Kristina Lerman</author><author pid="g/LiseGetoor">Lise Getoor</author></authors><title>Constructing Folksonomies by Integrating Structured Metadata with Relational Clustering.</title><venue>Collaboratively-Built Knowledge Sources and AI</venue><year>2010</year><type>Conference and Workshop Papers</type><key>conf/aaai/PlangprasopchokLG10</key><ee>http://aaai.org/ocs/index.php/WS/AAAIW10/paper/view/2033</ee><url>https://dblp.org/rec/conf/aaai/PlangprasopchokLG10</url></info>
<url>URL#3405377</url>
</hit>
<hit score="1" id="3405411">
<info><authors><author pid="s/LenhartKSchubert">Lenhart K. Schubert</author></authors><title>Can We (and Should We) Make Formal Sense of General Knowledge Expressed in Ordinary Language?</title><venue>Collaboratively-Built Knowledge Sources and AI</venue><year>2010</year><type>Conference and Workshop Papers</type><key>conf/aaai/Schubert10</key><ee>http://aaai.org/ocs/index.php/WS/AAAIW10/paper/view/2108</ee><url>https://dblp.org/rec/conf/aaai/Schubert10</url></info>
<url>URL#3405411</url>
</hit>
<hit score="1" id="3405444">
<info><authors><author pid="92/7871">Zareen Saba Syed</author><author pid="f/TWFinin">Tim Finin</author></authors><title>Approaches for Automatically Enriching Wikipedia.</title><venue>Collaboratively-Built Knowledge Sources and AI</venue><year>2010</year><type>Conference and Workshop Papers</type><key>conf/aaai/SyedF10</key><ee>http://aaai.org/ocs/index.php/WS/AAAIW10/paper/view/2036</ee><url>https://dblp.org/rec/conf/aaai/SyedF10</url></info>
<url>URL#3405444</url>
</hit>
<hit score="1" id="3529294">
<info><title>Collaboratively-Built Knowledge Sources and Artificial Intelligence, Papers from the 2010 AAAI Workshop, Atlanta, Georgia, USA, July 11, 2010</title><venue>Collaboratively-Built Knowledge Sources and AI</venue><venue>AAAI Workshops</venue><volume>WS-10-02</volume><publisher>AAAI</publisher><year>2010</year><type>Editorship</type><key>conf/aaai/2010coll</key><ee>http://www.aaai.org/Library/Workshops/ws10-02.php</ee><url>https://dblp.org/rec/conf/aaai/2010coll</url></info>
<url>URL#3529294</url>
</hit>
</hits>
</result>
