<?xml version="1.0" encoding="UTF-8"?>
<result>
<query id="288823">:facetid:toc:db\"/\"conf\"/\"aaai\"/\"game2010\".\"bht</query>
<status code="200">OK</status>
<time unit="msecs">116.36</time>
<completions total="1" computed="1" sent="1">
<c sc="12" dc="12" oc="12" id="18217995">:facetid:toc:db/conf/aaai/game2010.bht</c>
</completions>
<hits total="12" computed="12" sent="12" first="0">
<hit score="1" id="3405172">
<info><authors><author pid="68/1799">Steven Damer</author><author pid="g/MariaLGini">Maria L. Gini</author></authors><title>Learning to Cooperate in Normal Form Games.</title><venue>Interactive Decision Theory and Game Theory</venue><year>2010</year><type>Conference and Workshop Papers</type><key>conf/aaai/DamerG10</key><ee>http://aaai.org/ocs/index.php/WS/AAAIW10/paper/view/2054</ee><url>https://dblp.org/rec/conf/aaai/DamerG10</url></info>
<url>URL#3405172</url>
</hit>
<hit score="1" id="3405198">
<info><authors><author pid="49/6764">Alan Fern</author><author pid="42/4375">Prasad Tadepalli</author></authors><title>A Computational Decision Theory for Interactive Assistants.</title><venue>Interactive Decision Theory and Game Theory</venue><year>2010</year><type>Conference and Workshop Papers</type><key>conf/aaai/FernT10</key><ee>http://aaai.org/ocs/index.php/WS/AAAIW10/paper/view/2055</ee><url>https://dblp.org/rec/conf/aaai/FernT10</url></info>
<url>URL#3405198</url>
</hit>
<hit score="1" id="3405208">
<info><authors><author pid="g/NicolaGatti">Nicola Gatti 0001</author><author pid="88/7498">Sofia Ceppi</author><author pid="02/10482">Fabio Panozzo</author></authors><title>Mathematical Programming Formulations to Compute Steady States in Two-Player Extensive-Form Games.</title><venue>Interactive Decision Theory and Game Theory</venue><year>2010</year><type>Conference and Workshop Papers</type><key>conf/aaai/GattiCP10</key><ee>http://aaai.org/ocs/index.php/WS/AAAIW10/paper/view/1970</ee><url>https://dblp.org/rec/conf/aaai/GattiCP10</url></info>
<url>URL#3405208</url>
</hit>
<hit score="1" id="3405231">
<info><authors><author pid="36/8399">Yasaman Haghpanah</author><author pid="97/1893">Marie desJardins</author></authors><title>Using a Trust Model in Decision Making for Supply Chain Management.</title><venue>Interactive Decision Theory and Game Theory</venue><year>2010</year><type>Conference and Workshop Papers</type><key>conf/aaai/Haghpanahd10a</key><ee>http://aaai.org/ocs/index.php/WS/AAAIW10/paper/view/2045</ee><url>https://dblp.org/rec/conf/aaai/Haghpanahd10a</url></info>
<url>URL#3405231</url>
</hit>
<hit score="1" id="3405289">
<info><authors><author pid="74/7563">Jun-young Kwak</author><author pid="53/4040">Rong Yang</author><author pid="54/3357">Zhengyu Yin</author><author pid="46/4287">Matthew E. Taylor</author><author pid="67/2667">Milind Tambe</author></authors><title>Teamwork and Coordination under Model Uncertainty in DEC-POMDPs.</title><venue>Interactive Decision Theory and Game Theory</venue><year>2010</year><type>Conference and Workshop Papers</type><key>conf/aaai/KwakYYTT10</key><ee>http://aaai.org/ocs/index.php/WS/AAAIW10/paper/view/1982</ee><url>https://dblp.org/rec/conf/aaai/KwakYYTT10</url></info>
<url>URL#3405289</url>
</hit>
<hit score="1" id="3405380">
<info><authors><author pid="06/356">Marc J. V. Ponsen</author><author pid="99/11042">Geert Gerritsen</author><author pid="30/7032">Guillaume Chaslot</author></authors><title>Integrating Opponent Models with Monte-Carlo Tree Search in Poker.</title><venue>Interactive Decision Theory and Game Theory</venue><year>2010</year><type>Conference and Workshop Papers</type><key>conf/aaai/PonsenGC10</key><ee>http://aaai.org/ocs/index.php/WS/AAAIW10/paper/view/1984</ee><url>https://dblp.org/rec/conf/aaai/PonsenGC10</url></info>
<url>URL#3405380</url>
</hit>
<hit score="1" id="3405381">
<info><authors><author pid="06/356">Marc J. V. Ponsen</author><author pid="64/10094">Marc Lanctot</author><author pid="23/6518">Steven de Jong</author></authors><title>MCRNR - Fast Computing of Restricted Nash Responses by Means of Sampling.</title><venue>Interactive Decision Theory and Game Theory</venue><year>2010</year><type>Conference and Workshop Papers</type><key>conf/aaai/PonsenLJ10</key><ee>http://aaai.org/ocs/index.php/WS/AAAIW10/paper/view/1985</ee><url>https://dblp.org/rec/conf/aaai/PonsenLJ10</url></info>
<url>URL#3405381</url>
</hit>
<hit score="1" id="3405454">
<info><authors><author pid="55/512">Will Thompson</author><author pid="29/2367">Stefan Kaufmann 0001</author></authors><title>Signaling Games with Partially Observable Actions as a Model of Conversational Grounding.</title><venue>Interactive Decision Theory and Game Theory</venue><year>2010</year><type>Conference and Workshop Papers</type><key>conf/aaai/ThompsonK10</key><ee>http://aaai.org/ocs/index.php/WS/AAAIW10/paper/view/2034</ee><url>https://dblp.org/rec/conf/aaai/ThompsonK10</url></info>
<url>URL#3405454</url>
</hit>
<hit score="1" id="3405464">
<info><authors><author pid="99/9854">Paul Varkey</author><author pid="50/887">Piotr J. Gmytrasiewicz</author></authors><title>Sampling and Updating Higher Order Beliefs in Decision-Theoretic Bargaining Under Uncertainty.</title><venue>Interactive Decision Theory and Game Theory</venue><year>2010</year><type>Conference and Workshop Papers</type><key>conf/aaai/VarkeyG10</key><ee>http://aaai.org/ocs/index.php/WS/AAAIW10/paper/view/1999</ee><url>https://dblp.org/rec/conf/aaai/VarkeyG10</url></info>
<url>URL#3405464</url>
</hit>
<hit score="1" id="3405487">
<info><authors><author pid="98/8411">Michael Wunder</author><author pid="l/MLLittman">Michael L. Littman</author><author pid="85/5572">Michael Kaisers</author><author pid="56/10481">John Robert Yaros</author></authors><title>A Cognitive Hierarchy Model Applied to the Lemonade Game.</title><venue>Interactive Decision Theory and Game Theory</venue><year>2010</year><type>Conference and Workshop Papers</type><key>conf/aaai/WunderLKY10</key><ee>http://aaai.org/ocs/index.php/WS/AAAIW10/paper/view/1997</ee><url>https://dblp.org/rec/conf/aaai/WunderLKY10</url></info>
<url>URL#3405487</url>
</hit>
<hit score="1" id="3405521">
<info><authors><author pid="39/10481">Brian D. Ziebart</author><author pid="65/2021">Drew Bagnell</author><author pid="04/4652">Anind K. Dey</author></authors><title>Maximum Causal Entropy Correlated Equilibria for Markov Games.</title><venue>Interactive Decision Theory and Game Theory</venue><year>2010</year><type>Conference and Workshop Papers</type><key>conf/aaai/ZiebartBD10</key><ee>http://aaai.org/ocs/index.php/WS/AAAIW10/paper/view/1977</ee><url>https://dblp.org/rec/conf/aaai/ZiebartBD10</url></info>
<url>URL#3405521</url>
</hit>
<hit score="1" id="3529295">
<info><title>Interactive Decision Theory and Game Theory, Papers from the 2010 AAAI Workshop, Atlanta, Georgia, USA, July 12, 2010</title><venue>Interactive Decision Theory and Game Theory</venue><venue>AAAI Workshops</venue><volume>WS-10-03</volume><publisher>AAAI</publisher><year>2010</year><type>Editorship</type><key>conf/aaai/2010game</key><ee>http://www.aaai.org/Library/Workshops/ws10-03.php</ee><url>https://dblp.org/rec/conf/aaai/2010game</url></info>
<url>URL#3529295</url>
</hit>
</hits>
</result>
