<?xml version="1.0" encoding="UTF-8"?>
<result>
<query id="288242">:facetid:toc:db\"/\"conf\"/\"aaai\"/\"plan2010\".\"bht</query>
<status code="200">OK</status>
<time unit="msecs">731.46</time>
<completions total="1" computed="1" sent="1">
<c sc="8" dc="8" oc="8" id="18218014">:facetid:toc:db/conf/aaai/plan2010.bht</c>
</completions>
<hits total="8" computed="8" sent="8" first="0">
<hit score="1" id="3405108">
<info><authors><author pid="00/5626">Tsz-Chiu Au</author><author pid="s/PeterStone">Peter Stone</author></authors><title>Motion Planning Algorithms for Autonomous Intersection Management.</title><venue>Bridging the Gap Between Task and Motion Planning</venue><year>2010</year><type>Conference and Workshop Papers</type><key>conf/aaai/AuS10</key><ee>http://aaai.org/ocs/index.php/WS/AAAIW10/paper/view/2053</ee><url>https://dblp.org/rec/conf/aaai/AuS10</url></info>
<url>URL#3405108</url>
</hit>
<hit score="1" id="3405179">
<info><authors><author pid="29/211">Christian Dornhege</author><author pid="26/3377">Patrick Eyerich</author><author pid="48/2739-1">Thomas Keller 0001</author><author pid="01/4558-1">Michael Brenner 0001</author><author pid="n/BernhardNebel">Bernhard Nebel</author></authors><title>Integrating Task and Motion Planning Using Semantic Attachments.</title><venue>Bridging the Gap Between Task and Motion Planning</venue><year>2010</year><type>Conference and Workshop Papers</type><key>conf/aaai/DornhegeEKBN10</key><ee>http://aaai.org/ocs/index.php/WS/AAAIW10/paper/view/2056</ee><url>https://dblp.org/rec/conf/aaai/DornhegeEKBN10</url></info>
<url>URL#3405179</url>
</hit>
<hit score="1" id="3405183">
<info><authors><author pid="94/3039">Robert T. Effinger</author><author pid="117/4893">Brian Charles Williams</author><author pid="74/5602">Andreas G. Hofmann</author></authors><title>Dynamic Execution of Temporally and Spatially Flexible Reactive Programs.</title><venue>Bridging the Gap Between Task and Motion Planning</venue><year>2010</year><type>Conference and Workshop Papers</type><key>conf/aaai/EffingerWH10</key><ee>http://aaai.org/ocs/index.php/WS/AAAIW10/paper/view/2028</ee><url>https://dblp.org/rec/conf/aaai/EffingerWH10</url></info>
<url>URL#3405183</url>
</hit>
<hit score="1" id="3405196">
<info><authors><author pid="21/10920">Andrew Feit</author><author pid="26/10920">Lenrik Toval</author><author pid="12/10920">Raffi Hovagimian</author><author pid="93/655">Rachel Greenstadt</author></authors><title>A Travel-Time Optimizing Edge Weighting Scheme for Dynamic Re-Planning.</title><venue>Bridging the Gap Between Task and Motion Planning</venue><year>2010</year><type>Conference and Workshop Papers</type><key>conf/aaai/FeitTHG10</key><ee>http://aaai.org/ocs/index.php/WS/AAAIW10/paper/view/2044</ee><url>https://dblp.org/rec/conf/aaai/FeitTHG10</url></info>
<url>URL#3405196</url>
</hit>
<hit score="1" id="3405262">
<info><authors><author pid="k/LesliePackKaelbling">Leslie Pack Kaelbling</author><author pid="90/752">Tomás Lozano-Pérez</author></authors><title>Hierarchical Planning in the Now.</title><venue>Bridging the Gap Between Task and Motion Planning</venue><year>2010</year><type>Conference and Workshop Papers</type><key>conf/aaai/KaelblingL10</key><ee>http://aaai.org/ocs/index.php/WS/AAAIW10/paper/view/2057</ee><url>https://dblp.org/rec/conf/aaai/KaelblingL10</url></info>
<url>URL#3405262</url>
</hit>
<hit score="1" id="3405367">
<info><authors><author pid="97/896">Jia Pan</author><author pid="m/DineshManocha">Dinesh Manocha</author></authors><title>Closing the Loop between Motion Planning and Task Execution Using Real-Time GPU-Based Planners.</title><venue>Bridging the Gap Between Task and Motion Planning</venue><year>2010</year><type>Conference and Workshop Papers</type><key>conf/aaai/PanM10</key><ee>http://aaai.org/ocs/index.php/WS/AAAIW10/paper/view/1988</ee><url>https://dblp.org/rec/conf/aaai/PanM10</url></info>
<url>URL#3405367</url>
</hit>
<hit score="1" id="3405482">
<info><authors><author pid="198/5696">Jason Andrew Wolfe</author><author pid="80/3795">Bhaskara Marthi</author><author pid="r/SJRussell">Stuart J. Russell</author></authors><title>Hierarchical Planning for Mobile Manipulation.</title><venue>Bridging the Gap Between Task and Motion Planning</venue><year>2010</year><type>Conference and Workshop Papers</type><key>conf/aaai/WolfeMR10</key><ee>http://aaai.org/ocs/index.php/WS/AAAIW10/paper/view/2051</ee><url>https://dblp.org/rec/conf/aaai/WolfeMR10</url></info>
<url>URL#3405482</url>
</hit>
<hit score="1" id="3529298">
<info><title>Bridging the Gap Between Task and Motion Planning, Papers from the 2010 AAAI Workshop, Atlanta, Georgia, USA, July 11, 2010</title><venue>Bridging the Gap Between Task and Motion Planning</venue><venue>AAAI Workshops</venue><volume>WS-10-01</volume><publisher>AAAI</publisher><year>2010</year><type>Editorship</type><key>conf/aaai/2010plan</key><ee>http://www.aaai.org/Library/Workshops/ws10-01.php</ee><url>https://dblp.org/rec/conf/aaai/2010plan</url></info>
<url>URL#3529298</url>
</hit>
</hits>
</result>
