<?xml version="1.0" encoding="UTF-8"?>
<result>
<query id="289066">:facetid:toc:db\"/\"conf\"/\"aaai\"/\"visual2010\".\"bht</query>
<status code="200">OK</status>
<time unit="msecs">116.20</time>
<completions total="1" computed="1" sent="1">
<c sc="16" dc="16" oc="16" id="18218037">:facetid:toc:db/conf/aaai/visual2010.bht</c>
</completions>
<hits total="16" computed="16" sent="16" first="0">
<hit score="1" id="3405096">
<info><authors><author pid="63/11043">Aaron Daniel Adler</author></authors><title>Reasoning About Sketches Using Context, Domain Knowledge, and Interaction with the User.</title><venue>Visual Representations and Reasoning</venue><year>2010</year><type>Conference and Workshop Papers</type><key>conf/aaai/Adler10</key><ee>http://aaai.org/ocs/index.php/WS/AAAIW10/paper/view/2016</ee><url>https://dblp.org/rec/conf/aaai/Adler10</url></info>
<url>URL#3405096</url>
</hit>
<hit score="1" id="3405142">
<info><authors><author pid="82/4849">Richard Burns</author><author pid="84/1160">Sandra Carberry</author><author pid="97/2344">Stephanie Elzer</author></authors><title>Visual and Spatial Factors in a Bayesian Reasoning Framework for the Recognition of Intended Messages in Grouped Bar Charts.</title><venue>Visual Representations and Reasoning</venue><year>2010</year><type>Conference and Workshop Papers</type><key>conf/aaai/BurnsCE10</key><ee>http://aaai.org/ocs/index.php/WS/AAAIW10/paper/view/2017</ee><url>https://dblp.org/rec/conf/aaai/BurnsCE10</url></info>
<url>URL#3405142</url>
</hit>
<hit score="1" id="3405155">
<info><authors><author pid="75/6144">Crystal Chao</author><author pid="65/6092">Maya Cakmak</author><author pid="l/AndreaLockerd">Andrea Lockerd Thomaz</author></authors><title>Interactive Task Learning with Discrete and Continuous Features.</title><venue>Visual Representations and Reasoning</venue><year>2010</year><type>Conference and Workshop Papers</type><key>conf/aaai/ChaoCT10</key><ee>http://aaai.org/ocs/index.php/ROBOT/ROBOT09/paper/view/1013</ee><url>https://dblp.org/rec/conf/aaai/ChaoCT10</url></info>
<url>URL#3405155</url>
</hit>
<hit score="1" id="3405170">
<info><authors><author pid="91/6704">Jeffrey R. Croxell</author><author pid="38/7585">Ryan W. Krauss</author><author pid="42/5517">Jerry B. Weinberg</author><author pid="44/4212">Scott R. Smith</author></authors><title>Accelerometer Based Self-Discovery of Multiple Link Kinematics.</title><venue>Visual Representations and Reasoning</venue><year>2010</year><type>Conference and Workshop Papers</type><key>conf/aaai/CroxellKWS10</key><ee>http://aaai.org/ocs/index.php/ROBOT/ROBOT09/paper/view/1002</ee><url>https://dblp.org/rec/conf/aaai/CroxellKWS10</url></info>
<url>URL#3405170</url>
</hit>
<hit score="1" id="3405173">
<info><authors><author pid="66/4336">Jim Davies</author><author pid="58/10530">Jonathan Gagné</author></authors><title>Estimating Quantitative Magnitudes Using Semantic Similarity.</title><venue>Visual Representations and Reasoning</venue><year>2010</year><type>Conference and Workshop Papers</type><key>conf/aaai/DaviesG10</key><ee>http://aaai.org/ocs/index.php/WS/AAAIW10/paper/view/2059</ee><url>https://dblp.org/rec/conf/aaai/DaviesG10</url></info>
<url>URL#3405173</url>
</hit>
<hit score="1" id="3405193">
<info><authors><author pid="96/11042">Wen-Chieh Fang</author><author pid="55/866">Jane Yung-jen Hsu</author></authors><title>Design Concerns of Persuasive Feedback System.</title><venue>Visual Representations and Reasoning</venue><year>2010</year><type>Conference and Workshop Papers</type><key>conf/aaai/FangH10</key><ee>http://aaai.org/ocs/index.php/WS/AAAIW10/paper/view/2046</ee><url>https://dblp.org/rec/conf/aaai/FangH10</url></info>
<url>URL#3405193</url>
</hit>
<hit score="1" id="3405220">
<info><authors><author pid="31/8754">Anupam Guha</author><author pid="75/5374">Hyungsin Kim</author><author pid="d/EllenYiLuenDo">Ellen Yi-Luen Do</author></authors><title>Re-Examining the Mental Imagery Debate with Neuropsychological Data from the Clock Drawing Test.</title><venue>Visual Representations and Reasoning</venue><year>2010</year><type>Conference and Workshop Papers</type><key>conf/aaai/GuhaKD10</key><ee>http://aaai.org/ocs/index.php/WS/AAAIW10/paper/view/2052</ee><url>https://dblp.org/rec/conf/aaai/GuhaKD10</url></info>
<url>URL#3405220</url>
</hit>
<hit score="1" id="3405227">
<info><authors><author pid="h/ChristopherHabel">Christopher Habel</author><author pid="70/11043">Matthias Kerzel</author><author pid="48/10084">Kris Lohmann</author></authors><title>Verbal Assistance in Tactile-Map Explorations - A Case for Visual Representations and Reasoning.</title><venue>Visual Representations and Reasoning</venue><year>2010</year><type>Conference and Workshop Papers</type><key>conf/aaai/HabelKL10</key><ee>http://aaai.org/ocs/index.php/WS/AAAIW10/paper/view/2002</ee><url>https://dblp.org/rec/conf/aaai/HabelKL10</url></info>
<url>URL#3405227</url>
</hit>
<hit score="1" id="3405234">
<info><authors><author pid="03/1612">Michael H. G. Hoffmann</author></authors><title>Diagrams as Scaffolds for Abductive Insights.</title><venue>Visual Representations and Reasoning</venue><year>2010</year><type>Conference and Workshop Papers</type><key>conf/aaai/HansH10</key><ee>http://aaai.org/ocs/index.php/WS/AAAIW10/paper/view/2027</ee><url>https://dblp.org/rec/conf/aaai/HansH10</url></info>
<url>URL#3405234</url>
</hit>
<hit score="1" id="3405252">
<info><authors><author pid="18/7509">Jee Yeon Hwang</author><author pid="44/11042">Jaeeun Shim-Lee</author><author pid="49/11043">Heerin Lee</author></authors><title>Designing a Visual Analytic System to Represent Bookmark Sharing Data.</title><venue>Visual Representations and Reasoning</venue><year>2010</year><type>Conference and Workshop Papers</type><key>conf/aaai/HwangSL10</key><ee>http://aaai.org/ocs/index.php/WS/AAAIW10/paper/view/2019</ee><url>https://dblp.org/rec/conf/aaai/HwangSL10</url></info>
<url>URL#3405252</url>
</hit>
<hit score="1" id="3405276">
<info><authors><author pid="75/5374">Hyungsin Kim</author><author pid="42/9116">Young Suk Cho</author><author pid="d/EllenYiLuenDo">Ellen Yi-Luen Do</author></authors><title>Context-Bounded Refinement Filter Algorithm - Improving Recognizer Accuracy of Handwriting in Clock Drawing Test.</title><venue>Visual Representations and Reasoning</venue><year>2010</year><type>Conference and Workshop Papers</type><key>conf/aaai/KimCD10</key><ee>http://aaai.org/ocs/index.php/WS/AAAIW10/paper/view/2004</ee><url>https://dblp.org/rec/conf/aaai/KimCD10</url></info>
<url>URL#3405276</url>
</hit>
<hit score="1" id="3405301">
<info><authors><author pid="79/8061-3">Xingjian Li 0003</author><author pid="79/4353">Susan L. Epstein</author></authors><title>Visualization for Structured Constraint Satisfaction Problems.</title><venue>Visual Representations and Reasoning</venue><year>2010</year><type>Conference and Workshop Papers</type><key>conf/aaai/LiE10</key><ee>http://aaai.org/ocs/index.php/WS/AAAIW10/paper/view/2029</ee><url>https://dblp.org/rec/conf/aaai/LiE10</url></info>
<url>URL#3405301</url>
</hit>
<hit score="1" id="3405340">
<info><authors><author pid="45/9797">Keith McGreggor</author><author pid="91/3839">Maithilee Kunda</author><author pid="g/AshokKGoel">Ashok K. Goel 0001</author></authors><title>A Fractal Analogy Approach to the Raven&apos;s Test of Intelligence.</title><venue>Visual Representations and Reasoning</venue><year>2010</year><type>Conference and Workshop Papers</type><key>conf/aaai/McGreggorKG10</key><ee>http://aaai.org/ocs/index.php/WS/AAAIW10/paper/view/2025</ee><url>https://dblp.org/rec/conf/aaai/McGreggorKG10</url></info>
<url>URL#3405340</url>
</hit>
<hit score="1" id="3405400">
<info><authors><author pid="75/195">Paul S. Rosenbloom</author></authors><title>Speculations on Leveraging Graphical Models for Architectural Integration of Visual Representation and Reasoning.</title><venue>Visual Representations and Reasoning</venue><year>2010</year><type>Conference and Workshop Papers</type><key>conf/aaai/Rosenbloom10a</key><ee>http://aaai.org/ocs/index.php/WS/AAAIW10/paper/view/1968</ee><url>https://dblp.org/rec/conf/aaai/Rosenbloom10a</url></info>
<url>URL#3405400</url>
</hit>
<hit score="1" id="3405450">
<info><authors><author pid="53/3965">Paul Thagard</author></authors><title>EMPATHICA - A Computer Support System with Visual Representations for Cognitive-Affective Mapping.</title><venue>Visual Representations and Reasoning</venue><year>2010</year><type>Conference and Workshop Papers</type><key>conf/aaai/Thagard10</key><ee>http://aaai.org/ocs/index.php/WS/AAAIW10/paper/view/1981</ee><url>https://dblp.org/rec/conf/aaai/Thagard10</url></info>
<url>URL#3405450</url>
</hit>
<hit score="1" id="3529301">
<info><title>Visual Representations and Reasoning, Papers from the 2010 AAAI Workshop, Atlanta, Georgia, USA, July 11, 2010</title><venue>Visual Representations and Reasoning</venue><venue>AAAI Workshops</venue><volume>WS-10-07</volume><publisher>AAAI</publisher><year>2010</year><type>Editorship</type><key>conf/aaai/2010visual</key><ee>http://www.aaai.org/Library/Workshops/ws10-07.php</ee><url>https://dblp.org/rec/conf/aaai/2010visual</url></info>
<url>URL#3529301</url>
</hit>
</hits>
</result>
