<?xml version="1.0" encoding="UTF-8"?>
<result>
<query id="288945">:facetid:toc:db\"/\"conf\"/\"aaai\"/\"recog2010\".\"bht</query>
<status code="200">OK</status>
<time unit="msecs">109.34</time>
<completions total="1" computed="1" sent="1">
<c sc="9" dc="9" oc="9" id="18218019">:facetid:toc:db/conf/aaai/recog2010.bht</c>
</completions>
<hits total="9" computed="9" sent="9" first="0">
<hit score="1" id="3405113">
<info><authors><author pid="18/6694">Bikramjit Banerjee</author><author pid="36/7391">Landon Kraemer</author></authors><title>Search Performance of Multi-Agent Plan Recognition in a General Model.</title><venue>Plan, Activity, and Intent Recognition</venue><year>2010</year><type>Conference and Workshop Papers</type><key>conf/aaai/BanerjeeK10</key><ee>http://aaai.org/ocs/index.php/WS/AAAIW10/paper/view/2013</ee><url>https://dblp.org/rec/conf/aaai/BanerjeeK10</url></info>
<url>URL#3405113</url>
</hit>
<hit score="1" id="3405206">
<info><authors><author pid="38/6-1">Christian Fritz 0001</author><author pid="88/2686">Yolanda Gil</author></authors><title>Towards the Integration of Programming by Demonstration and Programming by Instruction using Golog.</title><venue>Plan, Activity, and Intent Recognition</venue><year>2010</year><type>Conference and Workshop Papers</type><key>conf/aaai/FritzG10</key><ee>http://aaai.org/ocs/index.php/WS/AAAIW10/paper/view/2018</ee><url>https://dblp.org/rec/conf/aaai/FritzG10</url></info>
<url>URL#3405206</url>
</hit>
<hit score="1" id="3405210">
<info><authors><author pid="88/4021">Christopher W. Geib</author><author pid="93/2423">Robert P. Goldman</author></authors><title>Handling Looping and Optional Actions in YAPPR.</title><venue>Plan, Activity, and Intent Recognition</venue><year>2010</year><type>Conference and Workshop Papers</type><key>conf/aaai/GeibG10</key><ee>http://aaai.org/ocs/index.php/WS/AAAIW10/paper/view/2001</ee><url>https://dblp.org/rec/conf/aaai/GeibG10</url></info>
<url>URL#3405210</url>
</hit>
<hit score="1" id="3405214">
<info><authors><author pid="93/2423">Robert P. Goldman</author><author pid="41/4980">Froduald Kabanza</author><author pid="09/4391">Philipe Bellefeuille</author></authors><title>Plan Libraries for Plan Recognition - Do We Really Know What They Model?</title><venue>Plan, Activity, and Intent Recognition</venue><year>2010</year><type>Conference and Workshop Papers</type><key>conf/aaai/GoldmanKB10</key><ee>http://aaai.org/ocs/index.php/WS/AAAIW10/paper/view/2003</ee><url>https://dblp.org/rec/conf/aaai/GoldmanKB10</url></info>
<url>URL#3405214</url>
</hit>
<hit score="1" id="3405261">
<info><authors><author pid="41/4980">Froduald Kabanza</author><author pid="09/4391">Philipe Bellefeuille</author><author pid="97/9923">Francis Bisson</author><author pid="22/5224">Abder Rezak Benaskeur</author><author pid="87/6387">Hengameh Irandoust</author></authors><title>Opponent Behaviour Recognition for Real-Time Strategy Games.</title><venue>Plan, Activity, and Intent Recognition</venue><year>2010</year><type>Conference and Workshop Papers</type><key>conf/aaai/KabanzaBBBI10</key><ee>http://aaai.org/ocs/index.php/WS/AAAIW10/paper/view/2024</ee><url>https://dblp.org/rec/conf/aaai/KabanzaBBBI10</url></info>
<url>URL#3405261</url>
</hit>
<hit score="1" id="3405294">
<info><authors><author pid="53/10625">Shih-chiang Lee</author><author pid="21/10625">Gu-yuan Lin</author><author pid="17/5138">Wan-rong Jih</author><author pid="55/866">Jane Yung-jen Hsu</author></authors><title>Appliance Recognition and Unattended Appliance Detection for Energy Conservation.</title><venue>Plan, Activity, and Intent Recognition</venue><year>2010</year><type>Conference and Workshop Papers</type><key>conf/aaai/LeeLJH10</key><ee>http://aaai.org/ocs/index.php/WS/AAAIW10/paper/view/2012</ee><url>https://dblp.org/rec/conf/aaai/LeeLJH10</url></info>
<url>URL#3405294</url>
</hit>
<hit score="1" id="3405393">
<info><authors><author pid="90/2334">Parisa Rashidi</author><author pid="c/DianeJCook">Diane J. Cook</author></authors><title>Activity Recognition Based on Home to Home Transfer Learning.</title><venue>Plan, Activity, and Intent Recognition</venue><year>2010</year><type>Conference and Workshop Papers</type><key>conf/aaai/RashidiC10</key><ee>http://aaai.org/ocs/index.php/WS/AAAIW10/paper/view/1995</ee><url>https://dblp.org/rec/conf/aaai/RashidiC10</url></info>
<url>URL#3405393</url>
</hit>
<hit score="1" id="3405401">
<info><authors><author pid="82/1307">Patrice Roy</author><author pid="38/4348">Sylvain Giroux</author><author pid="63/2180-1">Bruno Bouchard 0001</author><author pid="10/2753">Abdenour Bouzouane</author><author pid="44/551">Clifton Phua</author><author pid="56/8215">Andrei Tolstikov</author><author pid="20/2182">Jit Biswas</author></authors><title>Possibilistic Behavior Recognition in Smart Homes for Cognitive Assistance.</title><venue>Plan, Activity, and Intent Recognition</venue><year>2010</year><type>Conference and Workshop Papers</type><key>conf/aaai/RoyGBBPTB10</key><ee>http://aaai.org/ocs/index.php/WS/AAAIW10/paper/view/2031</ee><url>https://dblp.org/rec/conf/aaai/RoyGBBPTB10</url></info>
<url>URL#3405401</url>
</hit>
<hit score="1" id="3529299">
<info><title>Plan, Activity, and Intent Recognition, Papers from the 2010 AAAI Workshop, Atlanta, Georgia, USA, July 12, 2010</title><venue>Plan, Activity, and Intent Recognition</venue><venue>AAAI Workshops</venue><volume>WS-10-05</volume><publisher>AAAI</publisher><year>2010</year><type>Editorship</type><key>conf/aaai/2010recog</key><ee>http://www.aaai.org/Library/Workshops/ws10-05.php</ee><url>https://dblp.org/rec/conf/aaai/2010recog</url></info>
<url>URL#3529299</url>
</hit>
</hits>
</result>
