<?xml version="1.0" encoding="UTF-8"?>
<result>
<query id="289753">:facetid:toc:db\"/\"conf\"/\"aaai\"/\"middle2010\".\"bht</query>
<status code="200">OK</status>
<time unit="msecs">115.62</time>
<completions total="1" computed="1" sent="1">
<c sc="21" dc="21" oc="21" id="18218011">:facetid:toc:db/conf/aaai/middle2010.bht</c>
</completions>
<hits total="21" computed="21" sent="21" first="0">
<hit score="1" id="3405118">
<info><authors><author pid="42/1953">Jacob Beal</author><author pid="47/558">Alice Leung</author><author pid="11/3786">Robert Laddaga</author></authors><title>Spectrum Curricula - Design and Initial Results.</title><venue>Enabling Intelligence through Middleware</venue><year>2010</year><type>Conference and Workshop Papers</type><key>conf/aaai/BealLL10</key><ee>http://www.aaai.org/ocs/index.php/WS/ROBOT10/paper/view/2341</ee><url>https://dblp.org/rec/conf/aaai/BealLL10</url></info>
<url>URL#3405118</url>
</hit>
<hit score="1" id="3405156">
<info><authors><author pid="75/6144">Crystal Chao</author><author pid="37/2693">Michael J. Gielniak</author><author pid="70/8369">Jae Wook Yoo</author><author pid="l/AndreaLockerd">Andrea Lockerd Thomaz</author></authors><title>Interactive Learning by Demonstration with the Simon Robot.</title><venue>Enabling Intelligence through Middleware</venue><year>2010</year><type>Conference and Workshop Papers</type><key>conf/aaai/ChaoGYT10</key><ee>http://www.aaai.org/ocs/index.php/WS/ROBOT10/paper/view/2342</ee><url>https://dblp.org/rec/conf/aaai/ChaoGYT10</url></info>
<url>URL#3405156</url>
</hit>
<hit score="1" id="3405175">
<info><authors><author pid="34/6334">James Davis</author><author pid="24/5170">Monica Anderson</author></authors><title>Lego Mindstorms Programming via PREOP.</title><venue>Enabling Intelligence through Middleware</venue><year>2010</year><type>Conference and Workshop Papers</type><key>conf/aaai/DavisA10</key><ee>http://www.aaai.org/ocs/index.php/WS/ROBOT10/paper/view/2338</ee><url>https://dblp.org/rec/conf/aaai/DavisA10</url></info>
<url>URL#3405175</url>
</hit>
<hit score="1" id="3405176">
<info><authors><author pid="98/1944">James E. Davis</author><author pid="17/11044">Jerrad Funderburk</author><author pid="02/10009">Daniel Gay</author><author pid="02/11044">Revarr Johnson</author><author pid="99/10870">Robert Phares</author><author pid="45/8841">Daniel Thompson</author><author pid="86/7748">Andrew McKenzie</author><author pid="24/5170">Monica Anderson</author></authors><title>Using Commodity Parts to Build a Low-Cost Autonomous Robot.</title><venue>Enabling Intelligence through Middleware</venue><year>2010</year><type>Conference and Workshop Papers</type><key>conf/aaai/DavisFGJPTMA10</key><ee>http://www.aaai.org/ocs/index.php/WS/ROBOT10/paper/view/2329</ee><url>https://dblp.org/rec/conf/aaai/DavisFGJPTMA10</url></info>
<url>URL#3405176</url>
</hit>
<hit score="1" id="3405201">
<info><authors><author pid="61/7382">Paul M. Fitzpatrick</author><author pid="17/4667">Lorenzo Natale</author><author pid="33/5342">Giorgio Metta</author></authors><title>YARP, a Thin Middleware for (Humanoid) Robots.</title><venue>Enabling Intelligence through Middleware</venue><year>2010</year><type>Conference and Workshop Papers</type><key>conf/aaai/FitzpatrickNM10</key><ee>http://www.aaai.org/ocs/index.php/WS/ROBOT10/paper/view/2336</ee><url>https://dblp.org/rec/conf/aaai/FitzpatrickNM10</url></info>
<url>URL#3405201</url>
</hit>
<hit score="1" id="3405239">
<info><authors><author pid="35/1190">Nick Hawes</author><author pid="50/3725">Marc Hanheide</author></authors><title>CAST - Middleware for Memory-Based Architectures.</title><venue>Enabling Intelligence through Middleware</venue><year>2010</year><type>Conference and Workshop Papers</type><key>conf/aaai/HawesH10</key><ee>http://www.aaai.org/ocs/index.php/WS/ROBOT10/paper/view/2328</ee><url>https://dblp.org/rec/conf/aaai/HawesH10</url></info>
<url>URL#3405239</url>
</hit>
<hit score="1" id="3405242">
<info><authors><author pid="22/9915">Dustin Heaton</author><author pid="c/JeffreyCCarver">Jeffrey C. Carver</author><author pid="24/5170">Monica Anderson</author></authors><title>Enabling Citizen Roboticists.</title><venue>Enabling Intelligence through Middleware</venue><year>2010</year><type>Conference and Workshop Papers</type><key>conf/aaai/HeatonCA10</key><ee>http://www.aaai.org/ocs/index.php/WS/ROBOT10/paper/view/2337</ee><url>https://dblp.org/rec/conf/aaai/HeatonCA10</url></info>
<url>URL#3405242</url>
</hit>
<hit score="1" id="3405246">
<info><authors><author pid="11/399">Ayanna M. Howard</author></authors><title>Organizers.</title><venue>Enabling Intelligence through Middleware</venue><year>2010</year><type>Conference and Workshop Papers</type><key>conf/aaai/Howard10</key><ee>http://www.aaai.org/ocs/index.php/WS/ROBOT10/paper/view/2374</ee><url>https://dblp.org/rec/conf/aaai/Howard10</url></info>
<url>URL#3405246</url>
</hit>
<hit score="1" id="3405296">
<info><authors><author pid="70/8738">Michael Leece</author><author pid="96/8737">Nicole Lesperance</author><author pid="36/11044">Steve Matsumoto</author><author pid="04/8739">Max Korbel</author><author pid="40/11043">Kenny Lei</author><author pid="49/744">Zachary Dodds</author></authors><title>PixelLaser - Learning Range via Texture.</title><venue>Enabling Intelligence through Middleware</venue><year>2010</year><type>Conference and Workshop Papers</type><key>conf/aaai/LeeceLMKLD10</key><ee>http://www.aaai.org/ocs/index.php/WS/ROBOT10/paper/view/2347</ee><url>https://dblp.org/rec/conf/aaai/LeeceLMKLD10</url></info>
<url>URL#3405296</url>
</hit>
<hit score="1" id="3405335">
<info><authors><author pid="94/4786">Julian Mason</author><author pid="37/142">Gavin Taylor</author></authors><title>An Intensive Introductory Robotics Course Without Prerequisites.</title><venue>Enabling Intelligence through Middleware</venue><year>2010</year><type>Conference and Workshop Papers</type><key>conf/aaai/MasonT10</key><ee>http://www.aaai.org/ocs/index.php/WS/ROBOT10/paper/view/2345</ee><url>https://dblp.org/rec/conf/aaai/MasonT10</url></info>
<url>URL#3405335</url>
</hit>
<hit score="1" id="3405343">
<info><authors><author pid="50/2928">Çetin Meriçli</author><author pid="v/ManuelaMVeloso">Manuela M. Veloso</author></authors><title>Increasing Biped Walk Robustness Through Playback and Corrective Demonstration.</title><venue>Enabling Intelligence through Middleware</venue><year>2010</year><type>Conference and Workshop Papers</type><key>conf/aaai/MericliV10a</key><ee>http://www.aaai.org/ocs/index.php/WS/ROBOT10/paper/view/2330</ee><url>https://dblp.org/rec/conf/aaai/MericliV10a</url></info>
<url>URL#3405343</url>
</hit>
<hit score="1" id="3405362">
<info><authors><author pid="28/2918">Sarah Osentoski</author><author pid="07/9255">Graylin Jay</author><author pid="24/1031">Christopher Crick</author><author pid="99/4449">Odest Chadwicke Jenkins</author></authors><title>Brown ROS Package - Reproducibility for Shared Experimentation and Learning from Demonstration.</title><venue>Enabling Intelligence through Middleware</venue><year>2010</year><type>Conference and Workshop Papers</type><key>conf/aaai/OsentoskiJCJ10</key><ee>http://www.aaai.org/ocs/index.php/WS/ROBOT10/paper/view/2339</ee><url>https://dblp.org/rec/conf/aaai/OsentoskiJCJ10</url></info>
<url>URL#3405362</url>
</hit>
<hit score="1" id="3405389">
<info><authors><author pid="78/1197">Morgan Quigley</author><author pid="42/6120">Alan T. Asbeck</author><author pid="n/AndrewYNg">Andrew Y. Ng</author></authors><title>Low-Cost Manipulation Powered by ROS.</title><venue>Enabling Intelligence through Middleware</venue><year>2010</year><type>Conference and Workshop Papers</type><key>conf/aaai/QuigleyAN10</key><ee>http://www.aaai.org/ocs/index.php/WS/ROBOT10/paper/view/2343</ee><url>https://dblp.org/rec/conf/aaai/QuigleyAN10</url></info>
<url>URL#3405389</url>
</hit>
<hit score="1" id="3405424">
<info><authors><author pid="s/ElizabethSklar">Elizabeth Sklar</author><author pid="65/1416">Simon Parsons</author><author pid="79/4353">Susan L. Epstein</author><author pid="25/9923">Arif Tuna Ozgelen</author><author pid="39/9890">George Rabanca</author><author pid="88/10440">Sam Anzaroot</author><author pid="38/1498">Joel Gonzalez</author><author pid="23/11043">Jesse Lopez</author><author pid="46/11043">Mitch Lustig</author><author pid="21/1362">Linda Ma</author><author pid="33/10719">Mark Manashirov</author><author pid="174/3681">Juan Pablo Muñoz</author><author pid="34/11043">S. Bruno Salazar</author><author pid="52/11043">Miriam Schwartz</author></authors><title>Developing a Framework for Team-Based Robotics Research.</title><venue>Enabling Intelligence through Middleware</venue><year>2010</year><type>Conference and Workshop Papers</type><key>conf/aaai/SklarPEORAGLLMMMSS10</key><ee>http://www.aaai.org/ocs/index.php/WS/ROBOT10/paper/view/2334</ee><url>https://dblp.org/rec/conf/aaai/SklarPEORAGLLMMMSS10</url></info>
<url>URL#3405424</url>
</hit>
<hit score="1" id="3405438">
<info><authors><author pid="84/5168">Aaron Strauss</author><author pid="60/11043">Anis Zaman</author><author pid="41/3496">Keith J. O&apos;Hara</author></authors><title>The IMP - An Intelligent Mobile Projector.</title><venue>Enabling Intelligence through Middleware</venue><year>2010</year><type>Conference and Workshop Papers</type><key>conf/aaai/StraussZO10</key><ee>http://www.aaai.org/ocs/index.php/WS/ROBOT10/paper/view/2262</ee><url>https://dblp.org/rec/conf/aaai/StraussZO10</url></info>
<url>URL#3405438</url>
</hit>
<hit score="1" id="3405440">
<info><authors><author pid="19/8399">Kaushik Subramanian</author><author pid="l/MLLittman">Michael L. Littman</author></authors><title>Efficient Apprenticeship Learning with Smart Humans.</title><venue>Enabling Intelligence through Middleware</venue><year>2010</year><type>Conference and Workshop Papers</type><key>conf/aaai/SubramanianL10</key><ee>http://www.aaai.org/ocs/index.php/WS/ROBOT10/paper/view/2332</ee><url>https://dblp.org/rec/conf/aaai/SubramanianL10</url></info>
<url>URL#3405440</url>
</hit>
<hit score="1" id="3405458">
<info><authors><author pid="45/4246">David S. Touretzky</author><author pid="91/9798">Owen Paul Watson</author><author pid="66/1146">Clement S. Allen</author><author pid="91/11043">Ray Russell</author></authors><title>Calliope - Mobile Manipulation From Commodity Components.</title><venue>Enabling Intelligence through Middleware</venue><year>2010</year><type>Conference and Workshop Papers</type><key>conf/aaai/TouretzkyWAR10</key><ee>http://www.aaai.org/ocs/index.php/WS/ROBOT10/paper/view/2335</ee><url>https://dblp.org/rec/conf/aaai/TouretzkyWAR10</url></info>
<url>URL#3405458</url>
</hit>
<hit score="1" id="3405465">
<info><authors><author pid="96/9255">Marynel Vázquez</author><author pid="62/1898-2">Alexander May 0002</author><author pid="95/9254">Wei-Hsuan Chen</author></authors><title>ShakeTime! A Persuasive Robotic Game.</title><venue>Enabling Intelligence through Middleware</venue><year>2010</year><type>Conference and Workshop Papers</type><key>conf/aaai/VazquezMC10</key><ee>http://www.aaai.org/ocs/index.php/WS/ROBOT10/paper/view/2340</ee><url>https://dblp.org/rec/conf/aaai/VazquezMC10</url></info>
<url>URL#3405465</url>
</hit>
<hit score="1" id="3405478">
<info><authors><author pid="98/9923">Kim Wheeler</author><author pid="42/5517">Jerry B. Weinberg</author><author pid="68/4682">Robin Knight</author><author pid="87/11042">William Yu</author><author pid="29/9922">Collin Horvat</author><author pid="66/11042">Jason Tennyson</author><author pid="68/9923">Casey Kuhns</author><author pid="25/11043">Aaron Parker</author><author pid="91/6704">Jeffrey R. Croxell</author></authors><title>BotSense - An Open-Source Middleware Framework for Unifying and Enabling Intelligent Robotic Systems.</title><venue>Enabling Intelligence through Middleware</venue><year>2010</year><type>Conference and Workshop Papers</type><key>conf/aaai/WheelerWKYHTKPC10</key><ee>http://www.aaai.org/ocs/index.php/WS/ROBOT10/paper/view/2346</ee><url>https://dblp.org/rec/conf/aaai/WheelerWKYHTKPC10</url></info>
<url>URL#3405478</url>
</hit>
<hit score="1" id="3405502">
<info><authors><author pid="30/11044">Hyun-Soo Yi</author><author pid="17/8370">Tobias Kunz</author><author pid="79/8369">Pushkar Kolhe</author><author pid="43/11042">Evan Seguin</author><author pid="87/7000">Mike Stilman</author></authors><title>Golem Chesster - Autonomous Manipulation for Human-Robot Chess.</title><venue>Enabling Intelligence through Middleware</venue><year>2010</year><type>Conference and Workshop Papers</type><key>conf/aaai/YiKKSS10</key><ee>http://www.aaai.org/ocs/index.php/WS/ROBOT10/paper/view/2348</ee><url>https://dblp.org/rec/conf/aaai/YiKKSS10</url></info>
<url>URL#3405502</url>
</hit>
<hit score="1" id="3529297">
<info><title>Enabling Intelligence through Middleware, Papers from the 2010 AAAI Robot Workshop, Atlanta, Georgia, USA, July 12, 2010</title><venue>Enabling Intelligence through Middleware</venue><venue>AAAI Workshops</venue><volume>WS-10-09</volume><publisher>AAAI</publisher><year>2010</year><type>Editorship</type><key>conf/aaai/2010middle</key><ee>http://www.aaai.org/Library/Workshops/ws10-09.php</ee><url>https://dblp.org/rec/conf/aaai/2010middle</url></info>
<url>URL#3529297</url>
</hit>
</hits>
</result>
