<?xml version="1.0" encoding="UTF-8"?>
<result>
<query id="293483">:facetid:toc:db\"/\"conf\"/\"aaai\"/\"care2011\".\"bht</query>
<status code="200">OK</status>
<time unit="msecs">116.51</time>
<completions total="1" computed="1" sent="1">
<c sc="7" dc="7" oc="7" id="18217984">:facetid:toc:db/conf/aaai/care2011.bht</c>
</completions>
<hits total="7" computed="7" sent="7" first="0">
<hit score="1" id="3163542">
<info><authors><author pid="20/3527">Susan Leigh Anderson</author><author pid="59/4095-1">Michael Anderson 0001</author></authors><title>A Prima Facie Duty Approach to Machine Ethics and Its Application to Elder Care.</title><venue>Human-Robot Interaction in Elder Care</venue><year>2011</year><type>Conference and Workshop Papers</type><key>conf/aaai/AndersonA11</key><ee>http://www.aaai.org/ocs/index.php/WS/AAAIW11/paper/view/3812</ee><url>https://dblp.org/rec/conf/aaai/AndersonA11</url></info>
<url>URL#3163542</url>
</hit>
<hit score="1" id="3163562">
<info><authors><author pid="41/10919">Timothy James Becker</author></authors><title>A General Perceptual Model for Eldercare Robots.</title><venue>Human-Robot Interaction in Elder Care</venue><year>2011</year><type>Conference and Workshop Papers</type><key>conf/aaai/Becker11</key><ee>http://www.aaai.org/ocs/index.php/WS/AAAIW11/paper/view/3965</ee><url>https://dblp.org/rec/conf/aaai/Becker11</url></info>
<url>URL#3163562</url>
</hit>
<hit score="1" id="3163573">
<info><authors><author pid="53/4184">Elizabeth Broadbent</author><author pid="80/6421">Chandimal Jayawardena</author><author pid="27/7309">Ngaire Kerse</author><author pid="71/7616">Rebecca Q. Stafford</author><author pid="52/2679">Bruce A. MacDonald</author></authors><title>Human-Robot Interaction Research to Improve Quality of Life in Elder Care - An Approach and Issues.</title><venue>Human-Robot Interaction in Elder Care</venue><year>2011</year><type>Conference and Workshop Papers</type><key>conf/aaai/BroadbentJKSM11</key><ee>http://www.aaai.org/ocs/index.php/WS/AAAIW11/paper/view/3875</ee><url>https://dblp.org/rec/conf/aaai/BroadbentJKSM11</url></info>
<url>URL#3163573</url>
</hit>
<hit score="1" id="3163578">
<info><authors><author pid="89/10919">Christopher James Calo</author><author pid="71/10919">Nicholas Hunt-Bull</author><author pid="05/3190">Lundy Lewis</author><author pid="79/6776">Ted Metzler</author></authors><title>Ethical Implications of Using the Paro Robot, with a Focus on Dementia Patient Care.</title><venue>Human-Robot Interaction in Elder Care</venue><year>2011</year><type>Conference and Workshop Papers</type><key>conf/aaai/CaloHLM11</key><ee>http://www.aaai.org/ocs/index.php/WS/AAAIW11/paper/view/3808</ee><url>https://dblp.org/rec/conf/aaai/CaloHLM11</url></info>
<url>URL#3163578</url>
</hit>
<hit score="1" id="3163818">
<info><authors><author pid="65/5641">Tatsuya Nomura</author><author pid="48/7049">Saori Takeuchi</author></authors><title>The Elderly and Robots - From Experiments based on Comparison with Younger People.</title><venue>Human-Robot Interaction in Elder Care</venue><year>2011</year><type>Conference and Workshop Papers</type><key>conf/aaai/NomuraT11</key><ee>http://www.aaai.org/ocs/index.php/WS/AAAIW11/paper/view/3811</ee><url>https://dblp.org/rec/conf/aaai/NomuraT11</url></info>
<url>URL#3163818</url>
</hit>
<hit score="1" id="3163893">
<info><authors><author pid="83/95">Marjorie Skubic</author><author pid="47/10919">Zhiyu Huo</author><author pid="67/6304">Laura A. Carlson</author><author pid="60/10919">Xiao Ou Li</author><author pid="61/10919">Jared Miller</author></authors><title>Human-Driven Spatial Language for Human-Robot Interaction.</title><venue>Human-Robot Interaction in Elder Care</venue><year>2011</year><type>Conference and Workshop Papers</type><key>conf/aaai/SkubicHCLM11</key><ee>http://www.aaai.org/ocs/index.php/WS/AAAIW11/paper/view/3799</ee><url>https://dblp.org/rec/conf/aaai/SkubicHCLM11</url></info>
<url>URL#3163893</url>
</hit>
<hit score="1" id="3300568">
<info><title>Human-Robot Interaction in Elder Care, Papers from the 2011 AAAI Workshop, San Francisco, California, USA, August 8, 2011</title><venue>Human-Robot Interaction in Elder Care</venue><venue>AAAI Workshops</venue><volume>WS-11-12</volume><publisher>AAAI</publisher><year>2011</year><type>Editorship</type><key>conf/aaai/2011care</key><ee>http://www.aaai.org/Library/Workshops/ws11-12.php</ee><url>https://dblp.org/rec/conf/aaai/2011care</url></info>
<url>URL#3300568</url>
</hit>
</hits>
</result>
