<?xml version="1.0" encoding="UTF-8"?>
<result>
<query id="293986">:facetid:toc:db\"/\"conf\"/\"aaai\"/\"learning2011\".\"bht</query>
<status code="200">OK</status>
<time unit="msecs">140.17</time>
<completions total="1" computed="1" sent="1">
<c sc="16" dc="16" oc="16" id="18218004">:facetid:toc:db/conf/aaai/learning2011.bht</c>
</completions>
<hits total="16" computed="16" sent="16" first="0">
<hit score="1" id="3163529">
<info><authors><author pid="10/10920">Farnaz Abtahi</author><author pid="19/2463">Ian R. Fasel</author></authors><title>Deep Belief Nets as Function Approximators for Reinforcement Learning.</title><venue>Lifelong Learning</venue><year>2011</year><type>Conference and Workshop Papers</type><key>conf/aaai/AbtahiF11</key><ee>http://www.aaai.org/ocs/index.php/WS/AAAIW11/paper/view/3898</ee><url>https://dblp.org/rec/conf/aaai/AbtahiF11</url></info>
<url>URL#3163529</url>
</hit>
<hit score="1" id="3163599">
<info><authors><author pid="81/4331">Yoonsuck Choe</author></authors><title>Action-Based Autonomous Grounding.</title><venue>Lifelong Learning</venue><year>2011</year><type>Conference and Workshop Papers</type><key>conf/aaai/Choe11</key><ee>http://www.aaai.org/ocs/index.php/WS/AAAIW11/paper/view/3798</ee><url>https://dblp.org/rec/conf/aaai/Choe11</url></info>
<url>URL#3163599</url>
</hit>
<hit score="1" id="3163639">
<info><authors><author pid="22/2336">Eric Eaton</author><author pid="01/6520">Terran Lane</author></authors><title>The Importance of Selective Knowledge Transfer for Lifelong Learning.</title><venue>Lifelong Learning</venue><year>2011</year><type>Conference and Workshop Papers</type><key>conf/aaai/EatonL11</key><ee>http://www.aaai.org/ocs/index.php/WS/AAAIW11/paper/view/3941</ee><url>https://dblp.org/rec/conf/aaai/EatonL11</url></info>
<url>URL#3163639</url>
</hit>
<hit score="1" id="3163676">
<info><authors><author pid="28/7991">Arjan Gijsberts</author><author pid="33/5342">Giorgio Metta</author></authors><title>Incremental Sensorimotor Learning with Constant Update Complexity.</title><venue>Lifelong Learning</venue><year>2011</year><type>Conference and Workshop Papers</type><key>conf/aaai/GijsbertsM11</key><ee>http://www.aaai.org/ocs/index.php/WS/AAAIW11/paper/view/3800</ee><url>https://dblp.org/rec/conf/aaai/GijsbertsM11</url></info>
<url>URL#3163676</url>
</hit>
<hit score="1" id="3163681">
<info><authors><author pid="97/5783">Ben Goertzel</author></authors><title>Lifelong Forgetting - A Critical Ingredient of Lifelong Learning, and Its Implementation in the OpenCog Integrative AI Framework.</title><venue>Lifelong Learning</venue><year>2011</year><type>Conference and Workshop Papers</type><key>conf/aaai/Goertzel11</key><ee>http://www.aaai.org/ocs/index.php/WS/AAAIW11/paper/view/3900</ee><url>https://dblp.org/rec/conf/aaai/Goertzel11</url></info>
<url>URL#3163681</url>
</hit>
<hit score="1" id="3163694">
<info><authors><author pid="36/5928">Beata J. Grzyb</author><author pid="84/5457">Joschka Boedecker</author><author pid="01/1390">Minoru Asada</author><author pid="p/APDPobil">Angel P. del Pobil</author><author pid="82/6312">Linda B. Smith</author></authors><title>Between Frustration and Elation - Sense of Control Regulates the lntrinsic Motivation for Motor Learning.</title><venue>Lifelong Learning</venue><year>2011</year><type>Conference and Workshop Papers</type><key>conf/aaai/GrzybBAPS11</key><ee>http://www.aaai.org/ocs/index.php/WS/AAAIW11/paper/view/3936</ee><url>https://dblp.org/rec/conf/aaai/GrzybBAPS11</url></info>
<url>URL#3163694</url>
</hit>
<hit score="1" id="3163816">
<info><authors><author pid="62/8399">Scott Niekum</author><author pid="a/AndrewGBarto">Andrew G. Barto</author></authors><title>Clustering via Dirichlet Process Mixture Models for Portable Skill Discovery.</title><venue>Lifelong Learning</venue><year>2011</year><type>Conference and Workshop Papers</type><key>conf/aaai/NiekumB11</key><ee>http://www.aaai.org/ocs/index.php/WS/AAAIW11/paper/view/3866</ee><url>https://dblp.org/rec/conf/aaai/NiekumB11</url></info>
<url>URL#3163816</url>
</hit>
<hit score="1" id="3163855">
<info><authors><author pid="15/10920">Antons Rebguns</author><author pid="54/10014">Daniel Ford</author><author pid="19/2463">Ian R. Fasel</author></authors><title>InfoMax Control for Acoustic Exploration of Objects by a Mobile Robot.</title><venue>Lifelong Learning</venue><year>2011</year><type>Conference and Workshop Papers</type><key>conf/aaai/RebgunsFF11</key><ee>http://www.aaai.org/ocs/index.php/WS/AAAIW11/paper/view/3960</ee><url>https://dblp.org/rec/conf/aaai/RebgunsFF11</url></info>
<url>URL#3163855</url>
</hit>
<hit score="1" id="3163861">
<info><authors><author pid="73/1450">Mark Ring</author></authors><title>Recurrent Transition Hierarchies for Continual Learning - A General Overview.</title><venue>Lifelong Learning</venue><year>2011</year><type>Conference and Workshop Papers</type><key>conf/aaai/Ring11</key><ee>http://www.aaai.org/ocs/index.php/WS/AAAIW11/paper/view/4002</ee><url>https://dblp.org/rec/conf/aaai/Ring11</url></info>
<url>URL#3163861</url>
</hit>
<hit score="1" id="3163874">
<info><authors><author pid="07/10920">Avneesh Singh Saluja</author><author pid="59/9661">Frank Mokaya</author><author pid="23/4518">Mariano Phielipp</author><author pid="92/5526">Branislav Kveton</author></authors><title>Automatic Identity Inference for Smart TVs.</title><venue>Lifelong Learning</venue><year>2011</year><type>Conference and Workshop Papers</type><key>conf/aaai/SalujaMPK11</key><ee>http://www.aaai.org/ocs/index.php/WS/AAAIW11/paper/view/3903</ee><url>https://dblp.org/rec/conf/aaai/SalujaMPK11</url></info>
<url>URL#3163874</url>
</hit>
<hit score="1" id="3163879">
<info><authors><author pid="s/JurgenSchmidhuber">Jürgen Schmidhuber</author></authors><title>Lifelong Credit Assignment with the Success-Story Algorithm.</title><venue>Lifelong Learning</venue><year>2011</year><type>Conference and Workshop Papers</type><key>conf/aaai/Schmidhuber11</key><ee>http://www.aaai.org/ocs/index.php/WS/AAAIW11/paper/view/3934</ee><url>https://dblp.org/rec/conf/aaai/Schmidhuber11</url></info>
<url>URL#3163879</url>
</hit>
<hit score="1" id="3163884">
<info><authors><author pid="45/5431">Shiraj Sen</author><author pid="15/10722">Grant Sherrick</author><author pid="89/10720">Dirk Ruiken</author><author pid="g/RodericAGrupen">Roderic A. Grupen</author></authors><title>Hierarchical Skills and Skill-based Representation.</title><venue>Lifelong Learning</venue><year>2011</year><type>Conference and Workshop Papers</type><key>conf/aaai/SenSRG11</key><ee>http://www.aaai.org/ocs/index.php/WS/AAAIW11/paper/view/3966</ee><url>https://dblp.org/rec/conf/aaai/SenSRG11</url></info>
<url>URL#3163884</url>
</hit>
<hit score="1" id="3163902">
<info><authors><author pid="26/3845">Alexander Stoytchev</author></authors><title>Baby Gym For Robots - A New Platform For Testing Developmental Learning Algorithms.</title><venue>Lifelong Learning</venue><year>2011</year><type>Conference and Workshop Papers</type><key>conf/aaai/Stoytchev11</key><ee>http://www.aaai.org/ocs/index.php/WS/AAAIW11/paper/view/3895</ee><url>https://dblp.org/rec/conf/aaai/Stoytchev11</url></info>
<url>URL#3163902</url>
</hit>
<hit score="1" id="3163928">
<info><authors><author pid="49/4792">Lisa Torrey</author></authors><title>Lightweight Adaptation in Model-Based Reinforcement Learning.</title><venue>Lifelong Learning</venue><year>2011</year><type>Conference and Workshop Papers</type><key>conf/aaai/Torrey11</key><ee>http://www.aaai.org/ocs/index.php/WS/AAAIW11/paper/view/3864</ee><url>https://dblp.org/rec/conf/aaai/Torrey11</url></info>
<url>URL#3163928</url>
</hit>
<hit score="1" id="3163939">
<info><authors><author pid="24/10920">Yury Vinokurov</author><author pid="57/241">Christian Lebiere</author><author pid="42/8267">Seth A. Herd</author><author pid="46/6350">Randall C. O&apos;Reilly</author></authors><title>A Metacognitive Classifier Using a Hybrid ACT-R/Leabra Architecture.</title><venue>Lifelong Learning</venue><year>2011</year><type>Conference and Workshop Papers</type><key>conf/aaai/VinokurovLHO11</key><ee>http://www.aaai.org/ocs/index.php/WS/AAAIW11/paper/view/3935</ee><url>https://dblp.org/rec/conf/aaai/VinokurovLHO11</url></info>
<url>URL#3163939</url>
</hit>
<hit score="1" id="3300573">
<info><title>Lifelong Learning, Papers from the 2011 AAAI Workshop, San Francisco, California, USA, August 7, 2011</title><venue>Lifelong Learning</venue><venue>AAAI Workshops</venue><volume>WS-11-15</volume><publisher>AAAI</publisher><year>2011</year><type>Editorship</type><key>conf/aaai/2011learning</key><ee>http://www.aaai.org/Library/Workshops/ws11-15.php</ee><url>https://dblp.org/rec/conf/aaai/2011learning</url></info>
<url>URL#3300573</url>
</hit>
</hits>
</result>
