<?xml version="1.0" encoding="UTF-8"?>
<result>
<query id="293205">:facetid:toc:db\"/\"conf\"/\"aaai\"/\"cmna2011\".\"bht</query>
<status code="200">OK</status>
<time unit="msecs">276.06</time>
<completions total="1" computed="1" sent="1">
<c sc="6" dc="6" oc="6" id="18217988">:facetid:toc:db/conf/aaai/cmna2011.bht</c>
</completions>
<hits total="6" computed="6" sent="6" first="0">
<hit score="1" id="3163541">
<info><authors><author pid="83/6482">Pranav Anand</author><author pid="45/10919">Joseph King</author><author pid="57/5950">Jordan L. Boyd-Graber</author><author pid="77/3669">Earl Wagner</author><author pid="83/2512">Craig H. Martell</author><author pid="o/DouglasWOard">Douglas W. Oard</author><author pid="p/PhilipResnik">Philip Resnik</author></authors><title>Believe Me - We Can Do This! Annotating Persuasive Acts in Blog Text.</title><venue>Computational Models of Natural Argument</venue><year>2011</year><type>Conference and Workshop Papers</type><key>conf/aaai/AnandKBWMOR11</key><ee>http://www.aaai.org/ocs/index.php/WS/AAAIW11/paper/view/3907</ee><url>https://dblp.org/rec/conf/aaai/AnandKBWMOR11</url></info>
<url>URL#3163541</url>
</hit>
<hit score="1" id="3163574">
<info><authors><author pid="89/6999">Katarzyna Budzynska</author><author pid="12/4444">Chris Reed</author></authors><title>Speech Acts of Argumentation - Inference Anchors and Peripheral Cues in Dialogue.</title><venue>Computational Models of Natural Argument</venue><year>2011</year><type>Conference and Workshop Papers</type><key>conf/aaai/BudzynskaR11</key><ee>http://www.aaai.org/ocs/index.php/WS/AAAIW11/paper/view/3940</ee><url>https://dblp.org/rec/conf/aaai/BudzynskaR11</url></info>
<url>URL#3163574</url>
</hit>
<hit score="1" id="3163629">
<info><authors><author pid="16/1836">Chrysanne DiMarco</author><author pid="67/8694">Randy Allen Harris</author></authors><title>The RhetFig Project - Computational Rhetorics and Models of Persuasion.</title><venue>Computational Models of Natural Argument</venue><year>2011</year><type>Conference and Workshop Papers</type><key>conf/aaai/DiMarcoH11</key><ee>http://www.aaai.org/ocs/index.php/WS/AAAIW11/paper/view/3956</ee><url>https://dblp.org/rec/conf/aaai/DiMarcoH11</url></info>
<url>URL#3163629</url>
</hit>
<hit score="1" id="3163691">
<info><authors><author pid="51/5342">Nancy L. Green</author><author pid="62/10919">Brian Stadler</author><author pid="69/10919">Jennifer Kimbrough</author></authors><title>Adding Affective Argumentation to the GenIE Assistant.</title><venue>Computational Models of Natural Argument</venue><year>2011</year><type>Conference and Workshop Papers</type><key>conf/aaai/GreenSK11</key><ee>http://www.aaai.org/ocs/index.php/WS/AAAIW11/paper/view/3816</ee><url>https://dblp.org/rec/conf/aaai/GreenSK11</url></info>
<url>URL#3163691</url>
</hit>
<hit score="1" id="3163885">
<info><authors><author pid="69/8616">Ricky J. Sethi</author><author pid="88/2686">Yolanda Gil</author></authors><title>A Social Collaboration Argumentation System for Generating Multi-Faceted Answers in Question and Answer Communities.</title><venue>Computational Models of Natural Argument</venue><year>2011</year><type>Conference and Workshop Papers</type><key>conf/aaai/SethiG11</key><ee>http://www.aaai.org/ocs/index.php/WS/AAAIW11/paper/view/3804</ee><url>https://dblp.org/rec/conf/aaai/SethiG11</url></info>
<url>URL#3163885</url>
</hit>
<hit score="1" id="3300570">
<info><title>Computational Models of Natural Argument, Papers from the 2011 AAAI Workshop, San Francisco, California, USA, August 7, 2011</title><venue>Computational Models of Natural Argument</venue><venue>AAAI Workshops</venue><volume>WS-11-10</volume><publisher>AAAI</publisher><year>2011</year><type>Editorship</type><key>conf/aaai/2011cmna</key><ee>http://www.aaai.org/Library/Workshops/ws11-10.php</ee><url>https://dblp.org/rec/conf/aaai/2011cmna</url></info>
<url>URL#3300570</url>
</hit>
</hits>
</result>
