<?xml version="1.0" encoding="UTF-8"?>
<result>
<query id="294034">:facetid:toc:db\"/\"conf\"/\"aaai\"/\"plan2011\".\"bht</query>
<status code="200">OK</status>
<time unit="msecs">0.33</time>
<completions total="1" computed="1" sent="1">
<c sc="8" dc="8" oc="8" id="18218015">:facetid:toc:db/conf/aaai/plan2011.bht</c>
</completions>
<hits total="8" computed="8" sent="8" first="0">
<hit score="1" id="3163661">
<info><authors><author pid="137/3611">Boris A. Galitsky</author><author pid="78/1198">William Jarrold</author></authors><title>Discovering Patterns of Autistic Planning.</title><venue>Plan, Activity, and Intent Recognition</venue><year>2011</year><type>Conference and Workshop Papers</type><key>conf/aaai/GalitskyJ11</key><ee>http://www.aaai.org/ocs/index.php/WS/AAAIW11/paper/view/3961</ee><url>https://dblp.org/rec/conf/aaai/GalitskyJ11</url></info>
<url>URL#3163661</url>
</hit>
<hit score="1" id="3163668">
<info><authors><author pid="88/4021">Christopher W. Geib</author></authors><title>Fixing a Hole in Lexicalized Plan Recognition.</title><venue>Plan, Activity, and Intent Recognition</venue><year>2011</year><type>Conference and Workshop Papers</type><key>conf/aaai/Geib11</key><ee>http://www.aaai.org/ocs/index.php/WS/AAAIW11/paper/view/3878</ee><url>https://dblp.org/rec/conf/aaai/Geib11</url></info>
<url>URL#3163668</url>
</hit>
<hit score="1" id="3163673">
<info><authors><author pid="14/9799">Katie Long Genter</author><author pid="52/1053">Noa Agmon</author><author pid="s/PeterStone">Peter Stone</author></authors><title>Role-Based Ad Hoc Teamwork.</title><venue>Plan, Activity, and Intent Recognition</venue><year>2011</year><type>Conference and Workshop Papers</type><key>conf/aaai/GenterAS11a</key><ee>http://www.aaai.org/ocs/index.php/WS/AAAIW11/paper/view/3967</ee><url>https://dblp.org/rec/conf/aaai/GenterAS11a</url></info>
<url>URL#3163673</url>
</hit>
<hit score="1" id="3163722">
<info><authors><author pid="48/4618">Naoya Inoue</author><author pid="90/3315">Kentaro Inui</author></authors><title>ILP-Based Reasoning for Weighted Abduction.</title><venue>Plan, Activity, and Intent Recognition</venue><year>2011</year><type>Conference and Workshop Papers</type><key>conf/aaai/InoueI11</key><ee>http://www.aaai.org/ocs/index.php/WS/AAAIW11/paper/view/3999</ee><url>https://dblp.org/rec/conf/aaai/InoueI11</url></info>
<url>URL#3163722</url>
</hit>
<hit score="1" id="3163736">
<info><authors><author pid="49/7498">Bostjan Kaluza</author><author pid="28/5426">Gal A. Kaminka</author><author pid="67/2667">Milind Tambe</author></authors><title>Towards Detection of Suspicious Behavior from Multiple Observations.</title><venue>Plan, Activity, and Intent Recognition</venue><year>2011</year><type>Conference and Workshop Papers</type><key>conf/aaai/KaluzaKT11</key><ee>http://www.aaai.org/ocs/index.php/WS/AAAIW11/paper/view/3826</ee><url>https://dblp.org/rec/conf/aaai/KaluzaKT11</url></info>
<url>URL#3163736</url>
</hit>
<hit score="1" id="3163740">
<info><authors><author pid="63/501">Reid Kerr</author><author pid="24/441">Robin Cohen</author></authors><title>Detecting and Identifying Coalitions.</title><venue>Plan, Activity, and Intent Recognition</venue><year>2011</year><type>Conference and Workshop Papers</type><key>conf/aaai/KerrC11</key><ee>http://www.aaai.org/ocs/index.php/WS/AAAIW11/paper/view/3970</ee><url>https://dblp.org/rec/conf/aaai/KerrC11</url></info>
<url>URL#3163740</url>
</hit>
<hit score="1" id="3163912">
<info><authors><author pid="40/8529">Jaeyong Sung</author><author pid="81/9887">Colin Ponce</author><author pid="s/BartSelman">Bart Selman</author><author pid="82/6189">Ashutosh Saxena</author></authors><title>Human Activity Detection from RGBD Images.</title><venue>Plan, Activity, and Intent Recognition</venue><year>2011</year><type>Conference and Workshop Papers</type><key>conf/aaai/SungPSS11</key><ee>http://www.aaai.org/ocs/index.php/WS/AAAIW11/paper/view/4000</ee><url>https://dblp.org/rec/conf/aaai/SungPSS11</url></info>
<url>URL#3163912</url>
</hit>
<hit score="1" id="3300574">
<info><title>Plan, Activity, and Intent Recognition, Papers from the 2011 AAAI Workshop, San Francisco, California, USA, August 07, 2011</title><venue>Plan, Activity, and Intent Recognition</venue><venue>AAAI Workshops</venue><volume>WS-11-16</volume><publisher>AAAI</publisher><year>2011</year><type>Editorship</type><key>conf/aaai/2011plan</key><ee>http://www.aaai.org/Library/Workshops/ws11-16.php</ee><url>https://dblp.org/rec/conf/aaai/2011plan</url></info>
<url>URL#3300574</url>
</hit>
</hits>
</result>
