<?xml version="1.0" encoding="UTF-8"?>
<result>
<query id="293006">:facetid:toc:db\"/\"conf\"/\"aaai\"/\"aarrm2011\".\"bht</query>
<status code="200">OK</status>
<time unit="msecs">144.80</time>
<completions total="1" computed="1" sent="1">
<c sc="12" dc="12" oc="12" id="18217973">:facetid:toc:db/conf/aaai/aarrm2011.bht</c>
</completions>
<hits total="12" computed="12" sent="12" first="0">
<hit score="1" id="3163532">
<info><authors><author pid="91/10858">Oswaldo Aguirre</author><author pid="49/10858">Nicolas Lopez</author><author pid="59/10919">Eric Gutierrez</author><author pid="46/1509">Heidi A. Taboada</author><author pid="43/10919">Jose Epiritu</author><author pid="95/1694">Christopher Kiekintveld</author></authors><title>Towards the Integration of Multi-Attribute Optimization and Game Theory for Border Security Patrolling Strategies.</title><venue>Applied Adversarial Reasoning and Risk Modeling</venue><year>2011</year><type>Conference and Workshop Papers</type><key>conf/aaai/AguirreLGTEK11</key><ee>http://www.aaai.org/ocs/index.php/WS/AAAIW11/paper/view/3853</ee><url>https://dblp.org/rec/conf/aaai/AguirreLGTEK11</url></info>
<url>URL#3163532</url>
</hit>
<hit score="1" id="3163533">
<info><authors><author pid="16/7560">Muhammad Aurangzeb Ahmad</author><author pid="46/5766">Brian Keegan</author><author pid="10/10818">Sophia D. Sullivan</author><author pid="77/1743">Dmitri Williams</author><author pid="s/JaideepSrivastava">Jaideep Srivastava</author><author pid="84/4114">Noshir S. Contractor</author></authors><title>Towards Analyzing Adversarial Behavior in Clandestine Networks.</title><venue>Applied Adversarial Reasoning and Risk Modeling</venue><year>2011</year><type>Conference and Workshop Papers</type><key>conf/aaai/AhmadKSWSC11</key><ee>http://www.aaai.org/ocs/index.php/WS/AAAIW11/paper/view/3959</ee><url>https://dblp.org/rec/conf/aaai/AhmadKSWSC11</url></info>
<url>URL#3163533</url>
</hit>
<hit score="1" id="3163662">
<info><authors><author pid="137/3611">Boris A. Galitsky</author><author pid="43/6066">Josep Lluís de la Rosa</author></authors><title>Learning Adversarial Reasoning Patterns in Customer Complaints.</title><venue>Applied Adversarial Reasoning and Risk Modeling</venue><year>2011</year><type>Conference and Workshop Papers</type><key>conf/aaai/GalitskyR11</key><ee>http://www.aaai.org/ocs/index.php/WS/AAAIW11/paper/view/3976</ee><url>https://dblp.org/rec/conf/aaai/GalitskyR11</url></info>
<url>URL#3163662</url>
</hit>
<hit score="1" id="3163664">
<info><authors><author pid="00/744">Sam Ganzfried</author><author pid="s/TuomasSandholm">Tuomas Sandholm</author><author pid="96/4074">Kevin Waugh</author></authors><title>Strategy Purification.</title><venue>Applied Adversarial Reasoning and Risk Modeling</venue><year>2011</year><type>Conference and Workshop Papers</type><key>conf/aaai/GanzfriedSW11</key><ee>http://www.aaai.org/ocs/index.php/WS/AAAIW11/paper/view/3873</ee><url>https://dblp.org/rec/conf/aaai/GanzfriedSW11</url></info>
<url>URL#3163664</url>
</hit>
<hit score="1" id="3163726">
<info><authors><author pid="55/6591">Manish Jain</author><author pid="54/3357">Zhengyu Yin</author><author pid="67/2667">Milind Tambe</author><author pid="63/3305">Fernando Ordóñez</author></authors><title>Addressing Execution and Observation Error in Security Games.</title><venue>Applied Adversarial Reasoning and Risk Modeling</venue><year>2011</year><type>Conference and Workshop Papers</type><key>conf/aaai/JainYTO11</key><ee>http://www.aaai.org/ocs/index.php/WS/AAAIW11/paper/view/3908</ee><url>https://dblp.org/rec/conf/aaai/JainYTO11</url></info>
<url>URL#3163726</url>
</hit>
<hit score="1" id="3163739">
<info><authors><author pid="29/9019">Daniel Keep</author><author pid="54/10919">Rachel Bunder</author><author pid="80/24">Ian Piper</author><author pid="44/10919">Anthony Green</author></authors><title>Application of Microsimulation Towards Modelling of Behaviours in Complex Environments.</title><venue>Applied Adversarial Reasoning and Risk Modeling</venue><year>2011</year><type>Conference and Workshop Papers</type><key>conf/aaai/KeepBPG11</key><ee>http://www.aaai.org/ocs/index.php/WS/AAAIW11/paper/view/3871</ee><url>https://dblp.org/rec/conf/aaai/KeepBPG11</url></info>
<url>URL#3163739</url>
</hit>
<hit score="1" id="3163761">
<info><authors><author pid="54/9208">Maciej M. Latek</author><author pid="30/9210">Seyed M. Mussavi Rizi</author></authors><title>Robust Decision Making under Strategic Uncertainty in Multiagent Environments.</title><venue>Applied Adversarial Reasoning and Risk Modeling</venue><year>2011</year><type>Conference and Workshop Papers</type><key>conf/aaai/LatekR11</key><ee>http://www.aaai.org/ocs/index.php/WS/AAAIW11/paper/view/3963</ee><url>https://dblp.org/rec/conf/aaai/LatekR11</url></info>
<url>URL#3163761</url>
</hit>
<hit score="1" id="3163769">
<info><authors><author pid="51/10919">Octavio Lerma</author><author pid="k/VladikKreinovich">Vladik Kreinovich</author><author pid="95/1694">Christopher Kiekintveld</author></authors><title>Linear-Time Resource Allocation in Security Games with Identical Fully Protective Resources.</title><venue>Applied Adversarial Reasoning and Risk Modeling</venue><year>2011</year><type>Conference and Workshop Papers</type><key>conf/aaai/LermaKK11</key><ee>http://www.aaai.org/ocs/index.php/WS/AAAIW11/paper/view/3978</ee><url>https://dblp.org/rec/conf/aaai/LermaKK11</url></info>
<url>URL#3163769</url>
</hit>
<hit score="1" id="3163770">
<info><authors><author pid="05/5278">Joshua Letchford</author><author pid="70/2217">Yevgeniy Vorobeychik</author></authors><title>Computing Randomized Security Strategies in Networked Domains.</title><venue>Applied Adversarial Reasoning and Risk Modeling</venue><year>2011</year><type>Conference and Workshop Papers</type><key>conf/aaai/LetchfordV11</key><ee>http://www.aaai.org/ocs/index.php/WS/AAAIW11/paper/view/3868</ee><url>https://dblp.org/rec/conf/aaai/LetchfordV11</url></info>
<url>URL#3163770</url>
</hit>
<hit score="1" id="3163840">
<info><authors><author pid="38/4453">James Pita</author><author pid="53/4040">Rong Yang</author><author pid="67/2667">Milind Tambe</author><author pid="20/7264">Richard John</author></authors><title>Toward Addressing Human Behavior with Observational Uncertainty in Security Games.</title><venue>Applied Adversarial Reasoning and Risk Modeling</venue><year>2011</year><type>Conference and Workshop Papers</type><key>conf/aaai/PitaYTJ11</key><ee>http://www.aaai.org/ocs/index.php/WS/AAAIW11/paper/view/3894</ee><url>https://dblp.org/rec/conf/aaai/PitaYTJ11</url></info>
<url>URL#3163840</url>
</hit>
<hit score="1" id="3163941">
<info><authors><author pid="90/6261">Thomas J. Walsh</author><author pid="05/7589">Javad Taheri</author><author pid="96/10919">Jeremy B. Wright</author><author pid="59/840">Paul R. Cohen</author></authors><title>Leadership Games and their Application in Super-Peer Networks.</title><venue>Applied Adversarial Reasoning and Risk Modeling</venue><year>2011</year><type>Conference and Workshop Papers</type><key>conf/aaai/WalshTWC11</key><ee>http://www.aaai.org/ocs/index.php/WS/AAAIW11/paper/view/3910</ee><url>https://dblp.org/rec/conf/aaai/WalshTWC11</url></info>
<url>URL#3163941</url>
</hit>
<hit score="1" id="3300563">
<info><title>Applied Adversarial Reasoning and Risk Modeling, Papers from the 2011 AAAI Workshop, San Francisco, California, USA, August 7, 2011</title><venue>Applied Adversarial Reasoning and Risk Modeling</venue><venue>AAAI Workshops</venue><volume>WS-11-06</volume><publisher>AAAI</publisher><year>2011</year><type>Editorship</type><key>conf/aaai/2011aarrm</key><ee>http://www.aaai.org/Library/Workshops/ws11-06.php</ee><url>https://dblp.org/rec/conf/aaai/2011aarrm</url></info>
<url>URL#3300563</url>
</hit>
</hits>
</result>
