<?xml version="1.0" encoding="UTF-8"?>
<result>
<query id="293228">:facetid:toc:db\"/\"conf\"/\"aaai\"/\"hc2011\".\"bht</query>
<status code="200">OK</status>
<time unit="msecs">121.66</time>
<completions total="1" computed="1" sent="1">
<c sc="26" dc="26" oc="26" id="18217999">:facetid:toc:db/conf/aaai/hc2011.bht</c>
</completions>
<hits total="26" computed="26" sent="26" first="0">
<hit score="1" id="3163538">
<info><authors><author pid="85/4943">Vamshi Ambati</author><author pid="11/4081">Stephan Vogel</author><author pid="56/3395">Jaime G. Carbonell</author></authors><title>Towards Task Recommendation in Micro-Task Markets.</title><venue>Human Computation</venue><year>2011</year><type>Conference and Workshop Papers</type><key>conf/aaai/AmbatiVC11</key><ee>http://www.aaai.org/ocs/index.php/WS/AAAIW11/paper/view/4005</ee><url>https://dblp.org/rec/conf/aaai/AmbatiVC11</url></info>
<url>URL#3163538</url>
</hit>
<hit score="1" id="3163546">
<info><authors><author pid="87/1377">Josh Attenberg</author><author pid="39/986">Panagiotis G. Ipeirotis</author><author pid="p/FosterJProvost">Foster J. Provost</author></authors><title>Beat the Machine - Challenging Workers to Find the Unknown Unknowns.</title><venue>Human Computation</venue><year>2011</year><type>Conference and Workshop Papers</type><key>conf/aaai/AttenbergIP11</key><ee>http://www.aaai.org/ocs/index.php/WS/AAAIW11/paper/view/3954</ee><url>https://dblp.org/rec/conf/aaai/AttenbergIP11</url></info>
<url>URL#3163546</url>
</hit>
<hit score="1" id="3163565">
<info><authors><author pid="83/10278">David Bermbach</author><author pid="80/6478">Robert Kern</author><author pid="57/10919">Pascal Wichmann</author><author pid="72/10919">Sandra Rath</author><author pid="32/69">Christian Zirpins</author></authors><title>An Extendable Toolkit for Managing Quality of Human-Based Electronic Services.</title><venue>Human Computation</venue><year>2011</year><type>Conference and Workshop Papers</type><key>conf/aaai/BermbachKWRZ11</key><ee>http://www.aaai.org/ocs/index.php/WS/AAAIW11/paper/view/3923</ee><url>https://dblp.org/rec/conf/aaai/BermbachKWRZ11</url></info>
<url>URL#3163565</url>
</hit>
<hit score="1" id="3163570">
<info><authors><author pid="55/5686">Fatima A. Boujarwah</author><author pid="98/10896">Jennifer G. Kim</author><author pid="a/GDAbowd">Gregory D. Abowd</author><author pid="10/3023">Rosa I. Arriaga</author></authors><title>Developing Scripts to Teach Social Skills - Can the Crowd Assist the Author?</title><venue>Human Computation</venue><year>2011</year><type>Conference and Workshop Papers</type><key>conf/aaai/BoujarwahKAA11</key><ee>http://www.aaai.org/ocs/index.php/WS/AAAIW11/paper/view/3914</ee><url>https://dblp.org/rec/conf/aaai/BoujarwahKAA11</url></info>
<url>URL#3163570</url>
</hit>
<hit score="1" id="3163581">
<info><authors><author pid="81/10919">Mark Brozier Cartwright</author><author pid="84/9875">Zafar Rafii</author><author pid="48/2931">Jinyu Han</author><author pid="19/212">Bryan Pardo</author></authors><title>Making Searchable Melodies - Human versus Machine.</title><venue>Human Computation</venue><year>2011</year><type>Conference and Workshop Papers</type><key>conf/aaai/CartwrightRHP11</key><ee>http://www.aaai.org/ocs/index.php/WS/AAAIW11/paper/view/3887</ee><url>https://dblp.org/rec/conf/aaai/CartwrightRHP11</url></info>
<url>URL#3163581</url>
</hit>
<hit score="1" id="3163586">
<info><authors><author pid="87/10919">Dana Chandler</author><author pid="76/8035">John Joseph Horton</author></authors><title>Labor Allocation in Paid Crowdsourcing - Experimental Evidence on Positioning, Nudges and Prices.</title><venue>Human Computation</venue><year>2011</year><type>Conference and Workshop Papers</type><key>conf/aaai/ChandlerH11</key><ee>http://www.aaai.org/ocs/index.php/WS/AAAIW11/paper/view/3983</ee><url>https://dblp.org/rec/conf/aaai/ChandlerH11</url></info>
<url>URL#3163586</url>
</hit>
<hit score="1" id="3163587">
<info><authors><author pid="30/7444">Tao-Hsuan Chang</author><author pid="26/7445">Cheng-wei Chan</author><author pid="55/866">Jane Yung-jen Hsu</author></authors><title>MuSweeper - An Extensive Game for Collecting Mutual Exclusions.</title><venue>Human Computation</venue><year>2011</year><type>Conference and Workshop Papers</type><key>conf/aaai/ChangCH11</key><ee>http://www.aaai.org/ocs/index.php/WS/AAAIW11/paper/view/3985</ee><url>https://dblp.org/rec/conf/aaai/ChangCH11</url></info>
<url>URL#3163587</url>
</hit>
<hit score="1" id="3163601">
<info><authors><author pid="52/10919">Otto Chrons</author><author pid="38/10919">Sami Sundell</author></authors><title>Digitalkoot - Making Old Archives Accessible Using Crowdsourcing.</title><venue>Human Computation</venue><year>2011</year><type>Conference and Workshop Papers</type><key>conf/aaai/ChronsS11</key><ee>http://www.aaai.org/ocs/index.php/WS/AAAIW11/paper/view/3813</ee><url>https://dblp.org/rec/conf/aaai/ChronsS11</url></info>
<url>URL#3163601</url>
</hit>
<hit score="1" id="3163650">
<info><authors><author pid="88/10919">Siamak Faradani</author><author pid="92/443">Bjoern Hartmann</author><author pid="39/986">Panagiotis G. Ipeirotis</author></authors><title>What&apos;s the Right Price? Pricing Tasks for Finishing on Time.</title><venue>Human Computation</venue><year>2011</year><type>Conference and Workshop Papers</type><key>conf/aaai/FaradaniHI11</key><ee>http://www.aaai.org/ocs/index.php/WS/AAAIW11/paper/view/3994</ee><url>https://dblp.org/rec/conf/aaai/FaradaniHI11</url></info>
<url>URL#3163650</url>
</hit>
<hit score="1" id="3163693">
<info><authors><author pid="g/DavidAlanGrier">David Alan Grier</author></authors><title>Error Identification and Correction in Human Computation - Lessons from the WPA.</title><venue>Human Computation</venue><year>2011</year><type>Conference and Workshop Papers</type><key>conf/aaai/Grier11</key><ee>http://www.aaai.org/ocs/index.php/WS/AAAIW11/paper/view/4004</ee><url>https://dblp.org/rec/conf/aaai/Grier11</url></info>
<url>URL#3163693</url>
</hit>
<hit score="1" id="3163732">
<info><authors><author pid="40/10919">Hyun Joon Jung</author><author pid="29/239">Matthew Lease</author></authors><title>Improving Consensus Accuracy via Z-Score and Weighted Voting.</title><venue>Human Computation</venue><year>2011</year><type>Conference and Workshop Papers</type><key>conf/aaai/JungL11</key><ee>http://www.aaai.org/ocs/index.php/WS/AAAIW11/paper/view/3905</ee><url>https://dblp.org/rec/conf/aaai/JungL11</url></info>
<url>URL#3163732</url>
</hit>
<hit score="1" id="3163752">
<info><authors><author pid="76/10919">Anand Pramod Kulkarni</author><author pid="68/9596">Matthew Can</author><author pid="92/443">Björn Hartmann</author></authors><title>Turkomatic - Automatic, Recursive Task and Workflow Design for Mechanical Turk.</title><venue>Human Computation</venue><year>2011</year><type>Conference and Workshop Papers</type><key>conf/aaai/KulkarniCH11</key><ee>http://www.aaai.org/ocs/index.php/WS/AAAIW11/paper/view/3884</ee><url>https://dblp.org/rec/conf/aaai/KulkarniCH11</url></info>
<url>URL#3163752</url>
</hit>
<hit score="1" id="3163764">
<info><authors><author pid="29/239">Matthew Lease</author></authors><title>On Quality Control and Machine Learning in Crowdsourcing.</title><venue>Human Computation</venue><year>2011</year><type>Conference and Workshop Papers</type><key>conf/aaai/Lease11</key><ee>http://www.aaai.org/ocs/index.php/WS/AAAIW11/paper/view/3906</ee><url>https://dblp.org/rec/conf/aaai/Lease11</url></info>
<url>URL#3163764</url>
</hit>
<hit score="1" id="3163778">
<info><authors><author pid="91/10919">Beatrice Liem</author><author pid="65/7161">Haoqi Zhang</author><author pid="72/3762">Yiling Chen</author></authors><title>An Iterative Dual Pathway Structure for Speech-to-Text Transcription.</title><venue>Human Computation</venue><year>2011</year><type>Conference and Workshop Papers</type><key>conf/aaai/LiemZC11</key><ee>http://www.aaai.org/ocs/index.php/WS/AAAIW11/paper/view/3902</ee><url>https://dblp.org/rec/conf/aaai/LiemZC11</url></info>
<url>URL#3163778</url>
</hit>
<hit score="1" id="3163807">
<info><authors><author pid="37/9168">Patrick Minder</author><author pid="b/AbrahamBernstein">Abraham Bernstein</author></authors><title>CrowdLang - First Steps Towards Programmable Human Computers for General Computation.</title><venue>Human Computation</venue><year>2011</year><type>Conference and Workshop Papers</type><key>conf/aaai/MinderB11</key><ee>http://www.aaai.org/ocs/index.php/WS/AAAIW11/paper/view/3891</ee><url>https://dblp.org/rec/conf/aaai/MinderB11</url></info>
<url>URL#3163807</url>
</hit>
<hit score="1" id="3163812">
<info><authors><author pid="89/257">Prayag Narula</author><author pid="58/10889">Philipp Gutheim</author><author pid="65/10919">David Rolnitzky</author><author pid="28/7121">Anand Kulkarni</author><author pid="92/443">Björn Hartmann</author></authors><title>MobileWorks - A Mobile Crowdsourcing Platform for Workers at the Bottom of the Pyramid.</title><venue>Human Computation</venue><year>2011</year><type>Conference and Workshop Papers</type><key>conf/aaai/NarulaGRKH11</key><ee>http://www.aaai.org/ocs/index.php/WS/AAAIW11/paper/view/3962</ee><url>https://dblp.org/rec/conf/aaai/NarulaGRKH11</url></info>
<url>URL#3163812</url>
</hit>
<hit score="1" id="3163823">
<info><authors><author pid="68/10919">David Oleson</author><author pid="42/3031">Alexander Sorokin</author><author pid="03/5763">Greg P. Laughlin</author><author pid="50/10919">Vaughn Hester</author><author pid="48/10919">John Le</author><author pid="54/6156">Lukas Biewald</author></authors><title>Programmatic Gold - Targeted and Scalable Quality Assurance in Crowdsourcing.</title><venue>Human Computation</venue><year>2011</year><type>Conference and Workshop Papers</type><key>conf/aaai/OlesonSLHLB11</key><ee>http://www.aaai.org/ocs/index.php/WS/AAAIW11/paper/view/3995</ee><url>https://dblp.org/rec/conf/aaai/OlesonSLHLB11</url></info>
<url>URL#3163823</url>
</hit>
<hit score="1" id="3163864">
<info><authors><author pid="00/2372">Mario Rodríguez</author><author pid="98/1944">James Davis 0001</author></authors><title>CrowdSight - Rapidly Prototyping Intelligent Visual Processing Apps.</title><venue>Human Computation</venue><year>2011</year><type>Conference and Workshop Papers</type><key>conf/aaai/RodriguezD11</key><ee>http://www.aaai.org/ocs/index.php/WS/AAAIW11/paper/view/3939</ee><url>https://dblp.org/rec/conf/aaai/RodriguezD11</url></info>
<url>URL#3163864</url>
</hit>
<hit score="1" id="3163882">
<info><authors><author pid="39/10919">Andrew W. Schriner</author><author pid="64/10919">Daniel B. Oerther</author><author pid="84/7875">James G. Uber</author></authors><title>PulaCloud - Using Human Computation to Enable Development at the Bottom of the Economic Ladder.</title><venue>Human Computation</venue><year>2011</year><type>Conference and Workshop Papers</type><key>conf/aaai/SchrinerOU11</key><ee>http://www.aaai.org/ocs/index.php/WS/AAAIW11/paper/view/3938</ee><url>https://dblp.org/rec/conf/aaai/SchrinerOU11</url></info>
<url>URL#3163882</url>
</hit>
<hit score="1" id="3163891">
<info><authors><author pid="82/4709">Yaron Singer</author><author pid="07/1389">Manas Mittal</author></authors><title>Pricing Tasks in Online Labor Markets.</title><venue>Human Computation</venue><year>2011</year><type>Conference and Workshop Papers</type><key>conf/aaai/SingerM11</key><ee>http://www.aaai.org/ocs/index.php/WS/AAAIW11/paper/view/4001</ee><url>https://dblp.org/rec/conf/aaai/SingerM11</url></info>
<url>URL#3163891</url>
</hit>
<hit score="1" id="3163903">
<info><authors><author pid="23/4296">Ruben Stranders</author><author pid="81/1719">Sarvapali D. Ramchurn</author><author pid="77/2542">Bing Shi</author><author pid="j/NicholasRJennings">Nicholas R. Jennings</author></authors><title>CollabMap - Augmenting Maps Using the Wisdom of Crowds.</title><venue>Human Computation</venue><year>2011</year><type>Conference and Workshop Papers</type><key>conf/aaai/StrandersRSJ11</key><ee>http://www.aaai.org/ocs/index.php/WS/AAAIW11/paper/view/3815</ee><url>https://dblp.org/rec/conf/aaai/StrandersRSJ11</url></info>
<url>URL#3163903</url>
</hit>
<hit score="1" id="3163908">
<info><authors><author pid="75/5247">Yu-An Sun</author><author pid="96/3834">Shourya Roy</author><author pid="26/3925">Greg Little</author></authors><title>Beyond Independent Agreement - A Tournament Selection Approach for Quality Assurance of Human Computation Tasks.</title><venue>Human Computation</venue><year>2011</year><type>Conference and Workshop Papers</type><key>conf/aaai/SunRL11</key><ee>http://www.aaai.org/ocs/index.php/WS/AAAIW11/paper/view/3904</ee><url>https://dblp.org/rec/conf/aaai/SunRL11</url></info>
<url>URL#3163908</url>
</hit>
<hit score="1" id="3163913">
<info><authors><author pid="96/3563">Siddharth Suri</author><author pid="46/9704">Daniel G. Goldstein</author><author pid="45/8024">Winter A. Mason</author></authors><title>Honesty in an Online Labor Market.</title><venue>Human Computation</venue><year>2011</year><type>Conference and Workshop Papers</type><key>conf/aaai/SuriGM11</key><ee>http://www.aaai.org/ocs/index.php/WS/AAAIW11/paper/view/3955</ee><url>https://dblp.org/rec/conf/aaai/SuriGM11</url></info>
<url>URL#3163913</url>
</hit>
<hit score="1" id="3163956">
<info><authors><author pid="w/DanielSWeld">Daniel S. Weld</author><author pid="30/6391">Mausam</author><author pid="08/3547-1">Peng Dai 0001</author></authors><title>Human Intelligence Needs Artificial Intelligence.</title><venue>Human Computation</venue><year>2011</year><type>Conference and Workshop Papers</type><key>conf/aaai/WeldMD11</key><ee>http://www.aaai.org/ocs/index.php/WS/AAAIW11/paper/view/3972</ee><url>https://dblp.org/rec/conf/aaai/WeldMD11</url></info>
<url>URL#3163956</url>
</hit>
<hit score="1" id="3163998">
<info><authors><author pid="35/1956">Liyue Zhao</author><author pid="54/1919">Gita Sukthankar</author><author pid="57/3775">Rahul Sukthankar</author></authors><title>Robust Active Learning Using Crowdsourced Annotations for Activity Recognition.</title><venue>Human Computation</venue><year>2011</year><type>Conference and Workshop Papers</type><key>conf/aaai/ZhaoSS11</key><ee>http://www.aaai.org/ocs/index.php/WS/AAAIW11/paper/view/3874</ee><url>https://dblp.org/rec/conf/aaai/ZhaoSS11</url></info>
<url>URL#3163998</url>
</hit>
<hit score="1" id="3300572">
<info><title>Human Computation, Papers from the 2011 AAAI Workshop, San Francisco, California, USA, August 8, 2011</title><venue>Human Computation</venue><venue>AAAI Workshops</venue><volume>WS-11-11</volume><publisher>AAAI</publisher><year>2011</year><type>Editorship</type><key>conf/aaai/2011hc</key><ee>http://www.aaai.org/Library/Workshops/ws11-11.php</ee><url>https://dblp.org/rec/conf/aaai/2011hc</url></info>
<url>URL#3300572</url>
</hit>
</hits>
</result>
