<?xml version="1.0" encoding="UTF-8"?>
<result>
<query id="293153">:facetid:toc:db\"/\"conf\"/\"aaai\"/\"aap2011\".\"bht</query>
<status code="200">OK</status>
<time unit="msecs">1.02</time>
<completions total="1" computed="1" sent="1">
<c sc="17" dc="17" oc="17" id="18217972">:facetid:toc:db/conf/aaai/aap2011.bht</c>
</completions>
<hits total="17" computed="17" sent="17" first="0">
<hit score="1" id="3163610">
<info><authors><author pid="49/9923">Brian Coltin</author><author pid="v/ManuelaMVeloso">Manuela M. Veloso</author><author pid="33/995">Rodrigo Ventura 0001</author></authors><title>Dynamic User Task Scheduling for Mobile Robots.</title><venue>Automated Action Planning for Autonomous Mobile Robots</venue><year>2011</year><type>Conference and Workshop Papers</type><key>conf/aaai/ColtinVV11</key><ee>http://www.aaai.org/ocs/index.php/WS/AAAIW11/paper/view/3855</ee><url>https://dblp.org/rec/conf/aaai/ColtinVV11</url></info>
<url>URL#3163610</url>
</hit>
<hit score="1" id="3163646">
<info><authors><author pid="96/4720">John Enright</author><author pid="79/5768">Peter R. Wurman</author></authors><title>Optimization and Coordinated Autonomy in Mobile Fulfillment Systems.</title><venue>Automated Action Planning for Autonomous Mobile Robots</venue><year>2011</year><type>Conference and Workshop Papers</type><key>conf/aaai/EnrightW11</key><ee>http://www.aaai.org/ocs/index.php/WS/AAAIW11/paper/view/3917</ee><url>https://dblp.org/rec/conf/aaai/EnrightW11</url></info>
<url>URL#3163646</url>
</hit>
<hit score="1" id="3163653">
<info><authors><author pid="86/10006">Cameron Finucane</author><author pid="96/10004">Gangyuan Jing</author><author pid="36/4385">Hadas Kress-Gazit</author></authors><title>Designing Reactive Robot Controllers with LTLMoP.</title><venue>Automated Action Planning for Autonomous Mobile Robots</venue><year>2011</year><type>Conference and Workshop Papers</type><key>conf/aaai/FinucaneJK11</key><ee>http://www.aaai.org/ocs/index.php/WS/AAAIW11/paper/view/3982</ee><url>https://dblp.org/rec/conf/aaai/FinucaneJK11</url></info>
<url>URL#3163653</url>
</hit>
<hit score="1" id="3163655">
<info><authors><author pid="21/1087">Barbara Frank</author><author pid="s/CyrillStachniss">Cyrill Stachniss</author><author pid="81/10335">Nichola Abdo</author><author pid="b/WolframBurgard">Wolfram Burgard</author></authors><title>Using Gaussian Process Regression for Efficient Motion Planning in Environments with Deformable Objects.</title><venue>Automated Action Planning for Autonomous Mobile Robots</venue><year>2011</year><type>Conference and Workshop Papers</type><key>conf/aaai/FrankSAB11</key><ee>http://www.aaai.org/ocs/index.php/WS/AAAIW11/paper/view/3822</ee><url>https://dblp.org/rec/conf/aaai/FrankSAB11</url></info>
<url>URL#3163655</url>
</hit>
<hit score="1" id="3163675">
<info><authors><author pid="55/10890">Mario Gianni</author><author pid="92/6136">Panagiotis Papadakis</author><author pid="p/FioraPirri">Fiora Pirri</author><author pid="20/2039-1">Ming Liu 0001</author><author pid="71/2128">François Pomerleau</author><author pid="63/7621">Francis Colas</author><author pid="06/116">Karel Zimmermann</author><author pid="23/5289">Tomás Svoboda</author><author pid="50/8166-2">Tomás Petrícek 0002</author><author pid="28/3913">Geert-Jan M. Kruijff</author><author pid="47/10890">Harmish Khambhaita</author><author pid="42/996">Hendrik Zender</author></authors><title>A Unified Framework for Planning and Execution-Monitoring of Mobile Robots.</title><venue>Automated Action Planning for Autonomous Mobile Robots</venue><year>2011</year><type>Conference and Workshop Papers</type><key>conf/aaai/GianniPPLPCZSPKKZ11</key><ee>http://www.aaai.org/ocs/index.php/WS/AAAIW11/paper/view/3852</ee><url>https://dblp.org/rec/conf/aaai/GianniPPLPCZSPKKZ11</url></info>
<url>URL#3163675</url>
</hit>
<hit score="1" id="3163677">
<info><authors><author pid="46/6996">Moritz Göbelbecker</author><author pid="52/443">Alper Aydemir</author><author pid="39/1444">Andrzej Pronobis</author><author pid="s/KristofferSjoo">Kristoffer Sjöö</author><author pid="60/4015">Patric Jensfelt</author></authors><title>A Planning Approach to Active Visual Search in Large Environments.</title><venue>Automated Action Planning for Autonomous Mobile Robots</venue><year>2011</year><type>Conference and Workshop Papers</type><key>conf/aaai/GobelbeckerAPSJ11</key><ee>http://www.aaai.org/ocs/index.php/WS/AAAIW11/paper/view/3916</ee><url>https://dblp.org/rec/conf/aaai/GobelbeckerAPSJ11</url></info>
<url>URL#3163677</url>
</hit>
<hit score="1" id="3163819">
<info><authors><author pid="93/9116">Michael Misha Novitzky</author></authors><title>Improvement of Multi-AUV Cooperation through Teammate Verification.</title><venue>Automated Action Planning for Autonomous Mobile Robots</venue><year>2011</year><type>Conference and Workshop Papers</type><key>conf/aaai/Novitzky11</key><ee>http://www.aaai.org/ocs/index.php/WS/AAAIW11/paper/view/3969</ee><url>https://dblp.org/rec/conf/aaai/Novitzky11</url></info>
<url>URL#3163819</url>
</hit>
<hit score="1" id="3163822">
<info><authors><author pid="47/8370">Dominik Off</author><author pid="z/JianweiZhang1">Jianwei Zhang 0001</author></authors><title>Continual HTN Robot Task Planning in Open-Ended Domains - A Case Study.</title><venue>Automated Action Planning for Autonomous Mobile Robots</venue><year>2011</year><type>Conference and Workshop Papers</type><key>conf/aaai/OffZ11</key><ee>http://www.aaai.org/ocs/index.php/WS/AAAIW11/paper/view/3850</ee><url>https://dblp.org/rec/conf/aaai/OffZ11</url></info>
<url>URL#3163822</url>
</hit>
<hit score="1" id="3163826">
<info><authors><author pid="p/MauricePagnucco">Maurice Pagnucco</author><author pid="59/4677">David Rajaratnam</author><author pid="52/4232">Hannes Strass</author><author pid="t/MichaelThielscher">Michael Thielscher</author></authors><title>How to Plan When Being Deliberately Misled.</title><venue>Automated Action Planning for Autonomous Mobile Robots</venue><year>2011</year><type>Conference and Workshop Papers</type><key>conf/aaai/PagnuccoRST11</key><ee>http://www.aaai.org/ocs/index.php/WS/AAAIW11/paper/view/3821</ee><url>https://dblp.org/rec/conf/aaai/PagnuccoRST11</url></info>
<url>URL#3163826</url>
</hit>
<hit score="1" id="3163847">
<info><authors><author pid="74/10919">Ezequiel Quintero</author><author pid="91/8220">Vidal Alcázar</author><author pid="05/2730">Daniel Borrajo</author><author pid="85/4387">Juan Fernández-Olivares</author><author pid="147/3696">Fernando Fernández 0001</author><author pid="53/1835">Angel García Olaya</author><author pid="33/3825">Cesar Guzman</author><author pid="84/5121">Eva Onaindia</author><author pid="45/8218">David Prior</author></authors><title>Autonomous Mobile Robot Control and Learning with the PELEA Architecture.</title><venue>Automated Action Planning for Autonomous Mobile Robots</venue><year>2011</year><type>Conference and Workshop Papers</type><key>conf/aaai/QuinteroABFFOGOP11</key><ee>http://www.aaai.org/ocs/index.php/WS/AAAIW11/paper/view/3885</ee><url>https://dblp.org/rec/conf/aaai/QuinteroABFFOGOP11</url></info>
<url>URL#3163847</url>
</hit>
<hit score="1" id="3163851">
<info><authors><author pid="67/10919">Zachary Ramaekers</author><author pid="95/10919">Raj Dasgupta</author><author pid="49/5642">Vladimir Ufimtsev</author><author pid="73/10919">S. G. M. Hossain</author><author pid="88/6986">Carl A. Nelson</author></authors><title>Self-Reconfiguration in Modular Robots Using Coalition Games with Uncertainty.</title><venue>Automated Action Planning for Autonomous Mobile Robots</venue><year>2011</year><type>Conference and Workshop Papers</type><key>conf/aaai/RamaekersDUHN11</key><ee>http://www.aaai.org/ocs/index.php/WS/AAAIW11/paper/view/3810</ee><url>https://dblp.org/rec/conf/aaai/RamaekersDUHN11</url></info>
<url>URL#3163851</url>
</hit>
<hit score="1" id="3163869">
<info><authors><author pid="22/4189">Stephanie Rosenthal</author><author pid="v/ManuelaMVeloso">Manuela M. Veloso</author><author pid="04/4652">Anind K. Dey</author></authors><title>Task Behavior and Interaction Planning for a Mobile Service Robot that Occasionally Requires Help.</title><venue>Automated Action Planning for Autonomous Mobile Robots</venue><year>2011</year><type>Conference and Workshop Papers</type><key>conf/aaai/RosenthalVD11a</key><ee>http://www.aaai.org/ocs/index.php/WS/AAAIW11/paper/view/3830</ee><url>https://dblp.org/rec/conf/aaai/RosenthalVD11a</url></info>
<url>URL#3163869</url>
</hit>
<hit score="1" id="3163875">
<info><authors><author pid="76/3479">Alexei V. Samsonovich</author><author pid="11/3557">Giorgio A. Ascoli</author></authors><title>NeuroNavigator - A Hippocampus-Inspired Cognitive Architecture for Spiking Network Implementation.</title><venue>Automated Action Planning for Autonomous Mobile Robots</venue><year>2011</year><type>Conference and Workshop Papers</type><key>conf/aaai/SamsonovichA11</key><ee>http://www.aaai.org/ocs/index.php/WS/AAAIW11/paper/view/3870</ee><url>https://dblp.org/rec/conf/aaai/SamsonovichA11</url></info>
<url>URL#3163875</url>
</hit>
<hit score="1" id="3163916">
<info><authors><author pid="86/10277">Tapio Taipalus</author></authors><title>Execution and Representation of Actions and Plans in ActionPool Method.</title><venue>Automated Action Planning for Autonomous Mobile Robots</venue><year>2011</year><type>Conference and Workshop Papers</type><key>conf/aaai/Taipalus11</key><ee>http://www.aaai.org/ocs/index.php/WS/AAAIW11/paper/view/3918</ee><url>https://dblp.org/rec/conf/aaai/Taipalus11</url></info>
<url>URL#3163916</url>
</hit>
<hit score="1" id="3163934">
<info><authors><author pid="97/10919">Ugur C. Usug</author><author pid="17/8399">Sanem Sariel Talay</author></authors><title>Dynamic Temporal Planning for Multirobot Systems.</title><venue>Automated Action Planning for Autonomous Mobile Robots</venue><year>2011</year><type>Conference and Workshop Papers</type><key>conf/aaai/UsugS11</key><ee>http://www.aaai.org/ocs/index.php/WS/AAAIW11/paper/view/3981</ee><url>https://dblp.org/rec/conf/aaai/UsugS11</url></info>
<url>URL#3163934</url>
</hit>
<hit score="1" id="3163993">
<info><authors><author pid="03/9964">Shiqi Zhang</author><author pid="32/6197">Mohan Sridharan</author></authors><title>Visual Search and Multirobot Collaboration Based on Hierarchical Planning.</title><venue>Automated Action Planning for Autonomous Mobile Robots</venue><year>2011</year><type>Conference and Workshop Papers</type><key>conf/aaai/ZhangS11</key><ee>http://www.aaai.org/ocs/index.php/WS/AAAIW11/paper/view/3818</ee><url>https://dblp.org/rec/conf/aaai/ZhangS11</url></info>
<url>URL#3163993</url>
</hit>
<hit score="1" id="3300562">
<info><title>Automated Action Planning for Autonomous Mobile Robots, Papers from the 2011 AAAI Workshop, San Francisco, California, USA, August 7, 2011</title><venue>Automated Action Planning for Autonomous Mobile Robots</venue><venue>AAAI Workshops</venue><volume>WS-11-09</volume><publisher>AAAI</publisher><year>2011</year><type>Editorship</type><key>conf/aaai/2011aap</key><ee>http://www.aaai.org/Library/Workshops/ws11-09.php</ee><url>https://dblp.org/rec/conf/aaai/2011aap</url></info>
<url>URL#3300562</url>
</hit>
</hits>
</result>
