<?xml version="1.0" encoding="UTF-8"?>
<result>
<query id="294082">:facetid:toc:db\"/\"conf\"/\"aaai\"/\"visual2011\".\"bht</query>
<status code="200">OK</status>
<time unit="msecs">116.38</time>
<completions total="1" computed="1" sent="1">
<c sc="11" dc="11" oc="11" id="18218038">:facetid:toc:db/conf/aaai/visual2011.bht</c>
</completions>
<hits total="11" computed="11" sent="11" first="0">
<hit score="1" id="3163537">
<info><authors><author pid="15/707">Elif Aktolga</author><author pid="89/7985">Irene Ros</author><author pid="80/1136">Yannick Assogba</author><author pid="m/JoanMorrisDiMicco">Joan Morris DiMicco</author></authors><title>Many Bills - Visualizing the Anatomy of Congressional Legislation.</title><venue>Scalable Integration of Analytics and Visualization</venue><year>2011</year><type>Conference and Workshop Papers</type><key>conf/aaai/AktolgaRAD11</key><ee>http://www.aaai.org/ocs/index.php/WS/AAAIW11/paper/view/3913</ee><url>https://dblp.org/rec/conf/aaai/AktolgaRAD11</url></info>
<url>URL#3163537</url>
</hit>
<hit score="1" id="3163613">
<info><authors><author pid="34/5056">Cristina Conati</author><author pid="30/3994">Giuseppe Carenini</author><author pid="27/10920">Mona Harati</author><author pid="135/1409">Dereck Toker</author><author pid="85/9686">Nicholas FitzGerald</author><author pid="25/10920">Anna Flagg</author></authors><title>User-Adaptive Visualizations - Can Gaze Data Tell Us When a User Needs Them?</title><venue>Scalable Integration of Analytics and Visualization</venue><year>2011</year><type>Conference and Workshop Papers</type><key>conf/aaai/ConatiCHTFF11</key><ee>http://www.aaai.org/ocs/index.php/WS/AAAIW11/paper/view/3944</ee><url>https://dblp.org/rec/conf/aaai/ConatiCHTFF11</url></info>
<url>URL#3163613</url>
</hit>
<hit score="1" id="3163617">
<info><authors><author pid="28/10623">Michele Cossalter</author><author pid="58/2801">Ole J. Mengshoel</author><author pid="s/TedSelker">Ted Selker</author></authors><title>Visualizing and Understanding Large-Scale Bayesian Networks.</title><venue>Scalable Integration of Analytics and Visualization</venue><year>2011</year><type>Conference and Workshop Papers</type><key>conf/aaai/CossalterMS11</key><ee>http://www.aaai.org/ocs/index.php/WS/AAAIW11/paper/view/3975</ee><url>https://dblp.org/rec/conf/aaai/CossalterMS11</url></info>
<url>URL#3163617</url>
</hit>
<hit score="1" id="3163714">
<info><authors><author pid="78/5573">Mahmud Shahriar Hossain</author><author pid="08/189">Christopher Andrews</author><author pid="r/NarenRamakrishnan">Naren Ramakrishnan</author><author pid="58/4516">Chris North 0001</author></authors><title>Helping Intelligence Analysts Make Connections.</title><venue>Scalable Integration of Analytics and Visualization</venue><year>2011</year><type>Conference and Workshop Papers</type><key>conf/aaai/HossainARN11</key><ee>http://www.aaai.org/ocs/index.php/WS/AAAIW11/paper/view/3937</ee><url>https://dblp.org/rec/conf/aaai/HossainARN11</url></info>
<url>URL#3163714</url>
</hit>
<hit score="1" id="3163837">
<info><authors><author pid="20/10920">Stacy Lovell Pfautz</author><author pid="19/6783">Nathan Schurr</author><author pid="97/9922">Gabriel Ganberg</author><author pid="50/2227">David Bauer</author><author pid="84/2785">Paul Scerri</author></authors><title>Agent Based Intelligent Decluttering Enhancements.</title><venue>Scalable Integration of Analytics and Visualization</venue><year>2011</year><type>Conference and Workshop Papers</type><key>conf/aaai/PfautzSGBS11</key><ee>http://www.aaai.org/ocs/index.php/WS/AAAIW11/paper/view/3947</ee><url>https://dblp.org/rec/conf/aaai/PfautzSGBS11</url></info>
<url>URL#3163837</url>
</hit>
<hit score="1" id="3163887">
<info><authors><author pid="24/7362">George Shaw</author><author pid="16/1529">Deb Roy</author></authors><title>An Interface for Visualization and Exploration of Spatial Distributions.</title><venue>Scalable Integration of Analytics and Visualization</venue><year>2011</year><type>Conference and Workshop Papers</type><key>conf/aaai/ShawR11</key><ee>http://www.aaai.org/ocs/index.php/WS/AAAIW11/paper/view/3928</ee><url>https://dblp.org/rec/conf/aaai/ShawR11</url></info>
<url>URL#3163887</url>
</hit>
<hit score="1" id="3163890">
<info><authors><author pid="17/10920">Alexander James Gaspar Simoes</author><author pid="13/10920">César A. Hidalgo</author></authors><title>The Economic Complexity Observatory - An Analytical Tool for Understanding the Dynamics of Economic Development.</title><venue>Scalable Integration of Analytics and Visualization</venue><year>2011</year><type>Conference and Workshop Papers</type><key>conf/aaai/SimoesH11</key><ee>http://www.aaai.org/ocs/index.php/WS/AAAIW11/paper/view/3948</ee><url>https://dblp.org/rec/conf/aaai/SimoesH11</url></info>
<url>URL#3163890</url>
</hit>
<hit score="1" id="3163897">
<info><authors><author pid="00/6545">Ryan P. Spicer</author><author pid="28/184">Aisling Kelliher</author><author pid="86/7510">Andreea Danielescu</author></authors><title>Mixed-Initiative Interfaces for Slide-Ware Authoring and Presentation.</title><venue>Scalable Integration of Analytics and Visualization</venue><year>2011</year><type>Conference and Workshop Papers</type><key>conf/aaai/SpicerKD11</key><ee>http://www.aaai.org/ocs/index.php/WS/AAAIW11/paper/view/3949</ee><url>https://dblp.org/rec/conf/aaai/SpicerKD11</url></info>
<url>URL#3163897</url>
</hit>
<hit score="1" id="3163910">
<info><authors><author pid="22/10920">Priya Krishnan Sundararajan</author><author pid="58/2801">Ole J. Mengshoel</author><author pid="s/TedSelker">Ted Selker</author></authors><title>Multi-Fisheye for Interactive Visualization of Large Graphs.</title><venue>Scalable Integration of Analytics and Visualization</venue><year>2011</year><type>Conference and Workshop Papers</type><key>conf/aaai/SundararajanMS11</key><ee>http://www.aaai.org/ocs/index.php/WS/AAAIW11/paper/view/3993</ee><url>https://dblp.org/rec/conf/aaai/SundararajanMS11</url></info>
<url>URL#3163910</url>
</hit>
<hit score="1" id="3163968">
<info><authors><author pid="49/6702">Yingcai Wu</author><author pid="93/5838">Kwan-Liu Ma</author></authors><title>Scalable Visualization Resizing Framework.</title><venue>Scalable Integration of Analytics and Visualization</venue><year>2011</year><type>Conference and Workshop Papers</type><key>conf/aaai/WuM11</key><ee>http://www.aaai.org/ocs/index.php/WS/AAAIW11/paper/view/3867</ee><url>https://dblp.org/rec/conf/aaai/WuM11</url></info>
<url>URL#3163968</url>
</hit>
<hit score="1" id="3300575">
<info><title>Scalable Integration of Analytics and Visualization, Papers from the 2011 AAAI Workshop, San Francisco, California, USA, August 07, 2011</title><venue>Scalable Integration of Analytics and Visualization</venue><venue>AAAI Workshops</venue><volume>WS-11-17</volume><publisher>AAAI</publisher><year>2011</year><type>Editorship</type><key>conf/aaai/2011visual</key><ee>http://www.aaai.org/Library/Workshops/ws11-17.php</ee><url>https://dblp.org/rec/conf/aaai/2011visual</url></info>
<url>URL#3300575</url>
</hit>
</hits>
</result>
