<?xml version="1.0" encoding="UTF-8"?>
<result>
<query id="290001">:facetid:toc:db\"/\"conf\"/\"aaai\"/\"acr2011\".\"bht</query>
<status code="200">OK</status>
<time unit="msecs">1.14</time>
<completions total="1" computed="1" sent="1">
<c sc="17" dc="17" oc="17" id="18217976">:facetid:toc:db/conf/aaai/acr2011.bht</c>
</completions>
<hits total="17" computed="17" sent="17" first="0">
<hit score="1" id="3163556">
<info><authors><author pid="b/JakobEBardram">Jakob E. Bardram</author></authors><title>The Activity-Based Computing Project.</title><venue>Activity Context Representation</venue><year>2011</year><type>Conference and Workshop Papers</type><key>conf/aaai/Bardram11</key><ee>http://www.aaai.org/ocs/index.php/WS/AAAIW11/paper/view/3865</ee><url>https://dblp.org/rec/conf/aaai/Bardram11</url></info>
<url>URL#3163556</url>
</hit>
<hit score="1" id="3163630">
<info><authors><author pid="19/5890">Dan Diaper</author></authors><title>Defining and Representing Activity Context for Systems Analysis.</title><venue>Activity Context Representation</venue><year>2011</year><type>Conference and Workshop Papers</type><key>conf/aaai/Diaper11</key><ee>http://www.aaai.org/ocs/index.php/WS/AAAIW11/paper/view/3881</ee><url>https://dblp.org/rec/conf/aaai/Diaper11</url></info>
<url>URL#3163630</url>
</hit>
<hit score="1" id="3163631">
<info><authors><author pid="19/5890">Dan Diaper</author></authors><title>A Formal Systems Approach to Machine Capture, Representation and Use of Activity Context.</title><venue>Activity Context Representation</venue><year>2011</year><type>Conference and Workshop Papers</type><key>conf/aaai/Diaper11a</key><ee>http://www.aaai.org/ocs/index.php/WS/AAAIW11/paper/view/3882</ee><url>https://dblp.org/rec/conf/aaai/Diaper11a</url></info>
<url>URL#3163631</url>
</hit>
<hit score="1" id="3163663">
<info><authors><author pid="97/9922">Gabriel Ganberg</author><author pid="82/8523">Jeanine Ayers</author><author pid="19/6783">Nathan Schurr</author><author pid="08/9923">Michael Therrien</author><author pid="56/8524">Jeff Rousseau</author></authors><title>Representing Context Using the Context for Human and Automation Teams Model.</title><venue>Activity Context Representation</venue><year>2011</year><type>Conference and Workshop Papers</type><key>conf/aaai/GanbergASTR11</key><ee>http://www.aaai.org/ocs/index.php/WS/AAAIW11/paper/view/3925</ee><url>https://dblp.org/rec/conf/aaai/GanbergASTR11</url></info>
<url>URL#3163663</url>
</hit>
<hit score="1" id="3163686">
<info><authors><author pid="95/4289">Juan Gómez-Romero</author><author pid="25/6939">Fernando Bobillo</author><author pid="93/4062">Miguel Delgado 0001</author></authors><title>Context Representation and Reasoning with Formal Ontologies.</title><venue>Activity Context Representation</venue><year>2011</year><type>Conference and Workshop Papers</type><key>conf/aaai/Gomez-RomeroBD11</key><ee>http://www.aaai.org/ocs/index.php/WS/AAAIW11/paper/view/3915</ee><url>https://dblp.org/rec/conf/aaai/Gomez-RomeroBD11</url></info>
<url>URL#3163686</url>
</hit>
<hit score="1" id="3163701">
<info><authors><author pid="77/1001">Laura Zavala</author><author pid="92/10919">Radhika Dharurkar</author><author pid="92/10027">Pramod Jagtap</author><author pid="f/TWFinin">Tim Finin</author><author pid="j/AnupamJoshi">Anupam Joshi</author></authors><title>Mobile, Collaborative, Context-Aware Systems.</title><venue>Activity Context Representation</venue><year>2011</year><type>Conference and Workshop Papers</type><key>conf/aaai/GutierrezDJFJ11</key><ee>http://www.aaai.org/ocs/index.php/WS/AAAIW11/paper/view/3986</ee><url>https://dblp.org/rec/conf/aaai/GutierrezDJFJ11</url></info>
<url>URL#3163701</url>
</hit>
<hit score="1" id="3163756">
<info><authors><author pid="44/511">Arijit Laha</author></authors><title>A Rich Context Model for Knowledge-Works.</title><venue>Activity Context Representation</venue><year>2011</year><type>Conference and Workshop Papers</type><key>conf/aaai/Laha11</key><ee>http://www.aaai.org/ocs/index.php/WS/AAAIW11/paper/view/3876</ee><url>https://dblp.org/rec/conf/aaai/Laha11</url></info>
<url>URL#3163756</url>
</hit>
<hit score="1" id="3163771">
<info><authors><author pid="87/3534-2">Fei Li 0002</author><author pid="d/SDustdar">Schahram Dustdar</author></authors><title>Incorporating Unsupervised Learning in Activity Recognition.</title><venue>Activity Context Representation</venue><year>2011</year><type>Conference and Workshop Papers</type><key>conf/aaai/LiD11</key><ee>http://www.aaai.org/ocs/index.php/WS/AAAIW11/paper/view/3899</ee><url>https://dblp.org/rec/conf/aaai/LiD11</url></info>
<url>URL#3163771</url>
</hit>
<hit score="1" id="3163787">
<info><authors><author pid="23/6602">Tom Lovett</author><author pid="07/3830">Eamonn O&apos;Neill</author></authors><title>Context Transitions - User Identification and Comparison of Mobile Device Motion Data.</title><venue>Activity Context Representation</venue><year>2011</year><type>Conference and Workshop Papers</type><key>conf/aaai/LovettO11</key><ee>http://www.aaai.org/ocs/index.php/WS/AAAIW11/paper/view/3920</ee><url>https://dblp.org/rec/conf/aaai/LovettO11</url></info>
<url>URL#3163787</url>
</hit>
<hit score="1" id="3163794">
<info><authors><author pid="26/2264">Fernando Lyardet</author><author pid="12/2601">Aristotelis Hadjakos</author><author pid="10/1832">Diego Wong Szeto</author></authors><title>InSitu - An Approach for Dynamic Context Labeling Based on Product Usage and Sound Analysis.</title><venue>Activity Context Representation</venue><year>2011</year><type>Conference and Workshop Papers</type><key>conf/aaai/LyardetHS11</key><ee>http://www.aaai.org/ocs/index.php/WS/AAAIW11/paper/view/3922</ee><url>https://dblp.org/rec/conf/aaai/LyardetHS11</url></info>
<url>URL#3163794</url>
</hit>
<hit score="1" id="3163808">
<info><authors><author pid="81/8280">Boris Moltchanov</author><author pid="72/203">Cristina Frà</author><author pid="92/5396">Massimo Valla</author><author pid="21/2150">Carlo Alberto Licciardi</author></authors><title>Context Management Framework and Context Representation for MNO.</title><venue>Activity Context Representation</venue><year>2011</year><type>Conference and Workshop Papers</type><key>conf/aaai/MoltchanovFVL11</key><ee>http://www.aaai.org/ocs/index.php/WS/AAAIW11/paper/view/3933</ee><url>https://dblp.org/rec/conf/aaai/MoltchanovFVL11</url></info>
<url>URL#3163808</url>
</hit>
<hit score="1" id="3163865">
<info><authors><author pid="r/MarcelaDRodriguez">Marcela D. Rodríguez</author><author pid="06/58">Monica Tentori</author><author pid="f/JesusFavela">Jesús Favela</author><author pid="48/7514">Diana Saldaña-Jimenez</author><author pid="68/7047">Juan-Pablo García-Vázquez</author></authors><title>CARe - An Ontology for Representing Context of Activity-Aware Healthcare Environments.</title><venue>Activity Context Representation</venue><year>2011</year><type>Conference and Workshop Papers</type><key>conf/aaai/RodriguezTFSG11</key><ee>http://www.aaai.org/ocs/index.php/WS/AAAIW11/paper/view/3872</ee><url>https://dblp.org/rec/conf/aaai/RodriguezTFSG11</url></info>
<url>URL#3163865</url>
</hit>
<hit score="1" id="3163872">
<info><authors><author pid="79/10919">Yasamin Sahaf</author><author pid="58/3743">Narayanan Chatapuram Krishnan</author><author pid="c/DianeJCook">Diane J. Cook</author></authors><title>Defining the Complexity of an Activity.</title><venue>Activity Context Representation</venue><year>2011</year><type>Conference and Workshop Papers</type><key>conf/aaai/SahafKC11</key><ee>http://www.aaai.org/ocs/index.php/WS/AAAIW11/paper/view/3946</ee><url>https://dblp.org/rec/conf/aaai/SahafKC11</url></info>
<url>URL#3163872</url>
</hit>
<hit score="1" id="3163889">
<info><authors><author pid="27/10817">Fuming Shih</author><author pid="84/3679">Vidya Narayanan</author><author pid="43/2998">Lukas Kuhn</author></authors><title>Enabling Semantic Understanding of Situations from Contextual Data In A Privacy-Sensitive Manner.</title><venue>Activity Context Representation</venue><year>2011</year><type>Conference and Workshop Papers</type><key>conf/aaai/ShihNK11</key><ee>http://www.aaai.org/ocs/index.php/WS/AAAIW11/paper/view/3926</ee><url>https://dblp.org/rec/conf/aaai/ShihNK11</url></info>
<url>URL#3163889</url>
</hit>
<hit score="1" id="3163930">
<info><authors><author pid="65/5961">Yi-Ting Tsao</author><author pid="55/866">Jane Yung-jen Hsu</author></authors><title>Personal Activity Logger with Hierarchical Activity Representation.</title><venue>Activity Context Representation</venue><year>2011</year><type>Conference and Workshop Papers</type><key>conf/aaai/TsaoH11</key><ee>http://www.aaai.org/ocs/index.php/WS/AAAIW11/paper/view/3901</ee><url>https://dblp.org/rec/conf/aaai/TsaoH11</url></info>
<url>URL#3163930</url>
</hit>
<hit score="1" id="3163961">
<info><authors><author pid="w/WolfgangWorndl">Wolfgang Woerndl</author><author pid="80/408">Florian Schulze</author></authors><title>Capturing, Analyzing and Utilizing Context-Based Information About User Activities on Smartphones.</title><venue>Activity Context Representation</venue><year>2011</year><type>Conference and Workshop Papers</type><key>conf/aaai/WoerndlS11</key><ee>http://www.aaai.org/ocs/index.php/WS/AAAIW11/paper/view/3823</ee><url>https://dblp.org/rec/conf/aaai/WoerndlS11</url></info>
<url>URL#3163961</url>
</hit>
<hit score="1" id="3300564">
<info><title>Activity Context Representation - Techniques and Languages, Papers from the 2011 AAAI Workshop, San Francisco, California, USA, August 7-8, 2011</title><venue>Activity Context Representation</venue><venue>AAAI Workshops</venue><volume>WS-11-04</volume><publisher>AAAI</publisher><year>2011</year><type>Editorship</type><key>conf/aaai/2011acr</key><ee>http://www.aaai.org/Library/Workshops/ws11-04.php</ee><url>https://dblp.org/rec/conf/aaai/2011acr</url></info>
<url>URL#3300564</url>
</hit>
</hits>
</result>
