<?xml version="1.0" encoding="UTF-8"?>
<result>
<query id="294276">:facetid:toc:db\"/\"conf\"/\"aaai\"/\"cities2012\".\"bht</query>
<status code="200">OK</status>
<time unit="msecs">121.08</time>
<completions total="1" computed="1" sent="1">
<c sc="11" dc="11" oc="11" id="18217985">:facetid:toc:db/conf/aaai/cities2012.bht</c>
</completions>
<hits total="11" computed="11" sent="11" first="0">
<hit score="1" id="2910464">
<info><authors><author pid="118/3383">Harald Beck</author><author pid="e/TEiter">Thomas Eiter</author><author pid="07/2478">Thomas Krennwallner</author></authors><title>Inconsistency Management for Traffic Regulations.</title><venue>Semantic Cities @ AAAI</venue><year>2012</year><type>Conference and Workshop Papers</type><key>conf/aaai/BeckEK12</key><ee>http://www.aaai.org/ocs/index.php/WS/AAAIW12/paper/view/5250</ee><url>https://dblp.org/rec/conf/aaai/BeckEK12</url></info>
<url>URL#2910464</url>
</hit>
<hit score="1" id="2910531">
<info><authors><author pid="133/8312">Hojjat Emami</author><author pid="127/9334">Farnaz Derakhshan</author></authors><title>A New Method for Conflict Detection and Resolution in Air Traffic Management.</title><venue>Semantic Cities @ AAAI</venue><year>2012</year><type>Conference and Workshop Papers</type><key>conf/aaai/EmamiD12</key><ee>http://www.aaai.org/ocs/index.php/WS/AAAIW12/paper/view/5214</ee><url>https://dblp.org/rec/conf/aaai/EmamiD12</url></info>
<url>URL#2910531</url>
</hit>
<hit score="1" id="2910632">
<info><authors><author pid="02/3657">Freddy Lécué</author><author pid="24/5546">Spyros Kotoulas</author><author pid="61/11344">Pol Mac Aonghusa</author></authors><title>Capturing the Pulse of Cities - Opportunity and Research Challenges for Robust Stream Data Reasoning.</title><venue>Semantic Cities @ AAAI</venue><year>2012</year><type>Conference and Workshop Papers</type><key>conf/aaai/LecueKA12</key><ee>http://www.aaai.org/ocs/index.php/WS/AAAIW12/paper/view/5216</ee><url>https://dblp.org/rec/conf/aaai/LecueKA12</url></info>
<url>URL#2910632</url>
</hit>
<hit score="1" id="2910663">
<info><authors><author pid="89/900">Vanessa López</author><author pid="24/5546">Spyros Kotoulas</author><author pid="03/6684">Marco Luca Sbodio</author><author pid="43/11346">Martin Stephenson</author><author pid="129/2374">Raymond Lloyd</author><author pid="64/4944">Aris Gkoulalas-Divanis</author><author pid="61/11344">Pol Mac Aonghusa</author></authors><title>QuerioCity - Accessing the Information of a City.</title><venue>Semantic Cities @ AAAI</venue><year>2012</year><type>Conference and Workshop Papers</type><key>conf/aaai/LopezKSSLGA12</key><ee>http://www.aaai.org/ocs/index.php/WS/AAAIW12/paper/view/5284</ee><url>https://dblp.org/rec/conf/aaai/LopezKSSLGA12</url></info>
<url>URL#2910663</url>
</hit>
<hit score="1" id="2910693">
<info><authors><author pid="76/7353">The-Minh Nguyen</author><author pid="50/3995">Takahiro Kawamura</author><author pid="96/914">Yasuyuki Tahara</author><author pid="35/2289">Akihiko Ohsuga</author></authors><title>Building a Timeline Network for Evacuation in Earthquake Disaster.</title><venue>Semantic Cities @ AAAI</venue><year>2012</year><type>Conference and Workshop Papers</type><key>conf/aaai/NguyenKTO12</key><ee>http://www.aaai.org/ocs/index.php/WS/AAAIW12/paper/view/5251</ee><url>https://dblp.org/rec/conf/aaai/NguyenKTO12</url></info>
<url>URL#2910693</url>
</hit>
<hit score="1" id="2910729">
<info><authors><author pid="117/2567">Nidhi Rajshree</author><author pid="33/4411">Biplav Srivastava</author></authors><title>Open Government Data for Tackling Corruption - A Perspective.</title><venue>Semantic Cities @ AAAI</venue><year>2012</year><type>Conference and Workshop Papers</type><key>conf/aaai/RajshreeS12</key><ee>http://www.aaai.org/ocs/index.php/WS/AAAIW12/paper/view/5326</ee><url>https://dblp.org/rec/conf/aaai/RajshreeS12</url></info>
<url>URL#2910729</url>
</hit>
<hit score="1" id="2910750">
<info><authors><author pid="s/FrancoisScharffe">François Scharffe</author><author pid="163/0778">Laurent Bihanic</author><author pid="163/0776">Gabriel Képéklian</author><author pid="124/8778">Ghislain Atemezing</author><author pid="01/1768">Raphaël Troncy</author><author pid="177/5907">Franck Cotton</author><author pid="g/FabienLGandon">Fabien Gandon</author><author pid="84/5009">Serena Villata</author><author pid="85/192">Jérôme Euzenat</author><author pid="76/11424">Zhengjie Fan</author><author pid="65/6022">Bénédicte Bucher</author><author pid="49/3372">Fayçal Hamdi 0001</author><author pid="00/2716">Pierre-Yves Vandenbussche</author><author pid="96/1023">Bernard Vatant</author></authors><title>Enabling Linked Data Publication with the Datalift Platform.</title><venue>Semantic Cities @ AAAI</venue><year>2012</year><type>Conference and Workshop Papers</type><key>conf/aaai/ScharffeBKATCGV12</key><ee>http://www.aaai.org/ocs/index.php/WS/AAAIW12/paper/view/5349</ee><url>https://dblp.org/rec/conf/aaai/ScharffeBKATCGV12</url></info>
<url>URL#2910750</url>
</hit>
<hit score="1" id="2910767">
<info><authors><author pid="71/168">Sebastian Speiser</author><author pid="h/AndreasHarth">Andreas Harth</author></authors><title>Data-Centric Privacy Policies for Smart Grids.</title><venue>Semantic Cities @ AAAI</venue><year>2012</year><type>Conference and Workshop Papers</type><key>conf/aaai/SpeiserH12</key><ee>http://www.aaai.org/ocs/index.php/WS/AAAIW12/paper/view/5215</ee><url>https://dblp.org/rec/conf/aaai/SpeiserH12</url></info>
<url>URL#2910767</url>
</hit>
<hit score="1" id="2910769">
<info><authors><author pid="33/4411">Biplav Srivastava</author></authors><title>Organizers.</title><venue>Semantic Cities @ AAAI</venue><year>2012</year><type>Conference and Workshop Papers</type><key>conf/aaai/Srivastava12</key><ee>http://www.aaai.org/ocs/index.php/WS/AAAIW12/paper/view/5432</ee><url>https://dblp.org/rec/conf/aaai/Srivastava12</url></info>
<url>URL#2910769</url>
</hit>
<hit score="1" id="2910770">
<info><authors><author pid="33/4411">Biplav Srivastava</author></authors><title>Preface.</title><venue>Semantic Cities @ AAAI</venue><year>2012</year><type>Conference and Workshop Papers</type><key>conf/aaai/Srivastava12a</key><ee>http://www.aaai.org/ocs/index.php/WS/AAAIW12/paper/view/5433</ee><url>https://dblp.org/rec/conf/aaai/Srivastava12a</url></info>
<url>URL#2910770</url>
</hit>
<hit score="1" id="3053536">
<info><authors><author pid="33/4411">Biplav Srivastava</author><author pid="02/3657">Freddy Lécué</author><author pid="j/AnupamJoshi">Anupam Joshi</author></authors><title>Semantic Cities, Papers from the 2012 AAAI Workshop, Toronto, Ontario, Canada, July 22-23, 2012.</title><venue>Semantic Cities @ AAAI</venue><venue>AAAI Workshops</venue><volume>WS-12-13</volume><publisher>AAAI Press</publisher><year>2012</year><type>Editorship</type><key>conf/aaai/2012cities</key><ee>http://www.aaai.org/Library/Workshops/ws12-13.php</ee><url>https://dblp.org/rec/conf/aaai/2012cities</url></info>
<url>URL#3053536</url>
</hit>
</hits>
</result>
