<?xml version="1.0" encoding="UTF-8"?>
<result>
<query id="294406">:facetid:toc:db\"/\"conf\"/\"aaai\"/\"cogrob2012\".\"bht</query>
<status code="200">OK</status>
<time unit="msecs">114.46</time>
<completions total="1" computed="1" sent="1">
<c sc="18" dc="18" oc="18" id="18217990">:facetid:toc:db/conf/aaai/cogrob2012.bht</c>
</completions>
<hits total="18" computed="18" sent="18" first="0">
<hit score="1" id="2910449">
<info><authors><author pid="39/866">Marco Antonelli</author><author pid="36/5928">Beata Joanna Grzyb</author><author pid="61/1032">Vicente Castelló</author><author pid="p/APDPobil">Angel Pascual del Pobil</author></authors><title>Augmenting the Reachable Space in the NAO Humanoid Robot.</title><venue>CogRob@AAAI</venue><year>2012</year><type>Conference and Workshop Papers</type><key>conf/aaai/AntonelliGCP12</key><ee>http://www.aaai.org/ocs/index.php/WS/AAAIW12/paper/view/5231</ee><url>https://dblp.org/rec/conf/aaai/AntonelliGCP12</url></info>
<url>URL#2910449</url>
</hit>
<hit score="1" id="2910469">
<info><authors><author pid="85/5121">Oliver Beyer</author><author pid="171/4949">Sascha S. Griffiths</author><author pid="12/1983">Philipp Cimiano</author></authors><title>Towards Action Representation within the Framework of Conceptual Spaces - Preliminary Results.</title><venue>CogRob@AAAI</venue><year>2012</year><type>Conference and Workshop Papers</type><key>conf/aaai/BeyerGC12</key><ee>http://www.aaai.org/ocs/index.php/WS/AAAIW12/paper/view/5339</ee><url>https://dblp.org/rec/conf/aaai/BeyerGC12</url></info>
<url>URL#2910469</url>
</hit>
<hit score="1" id="2910542">
<info><authors><author pid="23/4712">Alexander Ferrein</author><author pid="51/4185">Gerald Steinbauer</author><author pid="07/2215">Stavros Vassos</author></authors><title>Action-Based Imperative Programming with YAGI.</title><venue>CogRob@AAAI</venue><year>2012</year><type>Conference and Workshop Papers</type><key>conf/aaai/FerreinSV12</key><ee>http://www.aaai.org/ocs/index.php/WS/AAAIW12/paper/view/5260</ee><url>https://dblp.org/rec/conf/aaai/FerreinSV12</url></info>
<url>URL#2910542</url>
</hit>
<hit score="1" id="2910552">
<info><authors><author pid="88/4021">Christopher W. Geib</author></authors><title>Considering State in Plan Recognition with Lexicalized Grammars.</title><venue>CogRob@AAAI</venue><year>2012</year><type>Conference and Workshop Papers</type><key>conf/aaai/Geib12</key><ee>http://www.aaai.org/ocs/index.php/WS/AAAIW12/paper/view/5267</ee><url>https://dblp.org/rec/conf/aaai/Geib12</url></info>
<url>URL#2910552</url>
</hit>
<hit score="1" id="2910555">
<info><authors><author pid="g/GDGiacomo">Giuseppe De Giacomo</author><author pid="74/5003">Yves Lespérance</author><author pid="79/782">Fabio Patrizi</author></authors><title>Bounded Situation Calculus Action Theories and Decidable Verification.</title><venue>CogRob@AAAI</venue><year>2012</year><type>Conference and Workshop Papers</type><key>conf/aaai/GiacomoLP12</key><ee>http://www.aaai.org/ocs/index.php/WS/AAAIW12/paper/view/5279</ee><url>https://dblp.org/rec/conf/aaai/GiacomoLP12</url></info>
<url>URL#2910555</url>
</hit>
<hit score="1" id="2910587">
<info><authors><author pid="60/7074">Anna Hristoskova</author><author pid="127/4864">Carlos E. Agüero</author><author pid="v/ManuelaMVeloso">Manuela M. Veloso</author><author pid="30/888">Filip De Turck</author></authors><title>Personalized Guided Tour by Multiple Robots through Semantic Profile Definition and Dynamic Redistribution of Participants.</title><venue>CogRob@AAAI</venue><year>2012</year><type>Conference and Workshop Papers</type><key>conf/aaai/HristoskovaAVT12</key><ee>http://www.aaai.org/ocs/index.php/WS/AAAIW12/paper/view/5204</ee><url>https://dblp.org/rec/conf/aaai/HristoskovaAVT12</url></info>
<url>URL#2910587</url>
</hit>
<hit score="1" id="2910594">
<info><authors><author pid="139/3595">Jacob O&apos;Donnal Huckaby</author><author pid="c/HIChristensen">Henrik I. Christensen</author></authors><title>A Taxonomic Framework for Task Modeling and Knowledge Transfer in Manufacturing Robotics.</title><venue>CogRob@AAAI</venue><year>2012</year><type>Conference and Workshop Papers</type><key>conf/aaai/HuckabyC12</key><ee>http://www.aaai.org/ocs/index.php/WS/AAAIW12/paper/view/5337</ee><url>https://dblp.org/rec/conf/aaai/HuckabyC12</url></info>
<url>URL#2910594</url>
</hit>
<hit score="1" id="2910611">
<info><authors><author pid="117/4871">Sertac Karapinar</author><author pid="149/1383">Dogan Altan</author><author pid="17/8399">Sanem Sariel Talay</author></authors><title>A Robust Planning Framework for Cognitive Robots.</title><venue>CogRob@AAAI</venue><year>2012</year><type>Conference and Workshop Papers</type><key>conf/aaai/KarapinarAT12</key><ee>http://www.aaai.org/ocs/index.php/WS/AAAIW12/paper/view/5313</ee><url>https://dblp.org/rec/conf/aaai/KarapinarAT12</url></info>
<url>URL#2910611</url>
</hit>
<hit score="1" id="2910627">
<info><authors><author pid="l/JohnELaird">John Edwin Laird</author><author pid="215/9709">Keegan R. Kinkade</author><author pid="50/1174">Shiwali Mohan</author><author pid="73/8399">Joseph Z. Xu</author></authors><title>Cognitive Robotics Using the Soar Cognitive Architecture.</title><venue>CogRob@AAAI</venue><year>2012</year><type>Conference and Workshop Papers</type><key>conf/aaai/LairdKMX12</key><ee>http://www.aaai.org/ocs/index.php/WS/AAAIW12/paper/view/5221</ee><url>https://dblp.org/rec/conf/aaai/LairdKMX12</url></info>
<url>URL#2910627</url>
</hit>
<hit score="1" id="2910676">
<info><authors><author pid="99/1698">Tekin Alp Meriçli</author><author pid="v/ManuelaMVeloso">Manuela M. Veloso</author><author pid="53/4879">H. Levent Akin</author></authors><title>Experience Guided Mobile Manipulation Planning.</title><venue>CogRob@AAAI</venue><year>2012</year><type>Conference and Workshop Papers</type><key>conf/aaai/MericliVA12</key><ee>http://www.aaai.org/ocs/index.php/WS/AAAIW12/paper/view/5209</ee><url>https://dblp.org/rec/conf/aaai/MericliVA12</url></info>
<url>URL#2910676</url>
</hit>
<hit score="1" id="2910711">
<info><authors><author pid="91/5454">Amit Kumar Pandey</author><author pid="90/1707">Rachid Alami</author></authors><title>Visuo-Spatial Ability, Effort and Affordance Analyses - Towards Building Blocks for Robot&apos;s Complex Socio-Cognitive Behaviors.</title><venue>CogRob@AAAI</venue><year>2012</year><type>Conference and Workshop Papers</type><key>conf/aaai/PandeyA12</key><ee>http://www.aaai.org/ocs/index.php/WS/AAAIW12/paper/view/5270</ee><url>https://dblp.org/rec/conf/aaai/PandeyA12</url></info>
<url>URL#2910711</url>
</hit>
<hit score="1" id="2910719">
<info><authors><author pid="53/6768">Ronald P. A. Petrick</author><author pid="39/4148">Mary Ellen Foster</author></authors><title>What Would You Like to Drink? Recognising and Planning with Social States in a Robot Bartender Domain.</title><venue>CogRob@AAAI</venue><year>2012</year><type>Conference and Workshop Papers</type><key>conf/aaai/PetrickF12</key><ee>http://www.aaai.org/ocs/index.php/WS/AAAIW12/paper/view/5211</ee><url>https://dblp.org/rec/conf/aaai/PetrickF12</url></info>
<url>URL#2910719</url>
</hit>
<hit score="1" id="2910746">
<info><authors><author pid="76/3479">Alexei V. Samsonovich</author></authors><title>An Approach to Building Emotional Intelligence in Artifacts.</title><venue>CogRob@AAAI</venue><year>2012</year><type>Conference and Workshop Papers</type><key>conf/aaai/Samsonovich12</key><ee>http://www.aaai.org/ocs/index.php/WS/AAAIW12/paper/view/5338</ee><url>https://dblp.org/rec/conf/aaai/Samsonovich12</url></info>
<url>URL#2910746</url>
</hit>
<hit score="1" id="2910752">
<info><authors><author pid="118/6458">Christoph Schwering</author><author pid="55/4410">Daniel Beck</author><author pid="33/5611-2">Stefan Schiffer 0002</author><author pid="l/GerhardLakemeyer">Gerhard Lakemeyer</author></authors><title>Plan Recognition by Program Execution in Continuous Temporal Domains.</title><venue>CogRob@AAAI</venue><year>2012</year><type>Conference and Workshop Papers</type><key>conf/aaai/SchweringB0L12</key><ee>http://www.aaai.org/ocs/index.php/WS/AAAIW12/paper/view/5281</ee><url>https://dblp.org/rec/conf/aaai/SchweringB0L12</url></info>
<url>URL#2910752</url>
</hit>
<hit score="1" id="2910809">
<info><title>Organizers.</title><venue>CogRob@AAAI</venue><year>2012</year><type>Conference and Workshop Papers</type><key>conf/aaai/X12b</key><ee>http://www.aaai.org/ocs/index.php/WS/AAAIW12/paper/view/5418</ee><url>https://dblp.org/rec/conf/aaai/X12b</url></info>
<url>URL#2910809</url>
</hit>
<hit score="1" id="2910810">
<info><title>Preface.</title><venue>CogRob@AAAI</venue><year>2012</year><type>Conference and Workshop Papers</type><key>conf/aaai/X12c</key><ee>http://www.aaai.org/ocs/index.php/WS/AAAIW12/paper/view/5419</ee><url>https://dblp.org/rec/conf/aaai/X12c</url></info>
<url>URL#2910810</url>
</hit>
<hit score="1" id="2910819">
<info><authors><author pid="79/11441">Wael Yehia</author><author pid="79/906">Mikhail Soutchanski</author></authors><title>Towards an Expressive Decidable Logical Action Theory.</title><venue>CogRob@AAAI</venue><year>2012</year><type>Conference and Workshop Papers</type><key>conf/aaai/YehiaS12</key><ee>http://www.aaai.org/ocs/index.php/WS/AAAIW12/paper/view/5210</ee><url>https://dblp.org/rec/conf/aaai/YehiaS12</url></info>
<url>URL#2910819</url>
</hit>
<hit score="1" id="3053537">
<info><authors><author pid="b/WolframBurgard">Wolfram Burgard</author><author pid="k/KurtKonolige">Kurt Konolige</author><author pid="p/MauricePagnucco">Maurice Pagnucco</author><author pid="07/2215">Stavros Vassos</author></authors><title>Cognitive Robotics, Papers from the 2012 AAAI Workshop, CogRob@AAAI 2012, Toronto, Ontario, Canada, July 22-23, 2012</title><venue>CogRob@AAAI</venue><venue>AAAI Workshops</venue><volume>WS-12-06</volume><publisher>AAAI Press</publisher><year>2012</year><type>Editorship</type><key>conf/aaai/2012cogrob</key><ee>http://www.aaai.org/Library/Workshops/ws12-06.php</ee><url>https://dblp.org/rec/conf/aaai/2012cogrob</url></info>
<url>URL#3053537</url>
</hit>
</hits>
</result>
