<?xml version="1.0" encoding="UTF-8"?>
<result>
<query id="304504">:facetid:toc:db\"/\"conf\"/\"aaai\"/\"late2013\".\"bht</query>
<status code="200">OK</status>
<time unit="msecs">110.18</time>
<completions total="1" computed="1" sent="1">
<c sc="53" dc="53" oc="53" id="18218003">:facetid:toc:db/conf/aaai/late2013.bht</c>
</completions>
<hits total="53" computed="53" sent="53" first="0">
<hit score="1" id="2640070">
<info><authors><author pid="a/NAlon">Noga Alon</author><author pid="24/5865">Reshef Meir</author><author pid="t/MosheTennenholtz">Moshe Tennenholtz</author></authors><title>The Value of Ignorance about the Number of Players.</title><venue>AAAI</venue><year>2013</year><type>Conference and Workshop Papers</type><key>conf/aaai/AlonMT13</key><ee>http://www.aaai.org/ocs/index.php/WS/AAAIW13/paper/view/7033</ee><url>https://dblp.org/rec/conf/aaai/AlonMT13</url></info>
<url>URL#2640070</url>
</hit>
<hit score="1" id="2640076">
<info><authors><author pid="18/9923">Amos Azaria</author><author pid="16/2522">Avinatan Hassidim</author><author pid="k/SaritKraus">Sarit Kraus</author><author pid="135/6847">Adi Eshkol</author><author pid="79/10489">Ofer Weintraub</author><author pid="135/6609">Irit Netanely</author></authors><title>Movie Recommender System for Profit Maximization (Short LBP).</title><venue>AAAI</venue><year>2013</year><type>Conference and Workshop Papers</type><key>conf/aaai/AzariaHKEWN13</key><ee>http://www.aaai.org/ocs/index.php/WS/AAAIW13/paper/view/7093</ee><url>https://dblp.org/rec/conf/aaai/AzariaHKEWN13</url></info>
<url>URL#2640076</url>
</hit>
<hit score="1" id="2640093">
<info><authors><author pid="46/7442">Zahy Bnaya</author><author pid="13/3098">Rami Puzis</author><author pid="95/1348">Roni Stern</author><author pid="43/5063">Ariel Felner</author></authors><title>Volatile Multi-Armed Bandits for Guaranteed Targeted Social Crawling.</title><venue>AAAI</venue><year>2013</year><type>Conference and Workshop Papers</type><key>conf/aaai/BnayaPSF13</key><ee>http://www.aaai.org/ocs/index.php/WS/AAAIW13/paper/view/7030</ee><url>https://dblp.org/rec/conf/aaai/BnayaPSF13</url></info>
<url>URL#2640093</url>
</hit>
<hit score="1" id="2640095">
<info><authors><author pid="66/3003">Marco Bozzano</author><author pid="13/5961">Alessandro Cimatti</author><author pid="138/5577">Marco Gario</author><author pid="t/StefanoTonetta">Stefano Tonetta</author></authors><title>A Formal Framework for the Specification, Verification and Synthesis of Diagnosers.</title><venue>AAAI</venue><year>2013</year><type>Conference and Workshop Papers</type><key>conf/aaai/BozzanoCGT13</key><ee>http://www.aaai.org/ocs/index.php/WS/AAAIW13/paper/view/7048</ee><url>https://dblp.org/rec/conf/aaai/BozzanoCGT13</url></info>
<url>URL#2640095</url>
</hit>
<hit score="1" id="2640104">
<info><authors><author pid="14/3037">Daniel Bryce</author><author pid="96/5178">Renée C. Bryce</author></authors><title>Covering Landmark Interactions for Semantically Diverse Plans.</title><venue>AAAI</venue><year>2013</year><type>Conference and Workshop Papers</type><key>conf/aaai/BryceB13</key><ee>http://www.aaai.org/ocs/index.php/WS/AAAIW13/paper/view/7036</ee><url>https://dblp.org/rec/conf/aaai/BryceB13</url></info>
<url>URL#2640104</url>
</hit>
<hit score="1" id="2640120">
<info><authors><author pid="75/8479">John Paul Dickerson</author><author pid="s/TuomasSandholm">Tuomas Sandholm</author></authors><title>Throwing Darts - Random Sampling Helps Tree Search when the Number of Short Certificates is Moderate.</title><venue>AAAI</venue><year>2013</year><type>Conference and Workshop Papers</type><key>conf/aaai/DickersonS13</key><ee>http://www.aaai.org/ocs/index.php/WS/AAAIW13/paper/view/7128</ee><url>https://dblp.org/rec/conf/aaai/DickersonS13</url></info>
<url>URL#2640120</url>
</hit>
<hit score="1" id="2640136">
<info><authors><author pid="50/3885">Seyda Ertekin</author><author pid="62/6936">Cynthia Rudin</author><author pid="138/5578">Tyler H. McCormick</author></authors><title>Predicting Power Failures with Reactive Point Processes.</title><venue>AAAI</venue><year>2013</year><type>Conference and Workshop Papers</type><key>conf/aaai/ErtekinRM13</key><ee>http://www.aaai.org/ocs/index.php/WS/AAAIW13/paper/view/7092</ee><url>https://dblp.org/rec/conf/aaai/ErtekinRM13</url></info>
<url>URL#2640136</url>
</hit>
<hit score="1" id="2640150">
<info><authors><author pid="59/9911">Dehong Gao</author><author pid="72/5870">Furu Wei</author><author pid="33/3999-2">Wenjie Li 0002</author><author pid="31/6118">Xiaohua Liu</author><author pid="16/1161-1">Ming Zhou 0001</author></authors><title>Co-Training Based Bilingual Sentiment Lexicon Learning.</title><venue>AAAI</venue><year>2013</year><type>Conference and Workshop Papers</type><key>conf/aaai/GaoWLLZ13</key><ee>http://www.aaai.org/ocs/index.php/WS/AAAIW13/paper/view/7069</ee><url>https://dblp.org/rec/conf/aaai/GaoWLLZ13</url></info>
<url>URL#2640150</url>
</hit>
<hit score="1" id="2640154">
<info><authors><author pid="g/NicolaGatti">Nicola Gatti 0001</author><author pid="70/8523">Marco Rocco</author><author pid="s/TuomasSandholm">Tuomas Sandholm</author></authors><title>Strong Nash Equilibrium Is in Smoothed P.</title><venue>AAAI</venue><year>2013</year><type>Conference and Workshop Papers</type><key>conf/aaai/GattiRS13a</key><ee>http://www.aaai.org/ocs/index.php/WS/AAAIW13/paper/view/7107</ee><url>https://dblp.org/rec/conf/aaai/GattiRS13a</url></info>
<url>URL#2640154</url>
</hit>
<hit score="1" id="2640157">
<info><authors><author pid="90/1894">Nathaniel Gemelli</author><author pid="16/3940">Jeffrey Hudack</author><author pid="o/JaeCOh">Jae C. Oh</author></authors><title>Virtual Structure Reduction for Distributed Constraint Problem Solving.</title><venue>AAAI</venue><year>2013</year><type>Conference and Workshop Papers</type><key>conf/aaai/GemelliHO13</key><ee>http://www.aaai.org/ocs/index.php/WS/AAAIW13/paper/view/7129</ee><url>https://dblp.org/rec/conf/aaai/GemelliHO13</url></info>
<url>URL#2640157</url>
</hit>
<hit score="1" id="2640159">
<info><authors><author pid="138/5576">Mahsa Ghafarianzadeh</author><author pid="12/1067">Claire Monteleoni</author></authors><title>Climate Prediction via Matrix Completion.</title><venue>AAAI</venue><year>2013</year><type>Conference and Workshop Papers</type><key>conf/aaai/GhafarianzadehM13</key><ee>http://www.aaai.org/ocs/index.php/WS/AAAIW13/paper/view/7169</ee><url>https://dblp.org/rec/conf/aaai/GhafarianzadehM13</url></info>
<url>URL#2640159</url>
</hit>
<hit score="1" id="2640168">
<info><authors><author pid="52/9925">Joshua T. Guerin</author><author pid="137/4896">Thomas E. Allen</author><author pid="g/JudyGoldsmith">Judy Goldsmith</author></authors><title>Learning CP-Net Preferences Online from User Queries.</title><venue>AAAI</venue><year>2013</year><type>Conference and Workshop Papers</type><key>conf/aaai/GuerinAG13</key><ee>http://www.aaai.org/ocs/index.php/WS/AAAIW13/paper/view/7114</ee><url>https://dblp.org/rec/conf/aaai/GuerinAG13</url></info>
<url>URL#2640168</url>
</hit>
<hit score="1" id="2640176">
<info><authors><author pid="15/6265">Yahong Han</author><author pid="138/5588">Jianguang Zhang</author><author pid="130/5077">Zhongwen Xu</author><author pid="23/7442">Shoou-I Yu</author></authors><title>Discriminative Multi-Task Feature Selection.</title><venue>AAAI</venue><year>2013</year><type>Conference and Workshop Papers</type><key>conf/aaai/HanZXY13</key><ee>http://www.aaai.org/ocs/index.php/WS/AAAIW13/paper/view/7015</ee><url>https://dblp.org/rec/conf/aaai/HanZXY13</url></info>
<url>URL#2640176</url>
</hit>
<hit score="1" id="2640182">
<info><authors><author pid="54/4898">Milos Hauskrecht</author><author pid="54/110">Shyam Visweswaran</author><author pid="96/2706">Gregory F. Cooper</author><author pid="99/5174">Gilles Clermont</author></authors><title>Conditional Outlier Approach for Detection of Unusual Patient Care Actions.</title><venue>AAAI</venue><year>2013</year><type>Conference and Workshop Papers</type><key>conf/aaai/HauskrechtVCC13</key><ee>http://www.aaai.org/ocs/index.php/WS/AAAIW13/paper/view/7153</ee><url>https://dblp.org/rec/conf/aaai/HauskrechtVCC13</url></info>
<url>URL#2640182</url>
</hit>
<hit score="1" id="2640187">
<info><authors><author pid="92/8363">Shanshan Huang</author><author pid="07/1521">Xiaojun Wan 0001</author><author pid="138/5573">Xuewei Tang</author></authors><title>AMRec - An Intelligent System for Academic Method Recommendation.</title><venue>AAAI</venue><year>2013</year><type>Conference and Workshop Papers</type><key>conf/aaai/HuangWT13</key><ee>http://www.aaai.org/ocs/index.php/WS/AAAIW13/paper/view/7012</ee><url>https://dblp.org/rec/conf/aaai/HuangWT13</url></info>
<url>URL#2640187</url>
</hit>
<hit score="1" id="2640188">
<info><authors><author pid="138/5575">Litan Ilany</author><author pid="65/3114">Ya&apos;akov Gal</author></authors><title>Algorithm Selection in Bilateral Negotiation.</title><venue>AAAI</venue><year>2013</year><type>Conference and Workshop Papers</type><key>conf/aaai/IlanyG13</key><ee>http://www.aaai.org/ocs/index.php/WS/AAAIW13/paper/view/7111</ee><url>https://dblp.org/rec/conf/aaai/IlanyG13</url></info>
<url>URL#2640188</url>
</hit>
<hit score="1" id="2640189">
<info><authors><author pid="138/5580">Marika Ivanová</author><author pid="13/1754">Pavel Surynek</author></authors><title>Adversarial Cooperative Path-Finding - A First View.</title><venue>AAAI</venue><year>2013</year><type>Conference and Workshop Papers</type><key>conf/aaai/IvanovaS13</key><ee>http://www.aaai.org/ocs/index.php/WS/AAAIW13/paper/view/7058</ee><url>https://dblp.org/rec/conf/aaai/IvanovaS13</url></info>
<url>URL#2640189</url>
</hit>
<hit score="1" id="2640194">
<info><authors><author pid="41/11527-1">David M. Johnson 0001</author><author pid="80/7282">Caiming Xiong</author><author pid="67/4834">Jing Gao</author><author pid="68/2447">Jason J. Corso</author></authors><title>Comprehensive Cross-Hierarchy Cluster Agreement Evaluation.</title><venue>AAAI</venue><year>2013</year><type>Conference and Workshop Papers</type><key>conf/aaai/JohnsonXGC13</key><ee>http://www.aaai.org/ocs/index.php/WS/AAAIW13/paper/view/7098</ee><url>https://dblp.org/rec/conf/aaai/JohnsonXGC13</url></info>
<url>URL#2640194</url>
</hit>
<hit score="1" id="2640211">
<info><authors><author pid="77/8365">Been Kim</author><author pid="62/6936">Cynthia Rudin</author></authors><title>Machine Learning for Meeting Analysis.</title><venue>AAAI</venue><year>2013</year><type>Conference and Workshop Papers</type><key>conf/aaai/KimR13</key><ee>http://www.aaai.org/ocs/index.php/WS/AAAIW13/paper/view/7087</ee><url>https://dblp.org/rec/conf/aaai/KimR13</url></info>
<url>URL#2640211</url>
</hit>
<hit score="1" id="2640231">
<info><authors><author pid="23/6349">Iolanda Leite</author><author pid="52/1296">Hannaneh Hajishirzi</author><author pid="23/8725">Sean Andrist</author><author pid="03/2381">Jill Fain Lehman</author></authors><title>Take or Wait? Learning Turn-Taking from Multiparty Data.</title><venue>AAAI</venue><year>2013</year><type>Conference and Workshop Papers</type><key>conf/aaai/LeiteHAL13</key><ee>http://www.aaai.org/ocs/index.php/WS/AAAIW13/paper/view/7054</ee><url>https://dblp.org/rec/conf/aaai/LeiteHAL13</url></info>
<url>URL#2640231</url>
</hit>
<hit score="1" id="2640233">
<info><authors><author pid="46/10782">Benjamin Letham</author><author pid="62/6936">Cynthia Rudin</author><author pid="138/5578">Tyler H. McCormick</author><author pid="22/1891">David Madigan</author></authors><title>An Interpretable Stroke Prediction Model using Rules and Bayesian Analysis.</title><venue>AAAI</venue><year>2013</year><type>Conference and Workshop Papers</type><key>conf/aaai/LethamRMM13</key><ee>http://www.aaai.org/ocs/index.php/WS/AAAIW13/paper/view/7088</ee><url>https://dblp.org/rec/conf/aaai/LethamRMM13</url></info>
<url>URL#2640233</url>
</hit>
<hit score="1" id="2640242">
<info><authors><author pid="l/YLierler">Yuliya Lierler</author><author pid="t/MiroslawTruszczynski">Miroslaw Truszczynski</author></authors><title>Modular Answer Set Solving.</title><venue>AAAI</venue><year>2013</year><type>Conference and Workshop Papers</type><key>conf/aaai/LierlerT13</key><ee>http://www.aaai.org/ocs/index.php/WS/AAAIW13/paper/view/7077</ee><url>https://dblp.org/rec/conf/aaai/LierlerT13</url></info>
<url>URL#2640242</url>
</hit>
<hit score="1" id="2640244">
<info><authors><author pid="89/5820">Xianming Liu</author><author pid="33/3099-2">Yue Gao 0002</author><author pid="86/5681">Rongrong Ji</author><author pid="28/9988">Shiyu Chang</author><author pid="h/ThomasSHuang">Thomas S. Huang</author></authors><title>Localizing Web Videos from Heterogeneous Images.</title><venue>AAAI</venue><year>2013</year><type>Conference and Workshop Papers</type><key>conf/aaai/LiuGJCH13</key><ee>http://www.aaai.org/ocs/index.php/WS/AAAIW13/paper/view/7161</ee><url>https://dblp.org/rec/conf/aaai/LiuGJCH13</url></info>
<url>URL#2640244</url>
</hit>
<hit score="1" id="2640248">
<info><authors><author pid="47/6298">Qiang Lu</author><author pid="117/4255">Wenlin Chen</author><author pid="59/983">Yixin Chen</author><author pid="88/4801">Kilian Q. Weinberger</author><author pid="55/6007">Xiaoping Chen</author></authors><title>Utilizing Landmarks in Euclidean Heuristics for Optimal Planning.</title><venue>AAAI</venue><year>2013</year><type>Conference and Workshop Papers</type><key>conf/aaai/LuCCWC13</key><ee>http://www.aaai.org/ocs/index.php/WS/AAAIW13/paper/view/7047</ee><url>https://dblp.org/rec/conf/aaai/LuCCWC13</url></info>
<url>URL#2640248</url>
</hit>
<hit score="1" id="2640256">
<info><authors><author pid="73/1303">Vukosi Ntsakisi Marivate</author><author pid="l/MLLittman">Michael L. Littman</author></authors><title>An Ensemble of Linearly Combined Reinforcement-Learning Agents.</title><venue>AAAI</venue><year>2013</year><type>Conference and Workshop Papers</type><key>conf/aaai/MarivateL13</key><ee>http://www.aaai.org/ocs/index.php/WS/AAAIW13/paper/view/7025</ee><url>https://dblp.org/rec/conf/aaai/MarivateL13</url></info>
<url>URL#2640256</url>
</hit>
<hit score="1" id="2640260">
<info><authors><author pid="76/3199">Christian Meilicke</author><author pid="76/8176">Jan Noessner</author><author pid="50/5895">Heiner Stuckenschmidt</author></authors><title>Towards Joint Inference for Complex Ontology Matching.</title><venue>AAAI</venue><year>2013</year><type>Conference and Workshop Papers</type><key>conf/aaai/MeilickeNS13</key><ee>http://www.aaai.org/ocs/index.php/WS/AAAIW13/paper/view/7031</ee><url>https://dblp.org/rec/conf/aaai/MeilickeNS13</url></info>
<url>URL#2640260</url>
</hit>
<hit score="1" id="2640272">
<info><authors><author pid="138/5579">Soja-Marie Callahan Morgens</author><author pid="39/3830">Arnav Jhala</author></authors><title>Synthetic Photographs for Learning Aesthetic Preferences.</title><venue>AAAI</venue><year>2013</year><type>Conference and Workshop Papers</type><key>conf/aaai/MorgensJ13</key><ee>http://www.aaai.org/ocs/index.php/WS/AAAIW13/paper/view/7133</ee><url>https://dblp.org/rec/conf/aaai/MorgensJ13</url></info>
<url>URL#2640272</url>
</hit>
<hit score="1" id="2640275">
<info><authors><author pid="205/9188">Claudiu Cristian Musat</author><author pid="f/BoiFaltings">Boi Faltings</author></authors><title>A Novel Human Computation Game for Critique Aggregation.</title><venue>AAAI</venue><year>2013</year><type>Conference and Workshop Papers</type><key>conf/aaai/MusatF13</key><ee>http://www.aaai.org/ocs/index.php/WS/AAAIW13/paper/view/7016</ee><url>https://dblp.org/rec/conf/aaai/MusatF13</url></info>
<url>URL#2640275</url>
</hit>
<hit score="1" id="2640283">
<info><authors><author pid="58/5192">Tommaso Di Noia</author><author pid="l/ThomasLukasiewicz">Thomas Lukasiewicz</author></authors><title>Combining CP-Nets with the Power of Ontologies.</title><venue>AAAI</venue><year>2013</year><type>Conference and Workshop Papers</type><key>conf/aaai/NoiaL13</key><ee>http://www.aaai.org/ocs/index.php/WS/AAAIW13/paper/view/7146</ee><url>https://dblp.org/rec/conf/aaai/NoiaL13</url></info>
<url>URL#2640283</url>
</hit>
<hit score="1" id="2640285">
<info><authors><author pid="87/229">Stellan Ohlsson</author><author pid="s/RobertHSloan">Robert H. Sloan</author><author pid="50/4701">György Turán</author><author pid="116/9395">Aaron Urasky</author></authors><title>Verbal IQ of a Four-Year Old Achieved by an AI System.</title><venue>AAAI</venue><year>2013</year><type>Conference and Workshop Papers</type><key>conf/aaai/OhlssonSTU13</key><ee>http://www.aaai.org/ocs/index.php/WS/AAAIW13/paper/view/7023</ee><url>https://dblp.org/rec/conf/aaai/OhlssonSTU13</url></info>
<url>URL#2640285</url>
</hit>
<hit score="1" id="2640296">
<info><authors><author pid="47/913">José San Pedro</author><author pid="09/3996">Alexandros Karatzoglou</author></authors><title>Multiple Outcome Supervised Latent Dirichlet Allocation for Expert Discovery in Online Forums.</title><venue>AAAI</venue><year>2013</year><type>Conference and Workshop Papers</type><key>conf/aaai/PedroK13</key><ee>http://www.aaai.org/ocs/index.php/WS/AAAIW13/paper/view/7050</ee><url>https://dblp.org/rec/conf/aaai/PedroK13</url></info>
<url>URL#2640296</url>
</hit>
<hit score="1" id="2640300">
<info><authors><author pid="01/3393">Patrice Perny</author><author pid="06/5519">Paul Weng</author><author pid="g/JudyGoldsmith">Judy Goldsmith</author><author pid="135/6336">Josiah Hanna</author></authors><title>Approximation of Lorenz-Optimal Solutions in Multiobjective Markov Decision Processes.</title><venue>AAAI</venue><year>2013</year><type>Conference and Workshop Papers</type><key>conf/aaai/PernyWGH13</key><ee>http://www.aaai.org/ocs/index.php/WS/AAAIW13/paper/view/7051</ee><url>https://dblp.org/rec/conf/aaai/PernyWGH13</url></info>
<url>URL#2640300</url>
</hit>
<hit score="1" id="2640309">
<info><authors><author pid="50/8181">Yamuna Prasad</author><author pid="91/887">K. K. Biswas</author><author pid="14/167">Parag Singla</author></authors><title>Scaling-Up Quadratic Programming Feature Selection.</title><venue>AAAI</venue><year>2013</year><type>Conference and Workshop Papers</type><key>conf/aaai/PrasadBS13</key><ee>http://www.aaai.org/ocs/index.php/WS/AAAIW13/paper/view/7130</ee><url>https://dblp.org/rec/conf/aaai/PrasadBS13</url></info>
<url>URL#2640309</url>
</hit>
<hit score="1" id="2640315">
<info><authors><author pid="47/11411">Razvan Ranca</author></authors><title>A Modular Framework for the Automatic Reconstruction of Shredded Documents.</title><venue>AAAI</venue><year>2013</year><type>Conference and Workshop Papers</type><key>conf/aaai/Ranca13</key><ee>http://www.aaai.org/ocs/index.php/WS/AAAIW13/paper/view/7127</ee><url>https://dblp.org/rec/conf/aaai/Ranca13</url></info>
<url>URL#2640315</url>
</hit>
<hit score="1" id="2640317">
<info><authors><author pid="69/11268">Srijith Ravikumar</author><author pid="99/2497">Kartik Talamadupula</author><author pid="68/1677">Raju Balakrishnan</author><author pid="k/SKambhampati">Subbarao Kambhampati</author></authors><title>RAProp - Ranking Tweets by Exploiting the Tweet/User/Web Ecosystem and Inter-Tweet Agreement.</title><venue>AAAI</venue><year>2013</year><type>Conference and Workshop Papers</type><key>conf/aaai/RavikumarTBK13</key><ee>http://www.aaai.org/ocs/index.php/WS/AAAIW13/paper/view/7131</ee><url>https://dblp.org/rec/conf/aaai/RavikumarTBK13</url></info>
<url>URL#2640317</url>
</hit>
<hit score="1" id="2640323">
<info><authors><author pid="137/4824">Amirmohammad Rooshenas</author><author pid="80/3901">Daniel Lowd</author></authors><title>Learning Tractable Graphical Models Using Mixture of Arithmetic Circuits.</title><venue>AAAI</venue><year>2013</year><type>Conference and Workshop Papers</type><key>conf/aaai/RooshenasL13</key><ee>http://www.aaai.org/ocs/index.php/WS/AAAIW13/paper/view/7183</ee><url>https://dblp.org/rec/conf/aaai/RooshenasL13</url></info>
<url>URL#2640323</url>
</hit>
<hit score="1" id="2640330">
<info><authors><author pid="13/154">Ashish Sabharwal</author><author pid="13/2167">Horst Samulowitz</author><author pid="s/TomSchrijvers">Tom Schrijvers</author><author pid="s/PeterJStuckey">Peter J. Stuckey</author><author pid="41/5343">Guido Tack</author></authors><title>Automated Design of Search with Composability.</title><venue>AAAI</venue><year>2013</year><type>Conference and Workshop Papers</type><key>conf/aaai/SabharwalSSST13</key><ee>http://www.aaai.org/ocs/index.php/WS/AAAIW13/paper/view/7123</ee><url>https://dblp.org/rec/conf/aaai/SabharwalSSST13</url></info>
<url>URL#2640330</url>
</hit>
<hit score="1" id="2640333">
<info><authors><author pid="86/9184">Pedro Henrique de Rodrigues Quemel e Assis Santana</author><author pid="117/4893">Brian Charles Williams</author></authors><title>Chance-Constrained Strong Controllability of Temporal Plan Networks with Uncertainty.</title><venue>AAAI</venue><year>2013</year><type>Conference and Workshop Papers</type><key>conf/aaai/SantanaW13</key><ee>http://www.aaai.org/ocs/index.php/WS/AAAIW13/paper/view/7157</ee><url>https://dblp.org/rec/conf/aaai/SantanaW13</url></info>
<url>URL#2640333</url>
</hit>
<hit score="1" id="2640338">
<info><authors><author pid="s/OliverSchulte">Oliver Schulte</author><author pid="96/3994">Fatemeh Riahi</author><author pid="181/2689">Qing Li</author></authors><title>Identifying Important Nodes in Heterogenous Networks.</title><venue>AAAI</venue><year>2013</year><type>Conference and Workshop Papers</type><key>conf/aaai/SchulteRL13</key><ee>http://www.aaai.org/ocs/index.php/WS/AAAIW13/paper/view/7126</ee><url>https://dblp.org/rec/conf/aaai/SchulteRL13</url></info>
<url>URL#2640338</url>
</hit>
<hit score="1" id="2640339">
<info><authors><author pid="116/9268">Jendrik Seipp</author><author pid="21/4581">Malte Helmert</author></authors><title>Additive Counterexample-Guided Cartesian Abstraction Refinement.</title><venue>AAAI</venue><year>2013</year><type>Conference and Workshop Papers</type><key>conf/aaai/SeippH13</key><ee>http://www.aaai.org/ocs/index.php/WS/AAAIW13/paper/view/7021</ee><url>https://dblp.org/rec/conf/aaai/SeippH13</url></info>
<url>URL#2640339</url>
</hit>
<hit score="1" id="2640340">
<info><authors><author pid="49/5671">Ming Shao</author><author pid="126/0713">Liangyue Li</author><author pid="00/5815-1">Yun Fu 0001</author></authors><title>Predicting Professions through Probabilistic Model under Social Context.</title><venue>AAAI</venue><year>2013</year><type>Conference and Workshop Papers</type><key>conf/aaai/ShaoLF13</key><ee>http://www.aaai.org/ocs/index.php/WS/AAAIW13/paper/view/7043</ee><url>https://dblp.org/rec/conf/aaai/ShaoLF13</url></info>
<url>URL#2640340</url>
</hit>
<hit score="1" id="2640344">
<info><authors><author pid="73/9853">Guni Sharon</author><author pid="43/5063">Ariel Felner</author><author pid="95/1348">Roni Stern</author><author pid="18/991">Nathan R. Sturtevant</author></authors><title>Partial Domain Search Tree For Constraint-Satisfaction Problems.</title><venue>AAAI</venue><year>2013</year><type>Conference and Workshop Papers</type><key>conf/aaai/SharonFSS13</key><ee>http://www.aaai.org/ocs/index.php/WS/AAAIW13/paper/view/7080</ee><url>https://dblp.org/rec/conf/aaai/SharonFSS13</url></info>
<url>URL#2640344</url>
</hit>
<hit score="1" id="2640367">
<info><authors><author pid="138/5585">Berk Ustun</author><author pid="138/5570">Stefano Tracà</author><author pid="62/6936">Cynthia Rudin</author></authors><title>Supersparse Linear Integer Models for Predictive Scoring Systems.</title><venue>AAAI</venue><year>2013</year><type>Conference and Workshop Papers</type><key>conf/aaai/UstunTR13</key><ee>http://www.aaai.org/ocs/index.php/WS/AAAIW13/paper/view/7159</ee><url>https://dblp.org/rec/conf/aaai/UstunTR13</url></info>
<url>URL#2640367</url>
</hit>
<hit score="1" id="2640376">
<info><authors><author pid="85/1868">Sheng Wang</author><author pid="00/8159">Fangtao Li</author><author pid="73/1844-4">Ming Zhang 0004</author></authors><title>Supervised Topic Model with Consideration of User and Item.</title><venue>AAAI</venue><year>2013</year><type>Conference and Workshop Papers</type><key>conf/aaai/WangLZ13</key><ee>http://www.aaai.org/ocs/index.php/WS/AAAIW13/paper/view/7156</ee><url>https://dblp.org/rec/conf/aaai/WangLZ13</url></info>
<url>URL#2640376</url>
</hit>
<hit score="1" id="2640377">
<info><authors><author pid="51/6856-11">Tong Wang 0011</author><author pid="62/6936">Cynthia Rudin</author><author pid="65/6748">Daniel Wagner</author><author pid="133/7758">Rich Sevieri</author></authors><title>Detecting Patterns of Crime with Series Finder.</title><venue>AAAI</venue><year>2013</year><type>Conference and Workshop Papers</type><key>conf/aaai/WangRWS13</key><ee>http://www.aaai.org/ocs/index.php/WS/AAAIW13/paper/view/7018</ee><url>https://dblp.org/rec/conf/aaai/WangRWS13</url></info>
<url>URL#2640377</url>
</hit>
<hit score="1" id="2640379">
<info><authors><author pid="125/4930">Qishen Wang</author><author pid="64/1258">Ou Wu</author><author pid="21/5521-18">Ying Chen 0018</author><author pid="41/6824">Weiming Hu</author></authors><title>Label Ranking by Directly Optimizing Performance Measures.</title><venue>AAAI</venue><year>2013</year><type>Conference and Workshop Papers</type><key>conf/aaai/WangWCH13</key><ee>http://www.aaai.org/ocs/index.php/WS/AAAIW13/paper/view/7063</ee><url>https://dblp.org/rec/conf/aaai/WangWCH13</url></info>
<url>URL#2640379</url>
</hit>
<hit score="1" id="2640381">
<info><authors><author pid="118/5055">Senzhang Wang</author><author pid="82/5250">Xiaojian Zhao</author><author pid="88/2827-19">Yan Chen 0019</author><author pid="76/2866">Zhoujun Li</author><author pid="55/957">Kai Zhang</author><author pid="77/1264">Jiali Xia</author></authors><title>Negative Influence Minimizing by Blocking Nodes in Social Networks.</title><venue>AAAI</venue><year>2013</year><type>Conference and Workshop Papers</type><key>conf/aaai/WangZCLZX13</key><ee>http://www.aaai.org/ocs/index.php/WS/AAAIW13/paper/view/7046</ee><url>https://dblp.org/rec/conf/aaai/WangZCLZX13</url></info>
<url>URL#2640381</url>
</hit>
<hit score="1" id="2640384">
<info><authors><author pid="117/4916">Jeremy C. Weiss</author><author pid="19/1038">Sriraam Natarajan</author><author pid="p/DavidPage">C. David Page Jr.</author></authors><title>Learning When to Reject an Importance Sample.</title><venue>AAAI</venue><year>2013</year><type>Conference and Workshop Papers</type><key>conf/aaai/WeissNP13</key><ee>http://www.aaai.org/ocs/index.php/WS/AAAIW13/paper/view/7039</ee><url>https://dblp.org/rec/conf/aaai/WeissNP13</url></info>
<url>URL#2640384</url>
</hit>
<hit score="1" id="2640390">
<info><authors><author pid="w/DavidWolpert">David H. Wolpert</author><author pid="50/2160">Dev G. Rajnarayan</author></authors><title>Using Machine Learning to Improve Stochastic Optimization.</title><venue>AAAI</venue><year>2013</year><type>Conference and Workshop Papers</type><key>conf/aaai/WolpertR13</key><ee>http://www.aaai.org/ocs/index.php/WS/AAAIW13/paper/view/7117</ee><url>https://dblp.org/rec/conf/aaai/WolpertR13</url></info>
<url>URL#2640390</url>
</hit>
<hit score="1" id="2640398">
<info><authors><author pid="80/7282">Caiming Xiong</author><author pid="41/11527-1">David M. Johnson 0001</author><author pid="68/2447">Jason J. Corso</author></authors><title>Uncertainty Reduction for Active Image Clustering via a Hybrid Global-Local Uncertainty Model.</title><venue>AAAI</venue><year>2013</year><type>Conference and Workshop Papers</type><key>conf/aaai/XiongJC13</key><ee>http://www.aaai.org/ocs/index.php/WS/AAAIW13/paper/view/7013</ee><url>https://dblp.org/rec/conf/aaai/XiongJC13</url></info>
<url>URL#2640398</url>
</hit>
<hit score="1" id="2640406">
<info><authors><author pid="138/5571">Logan Michael Yliniemi</author><author pid="22/378">Kagan Tumer</author></authors><title>Elo Ratings for Structural Credit Assignment in Multiagent Systems.</title><venue>AAAI</venue><year>2013</year><type>Conference and Workshop Papers</type><key>conf/aaai/YliniemiT13</key><ee>http://www.aaai.org/ocs/index.php/WS/AAAIW13/paper/view/7116</ee><url>https://dblp.org/rec/conf/aaai/YliniemiT13</url></info>
<url>URL#2640406</url>
</hit>
<hit score="1" id="2640408">
<info><authors><author pid="45/497">Jingjin Yu</author><author pid="l/StevenMLaValle">Steven M. LaValle</author></authors><title>Fast, Near-Optimal Computation for Multi-Robot Path Planning on Graphs.</title><venue>AAAI</venue><year>2013</year><type>Conference and Workshop Papers</type><key>conf/aaai/YuL13a</key><ee>http://www.aaai.org/ocs/index.php/WS/AAAIW13/paper/view/7011</ee><url>https://dblp.org/rec/conf/aaai/YuL13a</url></info>
<url>URL#2640408</url>
</hit>
<hit score="1" id="2791170">
<info><title>Late-Breaking Developments in the Field of Artificial Intelligence, Bellevue, Washington, USA, July 14-18, 2013</title><venue>AAAI</venue><venue>AAAI Workshops</venue><volume>WS-13-17</volume><publisher>AAAI</publisher><year>2013</year><type>Editorship</type><key>conf/aaai/2013late</key><ee>http://www.aaai.org/Library/Workshops/ws13-17.php</ee><url>https://dblp.org/rec/conf/aaai/2013late</url></info>
<url>URL#2791170</url>
</hit>
</hits>
</result>
