<?xml version="1.0" encoding="UTF-8"?>
<result>
<query id="304408">:facetid:toc:db\"/\"conf\"/\"aaai\"/\"trading2013\".\"bht</query>
<status code="200">OK</status>
<time unit="msecs">116.45</time>
<completions total="1" computed="1" sent="1">
<c sc="10" dc="10" oc="10" id="18218033">:facetid:toc:db/conf/aaai/trading2013.bht</c>
</completions>
<hits total="10" computed="10" sent="10" first="0">
<hit score="1" id="2640079">
<info><authors><author pid="120/1859">Jurica Babic</author><author pid="68/1841">Vedran Podobnik</author></authors><title>An Analysis of Power TAC 2013 Trial.</title><venue>AAAI Workshop - Trading Agent Design and Analysis</venue><year>2013</year><type>Conference and Workshop Papers</type><key>conf/aaai/BabicP13</key><ee>http://www.aaai.org/ocs/index.php/WS/AAAIW13/paper/view/7104</ee><url>https://dblp.org/rec/conf/aaai/BabicP13</url></info>
<url>URL#2640079</url>
</hit>
<hit score="1" id="2640092">
<info><authors><author pid="b/ManuelBlum-2">Manuel Blum 0002</author><author pid="r/MartinARiedmiller">Martin A. Riedmiller</author></authors><title>Electricity Demand Forecasting using Gaussian Processes.</title><venue>AAAI Workshop - Trading Agent Design and Analysis</venue><year>2013</year><type>Conference and Workshop Papers</type><key>conf/aaai/BlumR13</key><ee>http://www.aaai.org/ocs/index.php/WS/AAAIW13/paper/view/7106</ee><url>https://dblp.org/rec/conf/aaai/BlumR13</url></info>
<url>URL#2640092</url>
</hit>
<hit score="1" id="2640166">
<info><authors><author pid="g/AmyRGreenwald">Amy Greenwald</author><author pid="83/1762">Eric Sodomka</author><author pid="138/5592">Eric Stix</author><author pid="138/5590">Jeffrey Stix</author><author pid="138/5607">David Storch</author></authors><title>Empirical Analysis of Auctioneer Profitability in QuiBids Penny Auctions.</title><venue>AAAI Workshop - Trading Agent Design and Analysis</venue><year>2013</year><type>Conference and Workshop Papers</type><key>conf/aaai/GreenwaldSSSS13</key><ee>http://www.aaai.org/ocs/index.php/WS/AAAIW13/paper/view/7181</ee><url>https://dblp.org/rec/conf/aaai/GreenwaldSSSS13</url></info>
<url>URL#2640166</url>
</hit>
<hit score="1" id="2640257">
<info><authors><author pid="27/11261">Brandon A. Mayer</author><author pid="83/1762">Eric Sodomka</author><author pid="g/AmyRGreenwald">Amy Greenwald</author><author pid="w/MichaelPWellman">Michael P. Wellman</author></authors><title>Accounting for Price Dependencies in Simultaneous Sealed-Bid Auctions.</title><venue>AAAI Workshop - Trading Agent Design and Analysis</venue><year>2013</year><type>Conference and Workshop Papers</type><key>conf/aaai/MayerSGW13</key><ee>http://www.aaai.org/ocs/index.php/WS/AAAIW13/paper/view/7189</ee><url>https://dblp.org/rec/conf/aaai/MayerSGW13</url></info>
<url>URL#2640257</url>
</hit>
<hit score="1" id="2640293">
<info><authors><author pid="138/5606">Jaime Parra Jr.</author><author pid="95/1694">Christopher Kiekintveld</author></authors><title>Initial Exploration of Machine Learning to Predict Customer Demand in an Energy Market Simulation.</title><venue>AAAI Workshop - Trading Agent Design and Analysis</venue><year>2013</year><type>Conference and Workshop Papers</type><key>conf/aaai/ParraK13</key><ee>http://www.aaai.org/ocs/index.php/WS/AAAIW13/paper/view/7150</ee><url>https://dblp.org/rec/conf/aaai/ParraK13</url></info>
<url>URL#2640293</url>
</hit>
<hit score="1" id="2640306">
<info><authors><author pid="68/1841">Vedran Podobnik</author></authors><title>Organizers.</title><venue>AAAI Workshop - Trading Agent Design and Analysis</venue><year>2013</year><type>Conference and Workshop Papers</type><key>conf/aaai/Podobnik13</key><ee>http://www.aaai.org/ocs/index.php/WS/AAAIW13/paper/view/7343</ee><url>https://dblp.org/rec/conf/aaai/Podobnik13</url></info>
<url>URL#2640306</url>
</hit>
<hit score="1" id="2640307">
<info><authors><author pid="68/1841">Vedran Podobnik</author></authors><title>Preface.</title><venue>AAAI Workshop - Trading Agent Design and Analysis</venue><year>2013</year><type>Conference and Workshop Papers</type><key>conf/aaai/Podobnik13a</key><ee>http://www.aaai.org/ocs/index.php/WS/AAAIW13/paper/view/7344</ee><url>https://dblp.org/rec/conf/aaai/Podobnik13a</url></info>
<url>URL#2640307</url>
</hit>
<hit score="1" id="2640363">
<info><authors><author pid="138/5610">Anuj Toshniwal</author><author pid="138/5611">Kuldeep Porwal</author><author pid="k/KKarlapalem">Kamal Karlapalem</author></authors><title>Classification Driven Detection of Opportunistic Bids in TAC-SCM.</title><venue>AAAI Workshop - Trading Agent Design and Analysis</venue><year>2013</year><type>Conference and Workshop Papers</type><key>conf/aaai/ToshniwalPK13</key><ee>http://www.aaai.org/ocs/index.php/WS/AAAIW13/paper/view/7180</ee><url>https://dblp.org/rec/conf/aaai/ToshniwalPK13</url></info>
<url>URL#2640363</url>
</hit>
<hit score="1" id="2640369">
<info><authors><author pid="138/5612">Konstantina Valogianni</author><author pid="57/6942">Wolfgang Ketter</author><author pid="02/5968">John Collins</author></authors><title>Smart Charging of Electric Vehicles using Reinforcement Learning.</title><venue>AAAI Workshop - Trading Agent Design and Analysis</venue><year>2013</year><type>Conference and Workshop Papers</type><key>conf/aaai/ValogianniKC13</key><ee>http://www.aaai.org/ocs/index.php/WS/AAAIW13/paper/view/7174</ee><url>https://dblp.org/rec/conf/aaai/ValogianniKC13</url></info>
<url>URL#2640369</url>
</hit>
<hit score="1" id="2791175">
<info><title>Trading Agent Design and Analysis, Papers from the 2013 AAAI Workshop, Bellevue, Washington, USA, July 15, 2013</title><venue>AAAI Workshop - Trading Agent Design and Analysis</venue><venue>AAAI Workshops</venue><volume>WS-13-15</volume><publisher>AAAI</publisher><year>2013</year><type>Editorship</type><key>conf/aaai/2013trading</key><ee>http://www.aaai.org/Library/Workshops/ws13-15.php</ee><url>https://dblp.org/rec/conf/aaai/2013trading</url></info>
<url>URL#2791175</url>
</hit>
</hits>
</result>
