<?xml version="1.0" encoding="UTF-8"?>
<result>
<query id="304727">:facetid:toc:db\"/\"conf\"/\"aaai\"/\"mpref2014\".\"bht</query>
<status code="200">OK</status>
<time unit="msecs">106.52</time>
<completions total="1" computed="1" sent="1">
<c sc="19" dc="19" oc="19" id="18218012">:facetid:toc:db/conf/aaai/mpref2014.bht</c>
</completions>
<hits total="19" computed="19" sent="19" first="0">
<hit score="1" id="2359343">
<info><authors><author pid="137/4896">Thomas E. Allen</author><author pid="g/JudyGoldsmith">Judy Goldsmith</author><author pid="54/7115">Nicholas Mattei</author></authors><title>Counting, Ranking, and Randomly Generating CP-Nets.</title><venue>MPREF@AAAI</venue><year>2014</year><type>Conference and Workshop Papers</type><key>conf/aaai/AllenGM14</key><ee>http://www.aaai.org/ocs/index.php/WS/AAAIW14/paper/view/8840</ee><url>https://dblp.org/rec/conf/aaai/AllenGM14</url></info>
<url>URL#2359343</url>
</hit>
<hit score="1" id="2359361">
<info><authors><author pid="67/2967">Haris Aziz 0001</author><author pid="33/5862">Serge Gaspers</author><author pid="55/5525">Joachim Gudmundsson</author><author pid="139/0823">Simon Mackenzie</author><author pid="54/7115">Nicholas Mattei</author><author pid="86/2576">Toby Walsh</author></authors><title>Computational Aspects of Multi-Winner Approval Voting.</title><venue>MPREF@AAAI</venue><year>2014</year><type>Conference and Workshop Papers</type><key>conf/aaai/AzizGGMMW14</key><ee>http://www.aaai.org/ocs/index.php/WS/AAAIW14/paper/view/8760</ee><url>https://dblp.org/rec/conf/aaai/AzizGGMMW14</url></info>
<url>URL#2359361</url>
</hit>
<hit score="1" id="2359363">
<info><authors><author pid="67/2967">Haris Aziz 0001</author><author pid="33/5862">Serge Gaspers</author><author pid="139/0823">Simon Mackenzie</author><author pid="54/7115">Nicholas Mattei</author><author pid="136/7228">Paul Stursberg</author><author pid="86/2576">Toby Walsh</author></authors><title>Fixing a Balanced Knockout Tournament.</title><venue>MPREF@AAAI</venue><year>2014</year><type>Conference and Workshop Papers</type><key>conf/aaai/AzizGMMSW14a</key><ee>http://www.aaai.org/ocs/index.php/WS/AAAIW14/paper/view/8729</ee><url>https://dblp.org/rec/conf/aaai/AzizGMMSW14a</url></info>
<url>URL#2359363</url>
</hit>
<hit score="1" id="2359365">
<info><authors><author pid="67/2967">Haris Aziz 0001</author><author pid="86/2576">Toby Walsh</author></authors><title>Justified Representation in Approval-Based Committee Voting.</title><venue>MPREF@AAAI</venue><year>2014</year><type>Conference and Workshop Papers</type><key>conf/aaai/AzizW14</key><ee>http://www.aaai.org/ocs/index.php/WS/AAAIW14/paper/view/8788</ee><url>https://dblp.org/rec/conf/aaai/AzizW14</url></info>
<url>URL#2359365</url>
</hit>
<hit score="1" id="2359392">
<info><authors><author pid="42/6690">Darius Braziunas</author></authors><title>Organizers.</title><venue>MPREF@AAAI</venue><year>2014</year><type>Conference and Workshop Papers</type><key>conf/aaai/Braziunas14</key><ee>http://www.aaai.org/ocs/index.php/WS/AAAIW14/paper/view/8897</ee><url>https://dblp.org/rec/conf/aaai/Braziunas14</url></info>
<url>URL#2359392</url>
</hit>
<hit score="1" id="2359393">
<info><authors><author pid="42/6690">Darius Braziunas</author><author pid="39/5179">Markus Endres</author><author pid="v/KristenBrentVenable">Kristen Brent Venable</author><author pid="06/5519">Paul Weng</author><author pid="73/4036">Lirong Xia</author></authors><title>Preface.</title><venue>MPREF@AAAI</venue><year>2014</year><type>Conference and Workshop Papers</type><key>conf/aaai/BraziunasEVWX14</key><ee>http://www.aaai.org/ocs/index.php/WS/AAAIW14/paper/view/8898</ee><url>https://dblp.org/rec/conf/aaai/BraziunasEVWX14</url></info>
<url>URL#2359393</url>
</hit>
<hit score="1" id="2359398">
<info><authors><author pid="36/10263">Marie-Louise Bruner</author><author pid="73/5913">Martin Lackner</author></authors><title>The Likelihood of Structure in Preference Profiles.</title><venue>MPREF@AAAI</venue><year>2014</year><type>Conference and Workshop Papers</type><key>conf/aaai/BrunerL14</key><ee>http://www.aaai.org/ocs/index.php/WS/AAAIW14/paper/view/8762</ee><url>https://dblp.org/rec/conf/aaai/BrunerL14</url></info>
<url>URL#2359398</url>
</hit>
<hit score="1" id="2359416">
<info><authors><author pid="52/4700">Paulo André Lima de Castro</author><author pid="65/1416">Simon Parsons</author></authors><title>Modeling Agent&apos;s Preferences Based On Prospect Theory.</title><venue>MPREF@AAAI</venue><year>2014</year><type>Conference and Workshop Papers</type><key>conf/aaai/CastroP14</key><ee>http://www.aaai.org/ocs/index.php/WS/AAAIW14/paper/view/8769</ee><url>https://dblp.org/rec/conf/aaai/CastroP14</url></info>
<url>URL#2359416</url>
</hit>
<hit score="1" id="2359476">
<info><authors><author pid="39/5179">Markus Endres</author><author pid="22/11146">Patrick Roocks</author><author pid="178/4673">Manuel Huber 0001</author><author pid="k/WKiessling">Werner Kießling</author></authors><title>Grouping Queries with SV-Semantics in Preference SQL.</title><venue>MPREF@AAAI</venue><year>2014</year><type>Conference and Workshop Papers</type><key>conf/aaai/EndresR0K14</key><ee>http://www.aaai.org/ocs/index.php/WS/AAAIW14/paper/view/8726</ee><url>https://dblp.org/rec/conf/aaai/EndresR0K14</url></info>
<url>URL#2359476</url>
</hit>
<hit score="1" id="2359510">
<info><authors><author pid="g/JudyGoldsmith">Judy Goldsmith</author><author pid="54/7115">Nicholas Mattei</author><author pid="s/RobertHSloan">Robert H. Sloan</author></authors><title>Who is Watching You Eat?</title><venue>MPREF@AAAI</venue><year>2014</year><type>Conference and Workshop Papers</type><key>conf/aaai/GoldsmithMS14</key><ee>http://www.aaai.org/ocs/index.php/WS/AAAIW14/paper/view/8761</ee><url>https://dblp.org/rec/conf/aaai/GoldsmithMS14</url></info>
<url>URL#2359510</url>
</hit>
<hit score="1" id="2359520">
<info><authors><author pid="116/9348">Rafik Hadfi</author><author pid="24/1535">Takayuki Ito</author></authors><title>Constraint-Based Preferences via Utility Hyper-Graphs.</title><venue>MPREF@AAAI</venue><year>2014</year><type>Conference and Workshop Papers</type><key>conf/aaai/HadfiI14a</key><ee>http://www.aaai.org/ocs/index.php/WS/AAAIW14/paper/view/8792</ee><url>https://dblp.org/rec/conf/aaai/HadfiI14a</url></info>
<url>URL#2359520</url>
</hit>
<hit score="1" id="2359616">
<info><authors><author pid="90/2144">Xudong Liu</author><author pid="t/MiroslawTruszczynski">Miroslaw Truszczynski</author></authors><title>Preference Trees - A Language for Representing and Reasoning about Qualitative Preferences.</title><venue>MPREF@AAAI</venue><year>2014</year><type>Conference and Workshop Papers</type><key>conf/aaai/LiuT14</key><ee>http://www.aaai.org/ocs/index.php/WS/AAAIW14/paper/view/8790</ee><url>https://dblp.org/rec/conf/aaai/LiuT14</url></info>
<url>URL#2359616</url>
</hit>
<hit score="1" id="2359624">
<info><authors><author pid="127/7332">Andrea Loreggia</author><author pid="87/3366">Nina Narodytska</author><author pid="r/FrancescaRossi">Francesca Rossi</author><author pid="v/KristenBrentVenable">Kristen Brent Venable</author><author pid="86/2576">Toby Walsh</author></authors><title>Controlling Elections by Replacing Candidates - Theoretical and Experimental Results.</title><venue>MPREF@AAAI</venue><year>2014</year><type>Conference and Workshop Papers</type><key>conf/aaai/LoreggiaNRVW14</key><ee>http://www.aaai.org/ocs/index.php/WS/AAAIW14/paper/view/8758</ee><url>https://dblp.org/rec/conf/aaai/LoreggiaNRVW14</url></info>
<url>URL#2359624</url>
</hit>
<hit score="1" id="2359637">
<info><authors><author pid="35/1126">Leandro Soriano Marcolino</author><author pid="182/9917">Boian Kolev</author><author pid="182/9949">Samori Price</author><author pid="190/1441">Sreerag Palangat Veetil</author><author pid="151/0124">David Jason Gerber</author><author pid="190/1444">Josef Musil</author><author pid="67/2667">Milind Tambe</author></authors><title>Aggregating Opinions to Design Energy-Efficient Buildings.</title><venue>MPREF@AAAI</venue><year>2014</year><type>Conference and Workshop Papers</type><key>conf/aaai/MarcolinoKPVGMT14</key><ee>http://www.aaai.org/ocs/index.php/WS/AAAIW14/paper/view/8757</ee><url>https://dblp.org/rec/conf/aaai/MarcolinoKPVGMT14</url></info>
<url>URL#2359637</url>
</hit>
<hit score="1" id="2359684">
<info><authors><author pid="190/1463">Kyung-Wha Park</author><author pid="12/3584">Byoung-Hee Kim</author><author pid="41/4000">Tae-Suh Park</author><author pid="09/5682">Byoung-Tak Zhang</author></authors><title>Uncovering Response Biases in Recommendation.</title><venue>MPREF@AAAI</venue><year>2014</year><type>Conference and Workshop Papers</type><key>conf/aaai/ParkKPZ14</key><ee>http://www.aaai.org/ocs/index.php/WS/AAAIW14/paper/view/8764</ee><url>https://dblp.org/rec/conf/aaai/ParkKPZ14</url></info>
<url>URL#2359684</url>
</hit>
<hit score="1" id="2359699">
<info><authors><author pid="r/KWRegan">Kenneth Wingate Regan</author><author pid="135/8800">Tamal Biswas</author><author pid="50/10479">Jason Zhou</author></authors><title>Human and Computer Preferences at Chess.</title><venue>MPREF@AAAI</venue><year>2014</year><type>Conference and Workshop Papers</type><key>conf/aaai/ReganBZ14</key><ee>http://www.aaai.org/ocs/index.php/WS/AAAIW14/paper/view/8859</ee><url>https://dblp.org/rec/conf/aaai/ReganBZ14</url></info>
<url>URL#2359699</url>
</hit>
<hit score="1" id="2359712">
<info><authors><author pid="162/5045">Sam Saarinen</author><author pid="70/6070">Craig A. Tovey</author><author pid="g/JudyGoldsmith">Judy Goldsmith</author></authors><title>A Model for Intransitive Preferences.</title><venue>MPREF@AAAI</venue><year>2014</year><type>Conference and Workshop Papers</type><key>conf/aaai/SaarinenTG14</key><ee>http://www.aaai.org/ocs/index.php/WS/AAAIW14/paper/view/8839</ee><url>https://dblp.org/rec/conf/aaai/SaarinenTG14</url></info>
<url>URL#2359712</url>
</hit>
<hit score="1" id="2359857">
<info><authors><author pid="01/2082">Ying Zhu</author><author pid="t/MiroslawTruszczynski">Miroslaw Truszczynski</author></authors><title>Manipulation and Bribery in Preference Reasoning under Pareto Principle.</title><venue>MPREF@AAAI</venue><year>2014</year><type>Conference and Workshop Papers</type><key>conf/aaai/ZhuT14</key><ee>http://www.aaai.org/ocs/index.php/WS/AAAIW14/paper/view/8797</ee><url>https://dblp.org/rec/conf/aaai/ZhuT14</url></info>
<url>URL#2359857</url>
</hit>
<hit score="1" id="2511434">
<info><authors><author pid="42/6690">Darius Braziunas</author><author pid="39/5179">Markus Endres</author><author pid="v/KristenBrentVenable">Kristen Brent Venable</author><author pid="06/5519">Paul Weng</author><author pid="73/4036">Lirong Xia</author></authors><title>Multidisciplinary Workshop on Advances in Preference Handling, Papers from the 2014 AAAI Workshop, MPREF@AAAI, July 28, 2014, Quebec City, Canada</title><venue>MPREF@AAAI</venue><venue>AAAI Workshops</venue><volume>WS-14-10</volume><publisher>AAAI Press</publisher><year>2014</year><type>Editorship</type><key>conf/aaai/2014mpref</key><ee>http://www.aaai.org/Library/Workshops/ws14-10.php</ee><url>https://dblp.org/rec/conf/aaai/2014mpref</url></info>
<url>URL#2511434</url>
</hit>
</hits>
</result>
