<?xml version="1.0" encoding="UTF-8"?>
<result>
<query id="306620">:facetid:toc:db\"/\"conf\"/\"aaai\"/\"robot2015\".\"bht</query>
<status code="200">OK</status>
<time unit="msecs">108.76</time>
<completions total="1" computed="1" sent="1">
<c sc="8" dc="8" oc="8" id="18218020">:facetid:toc:db/conf/aaai/robot2015.bht</c>
</completions>
<hits total="8" computed="8" sent="8" first="0">
<hit score="1" id="2066710">
<info><authors><author pid="116/9403">Taranjeet Singh Bhatia</author><author pid="122/5231">Gürkan Solmaz</author><author pid="15/5766">Damla Turgut</author><author pid="b/LadislauBoloni">Ladislau Bölöni</author></authors><title>Two Algorithms for the Movements of Robotic Bodyguard Teams.</title><venue>AAAI Workshop - Knowledge, Skill, and Behavior Transfer in Autonomous Robots</venue><year>2015</year><type>Conference and Workshop Papers</type><key>conf/aaai/BhatiaSTB15</key><ee>http://aaai.org/ocs/index.php/WS/AAAIW15/paper/view/10151</ee><url>https://dblp.org/rec/conf/aaai/BhatiaSTB15</url></info>
<url>URL#2066710</url>
</hit>
<hit score="1" id="2066916">
<info><authors><author pid="162/4033">Sean Harris</author><author pid="58/6132">Bernhard Hengst</author><author pid="p/MauricePagnucco">Maurice Pagnucco</author></authors><title>Termination Approximation - Continuous State Decomposition for Hierarchical Reinforcement Learning.</title><venue>AAAI Workshop - Knowledge, Skill, and Behavior Transfer in Autonomous Robots</venue><year>2015</year><type>Conference and Workshop Papers</type><key>conf/aaai/HarrisHP15</key><ee>http://aaai.org/ocs/index.php/WS/AAAIW15/paper/view/10114</ee><url>https://dblp.org/rec/conf/aaai/HarrisHP15</url></info>
<url>URL#2066916</url>
</hit>
<hit score="1" id="2067018">
<info><authors><author pid="175/0224">David Leonardo Leottau</author><author pid="r/JavierRuizdelSolar">Javier Ruiz-del-Solar</author></authors><title>An Accelerated Approach to Decentralized Reinforcement Learning of the Ball-Dribbling Behavior.</title><venue>AAAI Workshop - Knowledge, Skill, and Behavior Transfer in Autonomous Robots</venue><year>2015</year><type>Conference and Workshop Papers</type><key>conf/aaai/LeottauR15</key><ee>http://aaai.org/ocs/index.php/WS/AAAIW15/paper/view/10196</ee><url>https://dblp.org/rec/conf/aaai/LeottauR15</url></info>
<url>URL#2067018</url>
</hit>
<hit score="1" id="2067121">
<info><authors><author pid="51/2166">Amin Mousavi</author><author pid="67/6007">Babak Nadjar Araabi</author><author pid="97/1969">Majid Nili Ahmadabadi</author></authors><title>Context Transfer and Q-Transferable Tasks.</title><venue>AAAI Workshop - Knowledge, Skill, and Behavior Transfer in Autonomous Robots</venue><year>2015</year><type>Conference and Workshop Papers</type><key>conf/aaai/MousaviAA15</key><ee>http://aaai.org/ocs/index.php/WS/AAAIW15/paper/view/10138</ee><url>https://dblp.org/rec/conf/aaai/MousaviAA15</url></info>
<url>URL#2067121</url>
</hit>
<hit score="1" id="2067152">
<info><authors><author pid="133/4570">Natalie Paige Parde</author><author pid="156/6734">Michalis Papakostas</author><author pid="145/3244">Konstantinos Tsiakas</author><author pid="160/6443">Maria Dagioglou</author><author pid="79/5857">Vangelis Karkaletsis</author><author pid="58/2526">Rodney D. Nielsen</author></authors><title>I Spy - An Interactive Game-Based Approach to Multimodal Robot Learning.</title><venue>AAAI Workshop - Knowledge, Skill, and Behavior Transfer in Autonomous Robots</venue><year>2015</year><type>Conference and Workshop Papers</type><key>conf/aaai/PardePTDKN15</key><ee>http://aaai.org/ocs/index.php/WS/AAAIW15/paper/view/10074</ee><url>https://dblp.org/rec/conf/aaai/PardePTDKN15</url></info>
<url>URL#2067152</url>
</hit>
<hit score="1" id="2067245">
<info><authors><author pid="18/527">Valdinei Freire da Silva</author><author pid="r/AnnaHelenaRealiCosta">Anna Helena Reali Costa</author></authors><title>Comparative Analysis of Abstract Policies to Transfer Learning in Robotics Navigation.</title><venue>AAAI Workshop - Knowledge, Skill, and Behavior Transfer in Autonomous Robots</venue><year>2015</year><type>Conference and Workshop Papers</type><key>conf/aaai/SilvaC15</key><ee>http://aaai.org/ocs/index.php/WS/AAAIW15/paper/view/10158</ee><url>https://dblp.org/rec/conf/aaai/SilvaC15</url></info>
<url>URL#2067245</url>
</hit>
<hit score="1" id="2067315">
<info><authors><author pid="91/6269">Zhan Wang</author><author pid="60/4015">Patric Jensfelt</author><author pid="83/5784">John Folkesson</author></authors><title>Modeling Spatial-Temporal Dynamics of Human Movements for Predicting Future Trajectories.</title><venue>AAAI Workshop - Knowledge, Skill, and Behavior Transfer in Autonomous Robots</venue><year>2015</year><type>Conference and Workshop Papers</type><key>conf/aaai/WangJF15</key><ee>http://aaai.org/ocs/index.php/WS/AAAIW15/paper/view/10126</ee><url>https://dblp.org/rec/conf/aaai/WangJF15</url></info>
<url>URL#2067315</url>
</hit>
<hit score="1" id="2223352">
<info><authors><author pid="26/8524">Matteo Leonetti</author><author pid="22/2336">Eric Eaton</author></authors><title>Knowledge, Skill, and Behavior Transfer in Autonomous Robots, Papers from the 2015 AAAI Workshop, Austin, Texas, USA, January 25, 2015.</title><venue>AAAI Workshop - Knowledge, Skill, and Behavior Transfer in Autonomous Robots</venue><venue>AAAI Workshops</venue><volume>WS-15-09</volume><publisher>AAAI Press</publisher><year>2015</year><type>Editorship</type><key>conf/aaai/2015robot</key><ee>http://www.aaai.org/Library/Workshops/ws15-09.php</ee><url>https://dblp.org/rec/conf/aaai/2015robot</url></info>
<url>URL#2223352</url>
</hit>
</hits>
</result>
