<?xml version="1.0" encoding="UTF-8"?>
<result>
<query id="306706">:facetid:toc:db\"/\"conf\"/\"aaai\"/\"sbd2015\".\"bht</query>
<status code="200">OK</status>
<time unit="msecs">107.91</time>
<completions total="1" computed="1" sent="1">
<c sc="6" dc="6" oc="6" id="18218024">:facetid:toc:db/conf/aaai/sbd2015.bht</c>
</completions>
<hits total="6" computed="6" sent="6" first="0">
<hit score="1" id="2066788">
<info><authors><author pid="189/0469">Christopher Andreas Clark</author><author pid="83/7658">Santosh Kumar Divvala</author></authors><title>Looking Beyond Text - Extracting Figures, Tables and Captions from Computer Science Papers.</title><venue>AAAI Workshop - Scholarly Big Data</venue><year>2015</year><type>Conference and Workshop Papers</type><key>conf/aaai/ClarkD15</key><ee>http://aaai.org/ocs/index.php/WS/AAAIW15/paper/view/10092</ee><url>https://dblp.org/rec/conf/aaai/ClarkD15</url></info>
<url>URL#2066788</url>
</hit>
<hit score="1" id="2067104">
<info><authors><author pid="m/RadaMihalcea">Rada Mihalcea</author><author pid="132/1076">Charles Welch</author></authors><title>What Women Want - Analyzing Research Publications to Understand Gender Preferences in Computer Science.</title><venue>AAAI Workshop - Scholarly Big Data</venue><year>2015</year><type>Conference and Workshop Papers</type><key>conf/aaai/MihalceaW15</key><ee>http://aaai.org/ocs/index.php/WS/AAAIW15/paper/view/10087</ee><url>https://dblp.org/rec/conf/aaai/MihalceaW15</url></info>
<url>URL#2067104</url>
</hit>
<hit score="1" id="2067154">
<info><authors><author pid="43/9687">Rohit Parimi</author><author pid="40/2098">Doina Caragea</author></authors><title>Leveraging Multiple Networks for Author Personalization.</title><venue>AAAI Workshop - Scholarly Big Data</venue><year>2015</year><type>Conference and Workshop Papers</type><key>conf/aaai/ParimiC15</key><ee>http://aaai.org/ocs/index.php/WS/AAAIW15/paper/view/10190</ee><url>https://dblp.org/rec/conf/aaai/ParimiC15</url></info>
<url>URL#2067154</url>
</hit>
<hit score="1" id="2067292">
<info><authors><author pid="189/0471">Marco Valenzuela</author><author pid="49/3499">Vu Ha</author><author pid="e/OEtzioni">Oren Etzioni</author></authors><title>Identifying Meaningful Citations.</title><venue>AAAI Workshop - Scholarly Big Data</venue><year>2015</year><type>Conference and Workshop Papers</type><key>conf/aaai/ValenzuelaHE15</key><ee>http://aaai.org/ocs/index.php/WS/AAAIW15/paper/view/10185</ee><url>https://dblp.org/rec/conf/aaai/ValenzuelaHE15</url></info>
<url>URL#2067292</url>
</hit>
<hit score="1" id="2067340">
<info><authors><author pid="w/MichaelJWitbrock">Michael J. Witbrock</author><author pid="73/3029">Karen Pittman</author><author pid="21/7927">Jessica Moszkowicz</author><author pid="45/1112">Andrew Beck</author><author pid="08/8885">Dave Schneider</author><author pid="68/5550">Douglas B. Lenat</author></authors><title>Cyc and the Big C - Reading that Produces and Uses Hypotheses about Complex Molecular Biology Mechanisms.</title><venue>AAAI Workshop - Scholarly Big Data</venue><year>2015</year><type>Conference and Workshop Papers</type><key>conf/aaai/WitbrockPMBSL15</key><ee>http://aaai.org/ocs/index.php/WS/AAAIW15/paper/view/10177</ee><url>https://dblp.org/rec/conf/aaai/WitbrockPMBSL15</url></info>
<url>URL#2067340</url>
</hit>
<hit score="1" id="2223353">
<info><authors><author pid="69/6680">Cornelia Caragea</author><author pid="g/CLeeGiles">C. Lee Giles</author><author pid="11/94">Narayan L. Bhamidipati</author><author pid="40/2098">Doina Caragea</author><author pid="03/6702">Sujatha Das Gollapalli</author><author pid="22/6491">Saurabh Kataria</author><author pid="92/309-1">Huan Liu 0001</author><author pid="62/3147">Feng Xia 0001</author></authors><title>Scholarly Big Data - AI Perspectives, Challenges, and Ideas, Papers from the 2015 AAAI Workshop, Austin, Texas, USA, January, 2015.</title><venue>AAAI Workshop - Scholarly Big Data</venue><venue>AAAI Workshops</venue><volume>WS-15-13</volume><publisher>AAAI Press</publisher><year>2015</year><type>Editorship</type><key>conf/aaai/2015sbd</key><ee>http://www.aaai.org/Library/Workshops/ws15-13.php</ee><url>https://dblp.org/rec/conf/aaai/2015sbd</url></info>
<url>URL#2223353</url>
</hit>
</hits>
</result>
