<?xml version="1.0" encoding="UTF-8"?>
<result>
<query id="305277">:facetid:toc:db\"/\"conf\"/\"aaai\"/\"aconfig2015\".\"bht</query>
<status code="200">OK</status>
<time unit="msecs">104.15</time>
<completions total="1" computed="1" sent="1">
<c sc="5" dc="5" oc="5" id="18217975">:facetid:toc:db/conf/aaai/aconfig2015.bht</c>
</completions>
<hits total="5" computed="5" sent="5" first="0">
<hit score="1" id="2066899">
<info><authors><author pid="28/2407">Aldy Gunawan</author><author pid="27/6572">Hoong Chuin Lau</author><author pid="51/8572">Mustafa Misir</author></authors><title>Designing a Portfolio of Parameter Configurations for Online Algorithm Selection.</title><venue>AAAI Workshop - Algorithm Configuration</venue><year>2015</year><type>Conference and Workshop Papers</type><key>conf/aaai/GunawanLM15</key><ee>http://aaai.org/ocs/index.php/WS/AAAIW15/paper/view/10107</ee><url>https://dblp.org/rec/conf/aaai/GunawanLM15</url></info>
<url>URL#2066899</url>
</hit>
<hit score="1" id="2067044">
<info><authors><author pid="28/9142">Marius Lindauer</author><author pid="h/HolgerHHoos">Holger H. Hoos</author><author pid="89/5383">Frank Hutter</author><author pid="s/TorstenSchaub">Torsten Schaub</author></authors><title>AutoFolio - Algorithm Configuration for Algorithm Selection.</title><venue>AAAI Workshop - Algorithm Configuration</venue><year>2015</year><type>Conference and Workshop Papers</type><key>conf/aaai/LindauerHHS15</key><ee>http://aaai.org/ocs/index.php/WS/AAAIW15/paper/view/10106</ee><url>https://dblp.org/rec/conf/aaai/LindauerHHS15</url></info>
<url>URL#2067044</url>
</hit>
<hit score="1" id="2067102">
<info><authors><author pid="186/1787">Marius Merschformann</author></authors><title>Algorithm Configuration Applied to Heuristics for Three-Dimensional Knapsack Problems in Air Cargo.</title><venue>AAAI Workshop - Algorithm Configuration</venue><year>2015</year><type>Conference and Workshop Papers</type><key>conf/aaai/Merschformann15</key><ee>http://aaai.org/ocs/index.php/WS/AAAIW15/paper/view/10083</ee><url>https://dblp.org/rec/conf/aaai/Merschformann15</url></info>
<url>URL#2067102</url>
</hit>
<hit score="1" id="2067148">
<info><authors><author pid="52/6545">Jens Otto</author><author pid="62/3034">Oliver Niggemann</author></authors><title>Automatic Parameterization of Automation Software for Plug-and-Produce.</title><venue>AAAI Workshop - Algorithm Configuration</venue><year>2015</year><type>Conference and Workshop Papers</type><key>conf/aaai/OttoN15</key><ee>http://aaai.org/ocs/index.php/WS/AAAIW15/paper/view/10157</ee><url>https://dblp.org/rec/conf/aaai/OttoN15</url></info>
<url>URL#2067148</url>
</hit>
<hit score="1" id="2223346">
<info><authors><author pid="89/5383">Frank Hutter</author><author pid="28/9142">Marius Lindauer</author><author pid="59/2173">Yuri Malitsky</author></authors><title>Algorithm Configuration, Papers from the 2015 AAAI Workshop, Austin, Texas, USA, January 26, 2015.</title><venue>AAAI Workshop - Algorithm Configuration</venue><venue>AAAI Workshops</venue><volume>WS-15-01</volume><publisher>AAAI Press</publisher><year>2015</year><type>Editorship</type><key>conf/aaai/2015aconfig</key><ee>http://www.aaai.org/Library/Workshops/ws15-01.php</ee><url>https://dblp.org/rec/conf/aaai/2015aconfig</url></info>
<url>URL#2223346</url>
</hit>
</hits>
</result>
