<?xml version="1.0" encoding="UTF-8"?>
<result>
<query id="305467">:facetid:toc:db\"/\"conf\"/\"aaai\"/\"ethics2015\".\"bht</query>
<status code="200">OK</status>
<time unit="msecs">113.55</time>
<completions total="1" computed="1" sent="1">
<c sc="15" dc="15" oc="15" id="18217993">:facetid:toc:db/conf/aaai/ethics2015.bht</c>
</completions>
<hits total="15" computed="15" sent="15" first="0">
<hit score="1" id="2066672">
<info><authors><author pid="59/4095-1">Michael Anderson 0001</author><author pid="20/3527">Susan Leigh Anderson</author></authors><title>Toward Ensuring Ethical Behavior from Autonomous Systems - A Case-Supported Principle-Based Paradigm.</title><venue>AAAI Workshop - AI and Ethics</venue><year>2015</year><type>Conference and Workshop Papers</type><key>conf/aaai/AndersonA15</key><ee>http://aaai.org/ocs/index.php/WS/AAAIW15/paper/view/9976</ee><url>https://dblp.org/rec/conf/aaai/AndersonA15</url></info>
<url>URL#2066672</url>
</hit>
<hit score="1" id="2066679">
<info><authors><author pid="79/9972">Stuart Armstrong</author></authors><title>Motivated Value Selection for Artificial Agents.</title><venue>AAAI Workshop - AI and Ethics</venue><year>2015</year><type>Conference and Workshop Papers</type><key>conf/aaai/Armstrong15</key><ee>http://aaai.org/ocs/index.php/WS/AAAIW15/paper/view/10183</ee><url>https://dblp.org/rec/conf/aaai/Armstrong15</url></info>
<url>URL#2066679</url>
</hit>
<hit score="1" id="2066703">
<info><authors><author pid="186/1589">Aline Belloni</author><author pid="34/3051">Alain Berger</author><author pid="44/5374">Olivier Boissier</author><author pid="96/5000">Grégory Bonnet</author><author pid="05/5583">Gauvain Bourgne</author><author pid="186/1579">Pierre-Antoine Chardel</author><author pid="19/4956">Jean-Pierre Cotton</author><author pid="186/1786">Nicolas Evreux</author><author pid="g/JGGanascia">Jean-Gabriel Ganascia</author><author pid="63/3937">Philippe Jaillon</author><author pid="63/4526">Bruno Mermet</author><author pid="33/3637">Gauthier Picard</author><author pid="186/1771">Bernard Rever</author><author pid="77/6679">Gaële Simon</author><author pid="07/5194">Thibault de Swarte</author><author pid="89/2043">Catherine Tessier</author><author pid="87/270">François Vexler</author><author pid="145/9762">Robert Voyer</author><author pid="91/1410">Antoine Zimmermann</author></authors><title>Dealing with Ethical Conflicts in Autonomous Agents and Multi-Agent Systems.</title><venue>AAAI Workshop - AI and Ethics</venue><year>2015</year><type>Conference and Workshop Papers</type><key>conf/aaai/BelloniBBBBCCEG15</key><ee>http://aaai.org/ocs/index.php/WS/AAAIW15/paper/view/10109</ee><url>https://dblp.org/rec/conf/aaai/BelloniBBBBCCEG15</url></info>
<url>URL#2066703</url>
</hit>
<hit score="1" id="2066743">
<info><authors><author pid="148/7321">Miles Brundage</author></authors><title>Economic Possibilities for Our Children - Artificial Intelligence and the Future of Work, Education, and Leisure.</title><venue>AAAI Workshop - AI and Ethics</venue><year>2015</year><type>Conference and Workshop Papers</type><key>conf/aaai/Brundage15</key><ee>http://aaai.org/ocs/index.php/WS/AAAIW15/paper/view/10155</ee><url>https://dblp.org/rec/conf/aaai/Brundage15</url></info>
<url>URL#2066743</url>
</hit>
<hit score="1" id="2066747">
<info><authors><author pid="184/2446">Emanuelle Burton</author><author pid="g/JudyGoldsmith">Judy Goldsmith</author><author pid="54/7115">Nicholas Mattei</author></authors><title>Teaching AI Ethics Using Science Fiction.</title><venue>AAAI Workshop - AI and Ethics</venue><year>2015</year><type>Conference and Workshop Papers</type><key>conf/aaai/BurtonGM15</key><ee>http://aaai.org/ocs/index.php/WS/AAAIW15/paper/view/10139</ee><url>https://dblp.org/rec/conf/aaai/BurtonGM15</url></info>
<url>URL#2066747</url>
</hit>
<hit score="1" id="2066791">
<info><authors><author pid="186/1600">Julien Collart</author><author pid="139/3461">Thibault Gateau</author><author pid="186/1775">Eve Fabre</author><author pid="89/2043">Catherine Tessier</author></authors><title>Human-Robot Systems Facing Ethical Conflicts - A Preliminary Experimental Protocol.</title><venue>AAAI Workshop - AI and Ethics</venue><year>2015</year><type>Conference and Workshop Papers</type><key>conf/aaai/CollartGFT15</key><ee>http://aaai.org/ocs/index.php/WS/AAAIW15/paper/view/10120</ee><url>https://dblp.org/rec/conf/aaai/CollartGFT15</url></info>
<url>URL#2066791</url>
</hit>
<hit score="1" id="2066805">
<info><authors><author pid="58/1750">Louise Abigail Dennis</author><author pid="f/MichaelFisher">Michael Fisher 0001</author><author pid="w/AlanFTWinfield">Alan F. T. Winfield</author></authors><title>Towards Verifiably Ethical Robot Behaviour.</title><venue>AAAI Workshop - AI and Ethics</venue><year>2015</year><type>Conference and Workshop Papers</type><key>conf/aaai/DennisFW15</key><ee>http://aaai.org/ocs/index.php/WS/AAAIW15/paper/view/10119</ee><url>https://dblp.org/rec/conf/aaai/DennisFW15</url></info>
<url>URL#2066805</url>
</hit>
<hit score="1" id="2066894">
<info><authors><author pid="68/2913">Marco Guerini</author><author pid="49/2742">Fabio Pianesi</author><author pid="s/OlivieroStock">Oliviero Stock</author></authors><title>Is It Morally Acceptable for a System to Lie to Persuade Me?</title><venue>AAAI Workshop - AI and Ethics</venue><year>2015</year><type>Conference and Workshop Papers</type><key>conf/aaai/GueriniPS15</key><ee>http://aaai.org/ocs/index.php/WS/AAAIW15/paper/view/10108</ee><url>https://dblp.org/rec/conf/aaai/GueriniPS15</url></info>
<url>URL#2066894</url>
</hit>
<hit score="1" id="2066930">
<info><authors><author pid="22/2136">Bill Hibbard</author></authors><title>Self-Modeling Agents and Reward Generator Corruption.</title><venue>AAAI Workshop - AI and Ethics</venue><year>2015</year><type>Conference and Workshop Papers</type><key>conf/aaai/Hibbard15</key><ee>http://aaai.org/ocs/index.php/WS/AAAIW15/paper/view/10072</ee><url>https://dblp.org/rec/conf/aaai/Hibbard15</url></info>
<url>URL#2066930</url>
</hit>
<hit score="1" id="2066952">
<info><authors><author pid="28/4803">Aaron Hunter</author></authors><title>On Keeping Secrets - Intelligent Agents and the Ethics of Information Hiding.</title><venue>AAAI Workshop - AI and Ethics</venue><year>2015</year><type>Conference and Workshop Papers</type><key>conf/aaai/Hunter15</key><ee>http://aaai.org/ocs/index.php/WS/AAAIW15/paper/view/10076</ee><url>https://dblp.org/rec/conf/aaai/Hunter15</url></info>
<url>URL#2066952</url>
</hit>
<hit score="1" id="2067226">
<info><authors><author pid="46/202">Jennifer Seitzer</author></authors><title>When Robots Play Dice - The Flameless Fire - It&apos;s Never Been Easier to Burn Books.</title><venue>AAAI Workshop - AI and Ethics</venue><year>2015</year><type>Conference and Workshop Papers</type><key>conf/aaai/Seitzer15</key><ee>http://aaai.org/ocs/index.php/WS/AAAIW15/paper/view/10188</ee><url>https://dblp.org/rec/conf/aaai/Seitzer15</url></info>
<url>URL#2067226</url>
</hit>
<hit score="1" id="2067255">
<info><authors><author pid="149/0167">Nate Soares</author><author pid="54/2427">Benja Fallenstein</author><author pid="79/9972">Stuart Armstrong</author><author pid="19/9892">Eliezer Yudkowsky</author></authors><title>Corrigibility.</title><venue>AAAI Workshop - AI and Ethics</venue><year>2015</year><type>Conference and Workshop Papers</type><key>conf/aaai/SoaresFAY15</key><ee>http://aaai.org/ocs/index.php/WS/AAAIW15/paper/view/10124</ee><url>https://dblp.org/rec/conf/aaai/SoaresFAY15</url></info>
<url>URL#2067255</url>
</hit>
<hit score="1" id="2067261">
<info><authors><author pid="148/7213">Kaj Sotala</author></authors><title>Concept Learning for Safe Autonomous AI.</title><venue>AAAI Workshop - AI and Ethics</venue><year>2015</year><type>Conference and Workshop Papers</type><key>conf/aaai/Sotala15</key><ee>http://aaai.org/ocs/index.php/WS/AAAIW15/paper/view/10131</ee><url>https://dblp.org/rec/conf/aaai/Sotala15</url></info>
<url>URL#2067261</url>
</hit>
<hit score="1" id="2067278">
<info><authors><author pid="25/6578">Max Tegmark</author></authors><title>Friendly Artificial Intelligence - The Physics Challenge.</title><venue>AAAI Workshop - AI and Ethics</venue><year>2015</year><type>Conference and Workshop Papers</type><key>conf/aaai/Tegmark15</key><ee>http://aaai.org/ocs/index.php/WS/AAAIW15/paper/view/10149</ee><url>https://dblp.org/rec/conf/aaai/Tegmark15</url></info>
<url>URL#2067278</url>
</hit>
<hit score="1" id="2223349">
<info><authors><author pid="86/2576">Toby Walsh</author></authors><title>Artificial Intelligence and Ethics, Papers from the 2015 AAAI Workshop, Austin, Texas, USA, January 25, 2015.</title><venue>AAAI Workshop - AI and Ethics</venue><venue>AAAI Workshops</venue><volume>WS-15-02</volume><publisher>AAAI Press</publisher><year>2015</year><type>Editorship</type><key>conf/aaai/2015ethics</key><ee>http://www.aaai.org/Library/Workshops/ws15-02.php</ee><url>https://dblp.org/rec/conf/aaai/2015ethics</url></info>
<url>URL#2223349</url>
</hit>
</hits>
</result>
