<?xml version="1.0" encoding="UTF-8"?>
<result>
<query id="306331">:facetid:toc:db\"/\"conf\"/\"aaai\"/\"sustainability2015\".\"bht</query>
<status code="200">OK</status>
<time unit="msecs">117.97</time>
<completions total="1" computed="1" sent="1">
<c sc="27" dc="27" oc="27" id="18218031">:facetid:toc:db/conf/aaai/sustainability2015.bht</c>
</completions>
<hits total="27" computed="27" sent="27" first="0">
<hit score="1" id="2066689">
<info><authors><author pid="139/3666">Yoshiaki Bando</author><author pid="86/7745">Takuma Otsuka</author><author pid="56/4365">Ikkyu Aihara</author><author pid="58/8743">Hiromitsu Awano</author><author pid="77/4845">Katsutoshi Itoyama</author><author pid="84/4993">Kazuyoshi Yoshii</author><author pid="09/2222">Hiroshi Gitchang Okuno</author></authors><title>Recognition of In-Field Frog Chorusing Using Bayesian Nonparametric Microphone Array Processing.</title><venue>AAAI Workshop - Computational Sustainability</venue><year>2015</year><type>Conference and Workshop Papers</type><key>conf/aaai/BandoOAAIYO15</key><ee>http://aaai.org/ocs/index.php/WS/AAAIW15/paper/view/10133</ee><url>https://dblp.org/rec/conf/aaai/BandoOAAIYO15</url></info>
<url>URL#2066689</url>
</hit>
<hit score="1" id="2066698">
<info><authors><author pid="186/6514">Juan M. Barrios</author><author pid="186/6696">Raúl Sierra-Alcocer</author><author pid="186/6746">Constantino González-Salazar</author><author pid="186/6643">Franz E. Mora</author><author pid="186/6722">Mariana Munguía</author><author pid="186/6794">Octavio M. Pérez-Maqueo</author><author pid="186/6591">Isabel Trejo</author></authors><title>Modeling Ecological Integrity with Bayesian Belief Networks.</title><venue>AAAI Workshop - Computational Sustainability</venue><year>2015</year><type>Conference and Workshop Papers</type><key>conf/aaai/BarriosSGMMPT15</key><ee>http://aaai.org/ocs/index.php/WS/AAAIW15/paper/view/10101</ee><url>https://dblp.org/rec/conf/aaai/BarriosSGMMPT15</url></info>
<url>URL#2066698</url>
</hit>
<hit score="1" id="2066754">
<info><authors><author pid="186/6513">Thomas Capelle</author><author pid="s/PeterFSturm">Peter F. Sturm</author><author pid="30/3599">Arthur Vidard</author><author pid="186/6735">Brian J. Morton</author></authors><title>Formulating LUTI Calibration as an Optimisation Problem - Estimation of Tranus Shadow Price and Substitution Parameters.</title><venue>AAAI Workshop - Computational Sustainability</venue><year>2015</year><type>Conference and Workshop Papers</type><key>conf/aaai/CapelleSVM15</key><ee>http://aaai.org/ocs/index.php/WS/AAAIW15/paper/view/9625</ee><url>https://dblp.org/rec/conf/aaai/CapelleSVM15</url></info>
<url>URL#2066754</url>
</hit>
<hit score="1" id="2066765">
<info><authors><author pid="72/7698">Charalampos Chelmis</author><author pid="41/6108">Saima Aman</author><author pid="158/9075">Muhammad Rizwan Saeed</author><author pid="89/210">Marc Frîncu</author><author pid="p/ViktorKPrasanna">Viktor K. Prasanna</author></authors><title>Estimating Reduced Consumption for Dynamic Demand Response.</title><venue>AAAI Workshop - Computational Sustainability</venue><year>2015</year><type>Conference and Workshop Papers</type><key>conf/aaai/ChelmisASFP15</key><ee>http://aaai.org/ocs/index.php/WS/AAAIW15/paper/view/10066</ee><url>https://dblp.org/rec/conf/aaai/ChelmisASFP15</url></info>
<url>URL#2066765</url>
</hit>
<hit score="1" id="2066822">
<info><authors><author pid="186/6686">Rundong Du</author><author pid="175/4646">Zhongming Lu</author><author pid="179/0243">Arka Pandit</author><author pid="79/2979">Da Kuang</author><author pid="52/4901">John Crittenden</author><author pid="78/5322">Haesun Park</author></authors><title>Toward Social Media Opinion Mining for Sustainability Research.</title><venue>AAAI Workshop - Computational Sustainability</venue><year>2015</year><type>Conference and Workshop Papers</type><key>conf/aaai/DuLPKCP15</key><ee>http://aaai.org/ocs/index.php/WS/AAAIW15/paper/view/10146</ee><url>https://dblp.org/rec/conf/aaai/DuLPKCP15</url></info>
<url>URL#2066822</url>
</hit>
<hit score="1" id="2066829">
<info><authors><author pid="184/2436">Kirstin Early</author><author pid="67/2526">J. Zico Kolter</author></authors><title>An Additive Autoregressive Hidden Markov Model for Energy Disaggregation.</title><venue>AAAI Workshop - Computational Sustainability</venue><year>2015</year><type>Conference and Workshop Papers</type><key>conf/aaai/EarlyK15</key><ee>http://aaai.org/ocs/index.php/WS/AAAIW15/paper/view/10198</ee><url>https://dblp.org/rec/conf/aaai/EarlyK15</url></info>
<url>URL#2066829</url>
</hit>
<hit score="1" id="2066833">
<info><authors><author pid="185/0973">Abbas Ehsanfar</author><author pid="61/5392">Babak Heydari</author></authors><title>Interactive Multi-Consumer Power Cooperatives with Learning and Axiomatic Cost and Risk Disaggregation.</title><venue>AAAI Workshop - Computational Sustainability</venue><year>2015</year><type>Conference and Workshop Papers</type><key>conf/aaai/EhsanfarH15</key><ee>http://aaai.org/ocs/index.php/WS/AAAIW15/paper/view/10200</ee><url>https://dblp.org/rec/conf/aaai/EhsanfarH15</url></info>
<url>URL#2066833</url>
</hit>
<hit score="1" id="2066839">
<info><authors><author pid="139/1292">Murat A. Erdogdu</author><author pid="53/4938">Nadia Fawaz</author><author pid="83/5094">Andrea Montanari</author></authors><title>Privacy-Utility Trade-Off for Time-Series with Application to Smart-Meter Data.</title><venue>AAAI Workshop - Computational Sustainability</venue><year>2015</year><type>Conference and Workshop Papers</type><key>conf/aaai/ErdogduFM15</key><ee>http://aaai.org/ocs/index.php/WS/AAAIW15/paper/view/10193</ee><url>https://dblp.org/rec/conf/aaai/ErdogduFM15</url></info>
<url>URL#2066839</url>
</hit>
<hit score="1" id="2066869">
<info><authors><author pid="133/1975">Jiarui Gan</author><author pid="42/6178-1">Bo An 0001</author></authors><title>Game Theoretic Considerations for Optimizing Efficiency of Taxi Systems.</title><venue>AAAI Workshop - Computational Sustainability</venue><year>2015</year><type>Conference and Workshop Papers</type><key>conf/aaai/GanA15</key><ee>http://aaai.org/ocs/index.php/WS/AAAIW15/paper/view/10070</ee><url>https://dblp.org/rec/conf/aaai/GanA15</url></info>
<url>URL#2066869</url>
</hit>
<hit score="1" id="2066877">
<info><authors><author pid="146/0858">Ian Gemp</author><author pid="97/3847">Sridhar Mahadevan</author><author pid="58/2670-6">Bo Liu 0006</author></authors><title>Solving Large Sustainable Supply Chain Networks Using Variational Inequalities.</title><venue>AAAI Workshop - Computational Sustainability</venue><year>2015</year><type>Conference and Workshop Papers</type><key>conf/aaai/GempM015</key><ee>http://aaai.org/ocs/index.php/WS/AAAIW15/paper/view/10122</ee><url>https://dblp.org/rec/conf/aaai/GempM015</url></info>
<url>URL#2066877</url>
</hit>
<hit score="1" id="2066884">
<info><authors><author pid="57/10684">Siamak Safarzadegan Gilan</author><author pid="30/5718">Bistra Dilkina</author></authors><title>Sustainable Building Design - A Challenge at the Intersection of Machine Learning and Design Optimization.</title><venue>AAAI Workshop - Computational Sustainability</venue><year>2015</year><type>Conference and Workshop Papers</type><key>conf/aaai/GilanD15</key><ee>http://aaai.org/ocs/index.php/WS/AAAIW15/paper/view/10203</ee><url>https://dblp.org/rec/conf/aaai/GilanD15</url></info>
<url>URL#2066884</url>
</hit>
<hit score="1" id="2066888">
<info><authors><author pid="g/AshokKGoel">Ashok K. Goel 0001</author></authors><title>Biologically Inspired Design - A New Paradigm for AI Research on Computational Sustainability?</title><venue>AAAI Workshop - Computational Sustainability</venue><year>2015</year><type>Conference and Workshop Papers</type><key>conf/aaai/Goel15</key><ee>http://aaai.org/ocs/index.php/WS/AAAIW15/paper/view/10205</ee><url>https://dblp.org/rec/conf/aaai/Goel15</url></info>
<url>URL#2066888</url>
</hit>
<hit score="1" id="2066927">
<info><authors><author pid="133/2547">Justin Heinermann</author><author pid="34/4776">Oliver Kramer</author></authors><title>On Heterogeneous Machine Learning Ensembles for Wind Power Prediction.</title><venue>AAAI Workshop - Computational Sustainability</venue><year>2015</year><type>Conference and Workshop Papers</type><key>conf/aaai/HeinermannK15</key><ee>http://aaai.org/ocs/index.php/WS/AAAIW15/paper/view/10081</ee><url>https://dblp.org/rec/conf/aaai/HeinermannK15</url></info>
<url>URL#2066927</url>
</hit>
<hit score="1" id="2066957">
<info><authors><author pid="132/1626">Nahid Jafari</author><author pid="183/7467">Clinton T. Moore</author><author pid="69/9594">Jeffrey Hepinstall-Cymerman</author></authors><title>A Solution Alternative to Achieve Parcel Connectivity in the Dynamic Reserve Design Problem.</title><venue>AAAI Workshop - Computational Sustainability</venue><year>2015</year><type>Conference and Workshop Papers</type><key>conf/aaai/JafariMH15</key><ee>http://aaai.org/ocs/index.php/WS/AAAIW15/paper/view/10165</ee><url>https://dblp.org/rec/conf/aaai/JafariMH15</url></info>
<url>URL#2066957</url>
</hit>
<hit score="1" id="2066958">
<info><authors><author pid="16/4941">Nitin Jain</author><author pid="30/5718">Bistra Dilkina</author></authors><title>Coarse Models for Bird Migrations Using Clustering and Non-Stationary Markov Chains.</title><venue>AAAI Workshop - Computational Sustainability</venue><year>2015</year><type>Conference and Workshop Papers</type><key>conf/aaai/JainD15</key><ee>http://aaai.org/ocs/index.php/WS/AAAIW15/paper/view/10209</ee><url>https://dblp.org/rec/conf/aaai/JainD15</url></info>
<url>URL#2066958</url>
</hit>
<hit score="1" id="2066967">
<info><authors><author pid="07/5688">Xiaoyue Jiang</author><author pid="54/3164">Ramgopal Mettu</author><author pid="v/KristenBrentVenable">Kristen Brent Venable</author><author pid="86/1689">Geoffrey G. Parker 0001</author></authors><title>Flexibility Meets Variability - A Multiagent Constraint Based Approach for Incorporating Renewables into the Power Grid.</title><venue>AAAI Workshop - Computational Sustainability</venue><year>2015</year><type>Conference and Workshop Papers</type><key>conf/aaai/JiangMVP15</key><ee>http://aaai.org/ocs/index.php/WS/AAAIW15/paper/view/10065</ee><url>https://dblp.org/rec/conf/aaai/JiangMVP15</url></info>
<url>URL#2066967</url>
</hit>
<hit score="1" id="2066977">
<info><authors><author pid="24/4432">Debarun Kar</author><author pid="57/2878">Fei Fang</author><author pid="84/8399">Francesco Maria Delle Fave</author><author pid="165/7226">Nicole D. Sintov</author><author pid="67/2667">Milind Tambe</author><author pid="95/7116">Arlette van Wissen</author></authors><title>Effectiveness of Probability Perception Modeling and Defender Strategy Generation Algorithms in Repeated Stackelberg Games - An Initial Report.</title><venue>AAAI Workshop - Computational Sustainability</venue><year>2015</year><type>Conference and Workshop Papers</type><key>conf/aaai/KarFFSTW15</key><ee>http://aaai.org/ocs/index.php/WS/AAAIW15/paper/view/10145</ee><url>https://dblp.org/rec/conf/aaai/KarFFSTW15</url></info>
<url>URL#2066977</url>
</hit>
<hit score="1" id="2067052">
<info><authors><author pid="44/9804">Sicong Liu</author><author pid="186/6693">Yash Garg</author><author pid="c/KSelcukCandan">K. Selçuk Candan</author><author pid="s/MariaLuisaSapino">Maria Luisa Sapino</author><author pid="186/6653">Gerardo Chowell-Puente</author></authors><title>NOTES2 - Networks-of-Traces for Epidemic Spread Simulations.</title><venue>AAAI Workshop - Computational Sustainability</venue><year>2015</year><type>Conference and Workshop Papers</type><key>conf/aaai/LiuGCSC15</key><ee>http://aaai.org/ocs/index.php/WS/AAAIW15/paper/view/10170</ee><url>https://dblp.org/rec/conf/aaai/LiuGCSC15</url></info>
<url>URL#2067052</url>
</hit>
<hit score="1" id="2067086">
<info><authors><author pid="01/5047">Obaid Malik</author><author pid="38/5445">Siddhartha Ghosh</author><author pid="37/4849">Alex Rogers</author></authors><title>A Noise Scaled Semi Parametric Gaussian Process Model for Real Time Water Network Leak Detection in the Presence of Heteroscedasticity.</title><venue>AAAI Workshop - Computational Sustainability</venue><year>2015</year><type>Conference and Workshop Papers</type><key>conf/aaai/MalikGR15</key><ee>http://aaai.org/ocs/index.php/WS/AAAIW15/paper/view/10180</ee><url>https://dblp.org/rec/conf/aaai/MalikGR15</url></info>
<url>URL#2067086</url>
</hit>
<hit score="1" id="2067090">
<info><authors><author pid="35/1126">Leandro Soriano Marcolino</author><author pid="151/0124">David Jason Gerber</author><author pid="182/9917">Boian Kolev</author><author pid="182/9949">Samori Price</author><author pid="165/4982">Evangelos Pantazis</author><author pid="32/5495">Ye Tian</author><author pid="67/2667">Milind Tambe</author></authors><title>Agents Vote for the Environment - Designing Energy-Efficient Architecture.</title><venue>AAAI Workshop - Computational Sustainability</venue><year>2015</year><type>Conference and Workshop Papers</type><key>conf/aaai/MarcolinoGKPPTT15</key><ee>http://aaai.org/ocs/index.php/WS/AAAIW15/paper/view/10154</ee><url>https://dblp.org/rec/conf/aaai/MarcolinoGKPPTT15</url></info>
<url>URL#2067090</url>
</hit>
<hit score="1" id="2067113">
<info><authors><author pid="51/8771">Travis Moore</author><author pid="19/1015">Weng-Keen Wong</author></authors><title>Discovering Hotspots and Coldspots of Species Richness in eBird Data.</title><venue>AAAI Workshop - Computational Sustainability</venue><year>2015</year><type>Conference and Workshop Papers</type><key>conf/aaai/MooreW15</key><ee>http://aaai.org/ocs/index.php/WS/AAAIW15/paper/view/10181</ee><url>https://dblp.org/rec/conf/aaai/MooreW15</url></info>
<url>URL#2067113</url>
</hit>
<hit score="1" id="2067172">
<info><authors><author pid="26/6163">Emmanuel Prados</author><author pid="186/6600">Patrick Criqui</author><author pid="186/6683">Constantin Ilasca</author></authors><title>A Benchmarking Tool for the International Climate Negotiations.</title><venue>AAAI Workshop - Computational Sustainability</venue><year>2015</year><type>Conference and Workshop Papers</type><key>conf/aaai/PradosCI15</key><ee>http://aaai.org/ocs/index.php/WS/AAAIW15/paper/view/10071</ee><url>https://dblp.org/rec/conf/aaai/PradosCI15</url></info>
<url>URL#2067172</url>
</hit>
<hit score="1" id="2067242">
<info><authors><author pid="186/6696">Raúl Sierra-Alcocer</author><author pid="186/6550">Enrique-Daniel Zenteno-Jimenez</author><author pid="186/6514">Juan M. Barrios</author></authors><title>Automatic Land Use and Land Cover Classification Using RapidEye Imagery in Mexico.</title><venue>AAAI Workshop - Computational Sustainability</venue><year>2015</year><type>Conference and Workshop Papers</type><key>conf/aaai/Sierra-AlcocerZ15</key><ee>http://aaai.org/ocs/index.php/WS/AAAIW15/paper/view/10099</ee><url>https://dblp.org/rec/conf/aaai/Sierra-AlcocerZ15</url></info>
<url>URL#2067242</url>
</hit>
<hit score="1" id="2067249">
<info><authors><author pid="186/6727">Divya Singhvi</author><author pid="186/6804">Somya Singhvi</author><author pid="33/1711">Peter I. Frazier</author><author pid="14/5682">Shane G. Henderson</author><author pid="18/1139">Eoin O&apos;Mahony</author><author pid="s/DavidBShmoys">David B. Shmoys</author><author pid="77/8290">Dawn B. Woodard</author></authors><title>Predicting Bike Usage for New York City&apos;s Bike Sharing System.</title><venue>AAAI Workshop - Computational Sustainability</venue><year>2015</year><type>Conference and Workshop Papers</type><key>conf/aaai/SinghviSFHOSW15</key><ee>http://aaai.org/ocs/index.php/WS/AAAIW15/paper/view/10115</ee><url>https://dblp.org/rec/conf/aaai/SinghviSFHOSW15</url></info>
<url>URL#2067249</url>
</hit>
<hit score="1" id="2067338">
<info><authors><author pid="126/2542">Tri Kurniawan Wijaya</author><author pid="34/8928">Mathieu Sinn</author><author pid="11/8555">Bei Chen</author></authors><title>Forecasting Uncertainty in Electricity Demand.</title><venue>AAAI Workshop - Computational Sustainability</venue><year>2015</year><type>Conference and Workshop Papers</type><key>conf/aaai/WijayaSC15</key><ee>http://aaai.org/ocs/index.php/WS/AAAIW15/paper/view/10104</ee><url>https://dblp.org/rec/conf/aaai/WijayaSC15</url></info>
<url>URL#2067338</url>
</hit>
<hit score="1" id="2067367">
<info><authors><author pid="117/4903">Yexiang Xue</author><author pid="47/8135">Stefano Ermon</author><author pid="g/CarlaPGomes">Carla P. Gomes</author><author pid="s/BartSelman">Bart Selman</author></authors><title>Uncovering Hidden Structure through Parallel Problem Decomposition for the Set Basis Problem.</title><venue>AAAI Workshop - Computational Sustainability</venue><year>2015</year><type>Conference and Workshop Papers</type><key>conf/aaai/XueEGS15</key><ee>http://aaai.org/ocs/index.php/WS/AAAIW15/paper/view/10080</ee><url>https://dblp.org/rec/conf/aaai/XueEGS15</url></info>
<url>URL#2067367</url>
</hit>
<hit score="1" id="2223354">
<info><authors><author pid="30/5718">Bistra Dilkina</author><author pid="47/8135">Stefano Ermon</author><author pid="82/9023">Rebecca A. Hutchinson</author><author pid="58/766">Daniel Sheldon</author></authors><title>Computational Sustainability, Papers from the 2015 AAAI Workshop, Austin, Texas, USA, January 26, 2015.</title><venue>AAAI Workshop - Computational Sustainability</venue><venue>AAAI Workshops</venue><volume>WS-15-06</volume><publisher>AAAI Press</publisher><year>2015</year><type>Editorship</type><key>conf/aaai/2015sustainability</key><ee>http://www.aaai.org/Library/Workshops/ws15-06.php</ee><url>https://dblp.org/rec/conf/aaai/2015sustainability</url></info>
<url>URL#2223354</url>
</hit>
</hits>
</result>
