<?xml version="1.0" encoding="UTF-8"?>
<result>
<query id="306653">:facetid:toc:db\"/\"conf\"/\"aaai\"/\"games2015\".\"bht</query>
<status code="200">OK</status>
<time unit="msecs">108.98</time>
<completions total="1" computed="1" sent="1">
<c sc="11" dc="11" oc="11" id="18217997">:facetid:toc:db/conf/aaai/games2015.bht</c>
</completions>
<hits total="11" computed="11" sent="11" first="0">
<hit score="1" id="2066721">
<info><authors><author pid="189/7763">Miroslav Bogdanovic</author><author pid="189/7761">Dejan Markovikj</author><author pid="48/8092">Misha Denil</author><author pid="42/631">Nando de Freitas</author></authors><title>Deep Apprenticeship Learning for Playing Video Games.</title><venue>AAAI Workshop - Learning for General Competency in Video Games</venue><year>2015</year><type>Conference and Workshop Papers</type><key>conf/aaai/BogdanovicMDF15</key><ee>http://aaai.org/ocs/index.php/WS/AAAIW15/paper/view/10159</ee><url>https://dblp.org/rec/conf/aaai/BogdanovicMDF15</url></info>
<url>URL#2066721</url>
</hit>
<hit score="1" id="2066733">
<info><authors><author pid="173/5050">Alexander Braylan</author><author pid="67/11217">Mark Hollenbeck</author><author pid="149/2699">Elliot Meyerson</author><author pid="m/RistoMiikkulainen">Risto Miikkulainen</author></authors><title>Frame Skip Is a Powerful Parameter for Learning to Play Atari.</title><venue>AAAI Workshop - Learning for General Competency in Video Games</venue><year>2015</year><type>Conference and Workshop Papers</type><key>conf/aaai/BraylanHMM15</key><ee>http://aaai.org/ocs/index.php/WS/AAAIW15/paper/view/10156</ee><url>https://dblp.org/rec/conf/aaai/BraylanHMM15</url></info>
<url>URL#2066733</url>
</hit>
<hit score="1" id="2066795">
<info><authors><author pid="160/4309">Gabriel Victor de la Cruz</author><author pid="81/1201">Bei Peng</author><author pid="04/10300">Walter Stephen Lasecki</author><author pid="46/4287">Matthew Edmund Taylor</author></authors><title>Generating Real-Time Crowd Advice to Improve Reinforcement Learning Agents.</title><venue>AAAI Workshop - Learning for General Competency in Video Games</venue><year>2015</year><type>Conference and Workshop Papers</type><key>conf/aaai/CruzPLT15</key><ee>http://aaai.org/ocs/index.php/WS/AAAIW15/paper/view/9947</ee><url>https://dblp.org/rec/conf/aaai/CruzPLT15</url></info>
<url>URL#2066795</url>
</hit>
<hit score="1" id="2066923">
<info><authors><author pid="26/7488">Matthew J. Hausknecht</author><author pid="s/PeterStone">Peter Stone</author></authors><title>The Impact of Determinism on Learning Atari 2600 Games.</title><venue>AAAI Workshop - Learning for General Competency in Video Games</venue><year>2015</year><type>Conference and Workshop Papers</type><key>conf/aaai/HausknechtS15</key><ee>http://aaai.org/ocs/index.php/WS/AAAIW15/paper/view/9564</ee><url>https://dblp.org/rec/conf/aaai/HausknechtS15</url></info>
<url>URL#2066923</url>
</hit>
<hit score="1" id="2067047">
<info><authors><author pid="57/7560">Nir Lipovetzky</author><author pid="36/6034">Miquel Ramírez</author><author pid="g/HectorGeffner">Hector Geffner</author></authors><title>Classical Planning Algorithms on the Atari Video Games.</title><venue>AAAI Workshop - Learning for General Competency in Video Games</venue><year>2015</year><type>Conference and Workshop Papers</type><key>conf/aaai/LipovetzkyRG15</key><ee>http://aaai.org/ocs/index.php/WS/AAAIW15/paper/view/10142</ee><url>https://dblp.org/rec/conf/aaai/LipovetzkyRG15</url></info>
<url>URL#2067047</url>
</hit>
<hit score="1" id="2067082">
<info><authors><author pid="21/10949">Marlos C. Machado</author><author pid="74/3399-5">Sriram Srinivasan 0005</author><author pid="71/5161">Michael H. Bowling</author></authors><title>Domain-Independent Optimistic Initialization for Reinforcement Learning.</title><venue>AAAI Workshop - Learning for General Competency in Video Games</venue><year>2015</year><type>Conference and Workshop Papers</type><key>conf/aaai/MachadoSB15</key><ee>http://aaai.org/ocs/index.php/WS/AAAIW15/paper/view/10103</ee><url>https://dblp.org/rec/conf/aaai/MachadoSB15</url></info>
<url>URL#2067082</url>
</hit>
<hit score="1" id="2067088">
<info><authors><author pid="217/3322">Timothy A. Mann</author><author pid="164/6227">Daniel J. Mankowitz</author><author pid="20/1669">Shie Mannor</author></authors><title>Learning When to Switch between Skills in a High Dimensional Domain.</title><venue>AAAI Workshop - Learning for General Competency in Video Games</venue><year>2015</year><type>Conference and Workshop Papers</type><key>conf/aaai/MannMM15</key><ee>http://aaai.org/ocs/index.php/WS/AAAIW15/paper/view/10089</ee><url>https://dblp.org/rec/conf/aaai/MannMM15</url></info>
<url>URL#2067088</url>
</hit>
<hit score="1" id="2067130">
<info><authors><author pid="161/0079">Vaishnavh Nagarajan</author><author pid="35/1126">Leandro Soriano Marcolino</author><author pid="67/2667">Milind Tambe</author></authors><title>Every Team Makes Mistakes - An Initial Report on Predicting Failure in Teamwork.</title><venue>AAAI Workshop - Learning for General Competency in Video Games</venue><year>2015</year><type>Conference and Workshop Papers</type><key>conf/aaai/NagarajanMT15a</key><ee>http://aaai.org/ocs/index.php/WS/AAAIW15/paper/view/10127</ee><url>https://dblp.org/rec/conf/aaai/NagarajanMT15a</url></info>
<url>URL#2067130</url>
</hit>
<hit score="1" id="2067166">
<info><authors><author pid="124/8971">Bernardo Ávila Pires</author><author pid="62/567">Csaba Szepesvári</author></authors><title>Pathological Effects of Variance on Classification-Based Policy Iteration.</title><venue>AAAI Workshop - Learning for General Competency in Video Games</venue><year>2015</year><type>Conference and Workshop Papers</type><key>conf/aaai/PiresS15</key><ee>http://aaai.org/ocs/index.php/WS/AAAIW15/paper/view/10098</ee><url>https://dblp.org/rec/conf/aaai/PiresS15</url></info>
<url>URL#2067166</url>
</hit>
<hit score="1" id="2067273">
<info><authors><author pid="44/4677">Erik Talvitie</author><author pid="71/5161">Michael H. Bowling</author></authors><title>Pairwise Relative Offset Features for Atari 2600 Games.</title><venue>AAAI Workshop - Learning for General Competency in Video Games</venue><year>2015</year><type>Conference and Workshop Papers</type><key>conf/aaai/TalvitieB15</key><ee>http://aaai.org/ocs/index.php/WS/AAAIW15/paper/view/10148</ee><url>https://dblp.org/rec/conf/aaai/TalvitieB15</url></info>
<url>URL#2067273</url>
</hit>
<hit score="1" id="2223350">
<info><authors><author pid="71/5161">Michael Bowling</author><author pid="38/4525">Marc G. Bellemare</author><author pid="44/4677">Erik Talvitie</author><author pid="33/7411">Joel Veness</author><author pid="21/10949">Marlos C. Machado</author></authors><title>Learning for General Competency in Video Games, Papers from the 2015 AAAI Workshop, Austin, Texas, USA, January 26, 2015.</title><venue>AAAI Workshop - Learning for General Competency in Video Games</venue><venue>AAAI Workshops</venue><volume>WS-15-10</volume><publisher>AAAI Press</publisher><year>2015</year><type>Editorship</type><key>conf/aaai/2015games</key><ee>http://www.aaai.org/Library/Workshops/ws15-10.php</ee><url>https://dblp.org/rec/conf/aaai/2015games</url></info>
<url>URL#2223350</url>
</hit>
</hits>
</result>
