<?xml version="1.0" encoding="UTF-8"?>
<result>
<query id="306234">:facetid:toc:db\"/\"conf\"/\"aaai\"/\"transportation2015\".\"bht</query>
<status code="200">OK</status>
<time unit="msecs">107.22</time>
<completions total="1" computed="1" sent="1">
<c sc="10" dc="10" oc="10" id="18218034">:facetid:toc:db/conf/aaai/transportation2015.bht</c>
</completions>
<hits total="10" computed="10" sent="10" first="0">
<hit score="1" id="2066682">
<info><authors><author pid="67/2967">Haris Aziz 0001</author><author pid="150/6140">Casey Cahan</author><author pid="34/5980">Charles Gretton</author><author pid="66/5607">Philip Kilby</author><author pid="54/7115">Nicholas Scott Mattei</author><author pid="86/2576">Toby Walsh</author></authors><title>A Study of Proxies for Shapley Allocations of Transport Costs.</title><venue>AAAI Workshop - AI for Transportation</venue><year>2015</year><type>Conference and Workshop Papers</type><key>conf/aaai/AzizCGKMW15</key><ee>http://aaai.org/ocs/index.php/WS/AAAIW15/paper/view/10112</ee><url>https://dblp.org/rec/conf/aaai/AzizCGKMW15</url></info>
<url>URL#2066682</url>
</hit>
<hit score="1" id="2066722">
<info><authors><author pid="117/9213">Emmanuel Boidot</author><author pid="124/2185">Aude Marzuoli</author><author pid="76/3866">Eric Feron</author></authors><title>Optimal Planning Strategy for Ambush Avoidance.</title><venue>AAAI Workshop - AI for Transportation</venue><year>2015</year><type>Conference and Workshop Papers</type><key>conf/aaai/BoidotMF15</key><ee>http://aaai.org/ocs/index.php/WS/AAAIW15/paper/view/10194</ee><url>https://dblp.org/rec/conf/aaai/BoidotMF15</url></info>
<url>URL#2066722</url>
</hit>
<hit score="1" id="2066838">
<info><authors><author pid="153/8001">Yuichi Enoki</author><author pid="90/11077">Ryo Kanamori</author><author pid="24/1535">Takayuki Ito</author></authors><title>Pricing Procedure in Accordance with Characteristic of Parking Utilization - Analysis Example of Massive Parking Accounting Data.</title><venue>AAAI Workshop - AI for Transportation</venue><year>2015</year><type>Conference and Workshop Papers</type><key>conf/aaai/EnokiKI15</key><ee>http://aaai.org/ocs/index.php/WS/AAAIW15/paper/view/10062</ee><url>https://dblp.org/rec/conf/aaai/EnokiKI15</url></info>
<url>URL#2066838</url>
</hit>
<hit score="1" id="2066956">
<info><authors><author pid="186/6076">Isaac K. Isukapati</author><author pid="s/StephenFSmith">Stephen F. Smith</author></authors><title>Viewing Traffic Signal Control as a Market-Driven Economy.</title><venue>AAAI Workshop - AI for Transportation</venue><year>2015</year><type>Conference and Workshop Papers</type><key>conf/aaai/IsukapatiS15</key><ee>http://aaai.org/ocs/index.php/WS/AAAIW15/paper/view/10210</ee><url>https://dblp.org/rec/conf/aaai/IsukapatiS15</url></info>
<url>URL#2066956</url>
</hit>
<hit score="1" id="2067117">
<info><authors><author pid="32/2472-1">Robert Morris 0004</author><author pid="186/6318">Mai Lee Chang</author><author pid="186/6119">Ronald Archer</author><author pid="89/2471">Ernest Vincent Cross II</author><author pid="186/6427">Shelby Thompson</author><author pid="94/9255">Jerry L. Franke</author><author pid="29/11050">Robert Christopher Garrett</author><author pid="21/2298">Waqar Malik</author><author pid="164/5035">Kerry McGuire</author><author pid="38/8366">Garrett Hemann</author></authors><title>Self-Driving Aircraft Towing Vehicles - A Preliminary Report.</title><venue>AAAI Workshop - AI for Transportation</venue><year>2015</year><type>Conference and Workshop Papers</type><key>conf/aaai/MorrisCACTFGMMH15</key><ee>http://aaai.org/ocs/index.php/WS/AAAIW15/paper/view/10075</ee><url>https://dblp.org/rec/conf/aaai/MorrisCACTFGMMH15</url></info>
<url>URL#2067117</url>
</hit>
<hit score="1" id="2067118">
<info><authors><author pid="32/2472-1">Robert A. Morris 0001</author><author pid="v/KristenBrentVenable">Kristen Brent Venable</author><author pid="178/2825">Matthew Johnson</author></authors><title>Optimizing Rotorcraft Approach Trajectories with Acoustic and Land Use Models.</title><venue>AAAI Workshop - AI for Transportation</venue><year>2015</year><type>Conference and Workshop Papers</type><key>conf/aaai/MorrisVJ15</key><ee>http://aaai.org/ocs/index.php/WS/AAAIW15/paper/view/10064</ee><url>https://dblp.org/rec/conf/aaai/MorrisVJ15</url></info>
<url>URL#2067118</url>
</hit>
<hit score="1" id="2067198">
<info><authors><author pid="161/0073">Ariel Rosenfeld</author><author pid="18/9923">Amos Azaria</author><author pid="k/SaritKraus">Sarit Kraus</author><author pid="65/537">Claudia V. Goldman</author><author pid="82/112">Omer Tsimhoni</author></authors><title>Adaptive Advice in Automobile Climate Control Systems.</title><venue>AAAI Workshop - AI for Transportation</venue><year>2015</year><type>Conference and Workshop Papers</type><key>conf/aaai/RosenfeldAKGT15</key><ee>http://aaai.org/ocs/index.php/WS/AAAIW15/paper/view/9832</ee><url>https://dblp.org/rec/conf/aaai/RosenfeldAKGT15</url></info>
<url>URL#2067198</url>
</hit>
<hit score="1" id="2067284">
<info><authors><author pid="186/6385">Tim Tiedemann</author><author pid="122/2128">Thomas Voegele</author><author pid="142/4016">Mario Michael Krell</author><author pid="93/1712">Jan Hendrik Metzen</author><author pid="39/5038">Frank Kirchner</author></authors><title>Concept of a Data Thread Based Parking Space Occupancy Prediction in a Berlin Pilot Region.</title><venue>AAAI Workshop - AI for Transportation</venue><year>2015</year><type>Conference and Workshop Papers</type><key>conf/aaai/TiedemannVKMK15</key><ee>http://aaai.org/ocs/index.php/WS/AAAIW15/paper/view/10130</ee><url>https://dblp.org/rec/conf/aaai/TiedemannVKMK15</url></info>
<url>URL#2067284</url>
</hit>
<hit score="1" id="2067390">
<info><authors><author pid="36/4716">Xiaodong Yue</author><author pid="14/2589">Longbing Cao</author><author pid="79/4489">Yufei Chen</author><author pid="69/7024">Bin Xu</author></authors><title>Multi-View Actionable Patterns for Managing Traffic Bottleneck.</title><venue>AAAI Workshop - AI for Transportation</venue><year>2015</year><type>Conference and Workshop Papers</type><key>conf/aaai/YueCCX15</key><ee>http://aaai.org/ocs/index.php/WS/AAAIW15/paper/view/10097</ee><url>https://dblp.org/rec/conf/aaai/YueCCX15</url></info>
<url>URL#2067390</url>
</hit>
<hit score="1" id="2223355">
<info><authors><author pid="73/3430">Adi Botea</author><author pid="31/6596">Sebastiaan A. Meijer</author></authors><title>Artificial Intelligence for Transportation - Advice, Interactivity, and Actor Modeling, Papers from the 2015 AAAI Workshop, Austin, Texas, USA, January 26, 2015.</title><venue>AAAI Workshop - AI for Transportation</venue><venue>AAAI Workshops</venue><volume>WS-15-05</volume><publisher>AAAI Press</publisher><year>2015</year><type>Editorship</type><key>conf/aaai/2015transportation</key><ee>http://www.aaai.org/Library/Workshops/ws15-05.php</ee><url>https://dblp.org/rec/conf/aaai/2015transportation</url></info>
<url>URL#2223355</url>
</hit>
</hits>
</result>
