<?xml version="1.0" encoding="UTF-8"?>
<result>
<query id="307283">:facetid:toc:db\"/\"conf\"/\"aaai\"/\"ethics2016\".\"bht</query>
<status code="200">OK</status>
<time unit="msecs">113.19</time>
<completions total="1" computed="1" sent="1">
<c sc="12" dc="12" oc="12" id="18217994">:facetid:toc:db/conf/aaai/ethics2016.bht</c>
</completions>
<hits total="12" computed="12" sent="12" first="0">
<hit score="1" id="1765252">
<info><authors><author pid="162/9926">David Abel</author><author pid="81/6582">James MacGlashan</author><author pid="l/MLLittman">Michael L. Littman</author></authors><title>Reinforcement Learning as a Framework for Ethical Decision Making.</title><venue>AAAI Workshop - AI, Ethics, and Society</venue><year>2016</year><type>Conference and Workshop Papers</type><key>conf/aaai/AbelML16</key><ee>http://www.aaai.org/ocs/index.php/WS/AAAIW16/paper/view/12582</ee><url>https://dblp.org/rec/conf/aaai/AbelML16</url></info>
<url>URL#1765252</url>
</hit>
<hit score="1" id="1765307">
<info><authors><author pid="181/9458">Tsvi Benson-Tilsen</author><author pid="149/0167">Nate Soares</author></authors><title>Formalizing Convergent Instrumental Goals.</title><venue>AAAI Workshop - AI, Ethics, and Society</venue><year>2016</year><type>Conference and Workshop Papers</type><key>conf/aaai/Benson-TilsenS16</key><ee>http://www.aaai.org/ocs/index.php/WS/AAAIW16/paper/view/12634</ee><url>https://dblp.org/rec/conf/aaai/Benson-TilsenS16</url></info>
<url>URL#1765307</url>
</hit>
<hit score="1" id="1765335">
<info><authors><author pid="148/7321">Miles Brundage</author></authors><title>Modeling Progress in AI.</title><venue>AAAI Workshop - AI, Ethics, and Society</venue><year>2016</year><type>Conference and Workshop Papers</type><key>conf/aaai/Brundage16</key><ee>http://www.aaai.org/ocs/index.php/WS/AAAIW16/paper/view/12662</ee><url>https://dblp.org/rec/conf/aaai/Brundage16</url></info>
<url>URL#1765335</url>
</hit>
<hit score="1" id="1765339">
<info><authors><author pid="184/2446">Emanuelle Burton</author><author pid="g/JudyGoldsmith">Judy Goldsmith</author><author pid="54/7115">Nicholas Mattei</author></authors><title>Using &quot;The Machine Stops&quot; for Teaching Ethics in Artificial Intelligence and Computer Science.</title><venue>AAAI Workshop - AI, Ethics, and Society</venue><year>2016</year><type>Conference and Workshop Papers</type><key>conf/aaai/BurtonGM16</key><ee>http://www.aaai.org/ocs/index.php/WS/AAAIW16/paper/view/12623</ee><url>https://dblp.org/rec/conf/aaai/BurtonGM16</url></info>
<url>URL#1765339</url>
</hit>
<hit score="1" id="1765530">
<info><authors><author pid="31/1380">Aaron Isaksen</author><author pid="47/767">Julian Togelius</author><author pid="184/2404">Frank Lantz</author><author pid="32/6571">Andy Nealen</author></authors><title>Playing Games Across the Superintelligence Divide.</title><venue>AAAI Workshop - AI, Ethics, and Society</venue><year>2016</year><type>Conference and Workshop Papers</type><key>conf/aaai/IsaksenTLN16</key><ee>http://www.aaai.org/ocs/index.php/WS/AAAIW16/paper/view/12645</ee><url>https://dblp.org/rec/conf/aaai/IsaksenTLN16</url></info>
<url>URL#1765530</url>
</hit>
<hit score="1" id="1765587">
<info><authors><author pid="k/BenjaminKuipers">Benjamin Kuipers</author></authors><title>Human-Like Morality and Ethics for Robots.</title><venue>AAAI Workshop - AI, Ethics, and Society</venue><year>2016</year><type>Conference and Workshop Papers</type><key>conf/aaai/Kuipers16</key><ee>http://www.aaai.org/ocs/index.php/WS/AAAIW16/paper/view/12581</ee><url>https://dblp.org/rec/conf/aaai/Kuipers16</url></info>
<url>URL#1765587</url>
</hit>
<hit score="1" id="1765788">
<info><authors><author pid="r/MarkORiedl">Mark O. Riedl</author><author pid="180/1384">Brent Harrison</author></authors><title>Using Stories to Teach Human Values to Artificial Agents.</title><venue>AAAI Workshop - AI, Ethics, and Society</venue><year>2016</year><type>Conference and Workshop Papers</type><key>conf/aaai/RiedlH16</key><ee>http://www.aaai.org/ocs/index.php/WS/AAAIW16/paper/view/12624</ee><url>https://dblp.org/rec/conf/aaai/RiedlH16</url></info>
<url>URL#1765788</url>
</hit>
<hit score="1" id="1765841">
<info><authors><author pid="148/7213">Kaj Sotala</author></authors><title>Defining Human Values for Value Learners.</title><venue>AAAI Workshop - AI, Ethics, and Society</venue><year>2016</year><type>Conference and Workshop Papers</type><key>conf/aaai/Sotala16</key><ee>http://www.aaai.org/ocs/index.php/WS/AAAIW16/paper/view/12633</ee><url>https://dblp.org/rec/conf/aaai/Sotala16</url></info>
<url>URL#1765841</url>
</hit>
<hit score="1" id="1765867">
<info><authors><author pid="168/1716">Jessica Taylor</author></authors><title>Quantilizers - A Safer Alternative to Maximizers for Limited Optimization.</title><venue>AAAI Workshop - AI, Ethics, and Society</venue><year>2016</year><type>Conference and Workshop Papers</type><key>conf/aaai/Taylor16</key><ee>http://www.aaai.org/ocs/index.php/WS/AAAIW16/paper/view/12613</ee><url>https://dblp.org/rec/conf/aaai/Taylor16</url></info>
<url>URL#1765867</url>
</hit>
<hit score="1" id="1765946">
<info><authors><author pid="153/6935">Jason R. Wilson</author><author pid="41/3737-1">Thomas Arnold 0001</author><author pid="00/2197">Matthias Scheutz</author></authors><title>Relational Enhancement - A Framework for Evaluating and Designing Human-Robot Relationships.</title><venue>AAAI Workshop - AI, Ethics, and Society</venue><year>2016</year><type>Conference and Workshop Papers</type><key>conf/aaai/WilsonAS16</key><ee>http://www.aaai.org/ocs/index.php/WS/AAAIW16/paper/view/12681</ee><url>https://dblp.org/rec/conf/aaai/WilsonAS16</url></info>
<url>URL#1765946</url>
</hit>
<hit score="1" id="1765982">
<info><authors><author pid="25/1965">Roman V. Yampolskiy</author></authors><title>Taxonomy of Pathways to Dangerous Artificial Intelligence.</title><venue>AAAI Workshop - AI, Ethics, and Society</venue><year>2016</year><type>Conference and Workshop Papers</type><key>conf/aaai/Yampolskiy16</key><ee>http://www.aaai.org/ocs/index.php/WS/AAAIW16/paper/view/12566</ee><url>https://dblp.org/rec/conf/aaai/Yampolskiy16</url></info>
<url>URL#1765982</url>
</hit>
<hit score="1" id="1921926">
<info><authors><author pid="b/BBonet">Blai Bonet</author><author pid="k/SvenKoenig">Sven Koenig</author><author pid="k/BenjaminKuipers">Benjamin Kuipers</author><author pid="34/2510">Illah R. Nourbakhsh</author><author pid="r/SJRussell">Stuart J. Russell</author><author pid="v/MosheYVardi">Moshe Y. Vardi</author><author pid="86/2576">Toby Walsh</author></authors><title>AI, Ethics, and Society, Papers from the 2016 AAAI Workshop, Phoenix, Arizona, USA, February 13, 2016.</title><venue>AAAI Workshop - AI, Ethics, and Society</venue><venue>AAAI Workshops</venue><volume>WS-16-02</volume><publisher>AAAI Press</publisher><year>2016</year><type>Editorship</type><key>conf/aaai/2016ethics</key><ee>http://www.aaai.org/Library/Workshops/ws16-02.php</ee><url>https://dblp.org/rec/conf/aaai/2016ethics</url></info>
<url>URL#1921926</url>
</hit>
</hits>
</result>
