<?xml version="1.0" encoding="UTF-8"?>
<result>
<query id="307978">:facetid:toc:db\"/\"conf\"/\"aaai\"/\"text2016\".\"bht</query>
<status code="200">OK</status>
<time unit="msecs">115.20</time>
<completions total="1" computed="1" sent="1">
<c sc="9" dc="9" oc="9" id="18218032">:facetid:toc:db/conf/aaai/text2016.bht</c>
</completions>
<hits total="9" computed="9" sent="9" first="0">
<hit score="1" id="1765321">
<info><authors><author pid="184/4631">Rogerio Bonatti</author><author pid="184/4634">Arthur G. de Paula</author><author pid="184/4632">Victor S. Lamarca</author><author pid="g/FabioGagliardiCozman">Fábio Gagliardi Cozman</author></authors><title>Effect of Part-of-Speech and Lemmatization Filtering in Email Classification for Automatic Reply.</title><venue>AAAI Workshop - Knowledge Extraction from Text</venue><year>2016</year><type>Conference and Workshop Papers</type><key>conf/aaai/BonattiPLC16</key><ee>http://www.aaai.org/ocs/index.php/WS/AAAIW16/paper/view/12678</ee><url>https://dblp.org/rec/conf/aaai/BonattiPLC16</url></info>
<url>URL#1765321</url>
</hit>
<hit score="1" id="1765373">
<info><authors><author pid="67/6860">Yu-Ju Chen</author><author pid="55/866">Jane Yung-jen Hsu</author></authors><title>Chinese Relation Extraction by Multiple Instance Learning.</title><venue>AAAI Workshop - Knowledge Extraction from Text</venue><year>2016</year><type>Conference and Workshop Papers</type><key>conf/aaai/ChenH16</key><ee>http://www.aaai.org/ocs/index.php/WS/AAAIW16/paper/view/12604</ee><url>https://dblp.org/rec/conf/aaai/ChenH16</url></info>
<url>URL#1765373</url>
</hit>
<hit score="1" id="1765401">
<info><authors><author pid="72/36">Tirthankar Dasgupta</author><author pid="09/3737">Lipika Dey</author></authors><title>Automatic Scoring for Innovativeness of Textual Ideas.</title><venue>AAAI Workshop - Knowledge Extraction from Text</venue><year>2016</year><type>Conference and Workshop Papers</type><key>conf/aaai/DasguptaD16</key><ee>http://www.aaai.org/ocs/index.php/WS/AAAIW16/paper/view/12663</ee><url>https://dblp.org/rec/conf/aaai/DasguptaD16</url></info>
<url>URL#1765401</url>
</hit>
<hit score="1" id="1765552">
<info><authors><author pid="83/9769">Aditya Joshi</author><author pid="137/1453">Vaibhav Tripathi</author><author pid="184/4633">Ravindra Soni</author><author pid="p/PushpakBhattacharyya">Pushpak Bhattacharyya</author><author pid="38/3874">Mark James Carman</author></authors><title>EmoGram - An Open-Source Time Sequence-Based Emotion Tracker and Its Innovative Applications.</title><venue>AAAI Workshop - Knowledge Extraction from Text</venue><year>2016</year><type>Conference and Workshop Papers</type><key>conf/aaai/JoshiTSBC16</key><ee>http://www.aaai.org/ocs/index.php/WS/AAAIW16/paper/view/12629</ee><url>https://dblp.org/rec/conf/aaai/JoshiTSBC16</url></info>
<url>URL#1765552</url>
</hit>
<hit score="1" id="1765679">
<info><authors><author pid="184/4629">Leeheng Ma</author><author pid="65/5961">Yi-Ting Tsao</author><author pid="120/3172">Yen-Ling Kuo</author><author pid="55/866">Jane Yung-jen Hsu</author></authors><title>Coupled Semi-Supervised Learning for Chinese Knowledge Extraction.</title><venue>AAAI Workshop - Knowledge Extraction from Text</venue><year>2016</year><type>Conference and Workshop Papers</type><key>conf/aaai/MaTKH16</key><ee>http://www.aaai.org/ocs/index.php/WS/AAAIW16/paper/view/12640</ee><url>https://dblp.org/rec/conf/aaai/MaTKH16</url></info>
<url>URL#1765679</url>
</hit>
<hit score="1" id="1765694">
<info><authors><author pid="42/3943-2">David D. McDonald 0002</author><author pid="57/9924">Scott E. Friedman</author><author pid="182/6298">Amandalynne Paullada</author><author pid="41/4519">Rusty Bobrow</author><author pid="12/737">Mark H. Burstein</author></authors><title>Extending Biology Models with Deep NLP over Scientific Articles.</title><venue>AAAI Workshop - Knowledge Extraction from Text</venue><year>2016</year><type>Conference and Workshop Papers</type><key>conf/aaai/McDonaldFPBB16</key><ee>http://www.aaai.org/ocs/index.php/WS/AAAIW16/paper/view/12615</ee><url>https://dblp.org/rec/conf/aaai/McDonaldFPBB16</url></info>
<url>URL#1765694</url>
</hit>
<hit score="1" id="1765824">
<info><authors><author pid="68/11054-1">Arpit Sharma 0001</author><author pid="b/ChittaBaral">Chitta Baral</author></authors><title>Automatic Extraction of Events-Based Conditional Commonsense Knowledge.</title><venue>AAAI Workshop - Knowledge Extraction from Text</venue><year>2016</year><type>Conference and Workshop Papers</type><key>conf/aaai/SharmaB16</key><ee>http://www.aaai.org/ocs/index.php/WS/AAAIW16/paper/view/12597</ee><url>https://dblp.org/rec/conf/aaai/SharmaB16</url></info>
<url>URL#1765824</url>
</hit>
<hit score="1" id="1765899">
<info><authors><author pid="75/4366">Kiri L. Wagstaff</author><author pid="r/ERiloff">Ellen Riloff</author><author pid="133/1778">Nina L. Lanza</author><author pid="m/ChrisMattmann">Chris A. Mattmann</author><author pid="91/3893">Paul M. Ramirez</author></authors><title>Creating a Mars Target Encyclopedia by Extracting Information from the Planetary Science Literature.</title><venue>AAAI Workshop - Knowledge Extraction from Text</venue><year>2016</year><type>Conference and Workshop Papers</type><key>conf/aaai/WagstaffRLMR16</key><ee>http://www.aaai.org/ocs/index.php/WS/AAAIW16/paper/view/12608</ee><url>https://dblp.org/rec/conf/aaai/WagstaffRLMR16</url></info>
<url>URL#1765899</url>
</hit>
<hit score="1" id="1921935">
<info><authors><author pid="98/5909">Blaz Fortuna</author><author pid="36/6757">Marko Grobelnik</author><author pid="h/EstevamRHruschka">Estevam R. Hruschka Jr.</author><author pid="w/MichaelJWitbrock">Michael J. Witbrock</author></authors><title>Knowledge Extraction from Text, Papers from the 2016 AAAI Workshop, Phoenix, Arizona, USA, February 12, 2016.</title><venue>AAAI Workshop - Knowledge Extraction from Text</venue><venue>AAAI Workshops</venue><volume>WS-16-10</volume><publisher>AAAI Press</publisher><year>2016</year><type>Editorship</type><key>conf/aaai/2016text</key><ee>http://www.aaai.org/Library/Workshops/ws16-10.php</ee><url>https://dblp.org/rec/conf/aaai/2016text</url></info>
<url>URL#1921935</url>
</hit>
</hits>
</result>
