<?xml version="1.0" encoding="UTF-8"?>
<result>
<query id="307662">:facetid:toc:db\"/\"conf\"/\"aaai\"/\"learning2016\".\"bht</query>
<status code="200">OK</status>
<time unit="msecs">105.11</time>
<completions total="1" computed="1" sent="1">
<c sc="6" dc="6" oc="6" id="18218006">:facetid:toc:db/conf/aaai/learning2016.bht</c>
</completions>
<hits total="6" computed="6" sent="6" first="0">
<hit score="1" id="1765478">
<info><authors><author pid="41/3130">Tias Guns</author><author pid="121/4109">Sergey Paramonov 0001</author><author pid="11/7832">Benjamin Négrevergne</author></authors><title>On Declarative Modeling of Structured Pattern Mining.</title><venue>AAAI Workshop - Declarative Learning Based Programming</venue><year>2016</year><type>Conference and Workshop Papers</type><key>conf/aaai/GunsPN16</key><ee>http://www.aaai.org/ocs/index.php/WS/AAAIW16/paper/view/12644</ee><url>https://dblp.org/rec/conf/aaai/GunsPN16</url></info>
<url>URL#1765478</url>
</hit>
<hit score="1" id="1765575">
<info><authors><author pid="184/2394">Samuel M. Kolb</author></authors><title>Learning Constraints and Optimization Criteria.</title><venue>AAAI Workshop - Declarative Learning Based Programming</venue><year>2016</year><type>Conference and Workshop Papers</type><key>conf/aaai/Kolb16</key><ee>http://www.aaai.org/ocs/index.php/WS/AAAIW16/paper/view/12651</ee><url>https://dblp.org/rec/conf/aaai/Kolb16</url></info>
<url>URL#1765575</url>
</hit>
<hit score="1" id="1765707">
<info><authors><author pid="95/648">Martin Mladenov</author><author pid="184/2375">Danny Heinrich</author><author pid="182/2560">Leonard Kleinhans</author><author pid="184/2374">Felix Gonsior</author><author pid="40/3793">Kristian Kersting</author></authors><title>RELOOP - A Python-Embedded Declarative Language for Relational Optimization.</title><venue>AAAI Workshop - Declarative Learning Based Programming</venue><year>2016</year><type>Conference and Workshop Papers</type><key>conf/aaai/MladenovHKGK16</key><ee>http://www.aaai.org/ocs/index.php/WS/AAAIW16/paper/view/12614</ee><url>https://dblp.org/rec/conf/aaai/MladenovHKGK16</url></info>
<url>URL#1765707</url>
</hit>
<hit score="1" id="1765813">
<info><authors><author pid="53/6626">Carl P. L. Schultz</author><author pid="38/6829">Mehul Bhatt</author></authors><title>Constructive Geometric Constraint Solving as a General Framework for KR-Based Declarative Spatial Reasoning.</title><venue>AAAI Workshop - Declarative Learning Based Programming</venue><year>2016</year><type>Conference and Workshop Papers</type><key>conf/aaai/SchultzB16</key><ee>http://www.aaai.org/ocs/index.php/WS/AAAIW16/paper/view/12683</ee><url>https://dblp.org/rec/conf/aaai/SchultzB16</url></info>
<url>URL#1765813</url>
</hit>
<hit score="1" id="1765905">
<info><authors><author pid="123/9050">Brend Wanders</author><author pid="k/MauricevanKeulen">Maurice van Keulen</author><author pid="f/JanFlokstra">Jan Flokstra</author></authors><title>JudgeD - A Probabilistic Datalog with Dependencies.</title><venue>AAAI Workshop - Declarative Learning Based Programming</venue><year>2016</year><type>Conference and Workshop Papers</type><key>conf/aaai/WandersKF16</key><ee>http://www.aaai.org/ocs/index.php/WS/AAAIW16/paper/view/12564</ee><url>https://dblp.org/rec/conf/aaai/WandersKF16</url></info>
<url>URL#1765905</url>
</hit>
<hit score="1" id="1921930">
<info><authors><author pid="73/3423">Parisa Kordjamshidi</author></authors><title>Declarative Learning Based Programming, Papers from the 2016 AAAI Workshop, Phoenix, Arizona, USA, February 13, 2016.</title><venue>AAAI Workshop - Declarative Learning Based Programming</venue><venue>AAAI Workshops</venue><volume>WS-16-07</volume><publisher>AAAI Press</publisher><year>2016</year><type>Editorship</type><key>conf/aaai/2016learning</key><ee>http://www.aaai.org/Library/Workshops/ws16-07.php</ee><url>https://dblp.org/rec/conf/aaai/2016learning</url></info>
<url>URL#1921930</url>
</hit>
</hits>
</result>
