<?xml version="1.0" encoding="UTF-8"?>
<result>
<query id="307816">:facetid:toc:db\"/\"conf\"/\"aaai\"/\"trust2016\".\"bht</query>
<status code="200">OK</status>
<time unit="msecs">100.15</time>
<completions total="1" computed="1" sent="1">
<c sc="5" dc="5" oc="5" id="18218036">:facetid:toc:db/conf/aaai/trust2016.bht</c>
</completions>
<hits total="5" computed="5" sent="5" first="0">
<hit score="1" id="1765279">
<info><authors><author pid="144/7990">Abdullah Aref</author><author pid="92/3508">Thomas T. Tran</author></authors><title>Modeling Trust Evaluating Agents - Towards a Comprehensive Trust Management for Multi-agent Systems.</title><venue>AAAI Workshop - Incentives and Trust in Electronic Communities</venue><year>2016</year><type>Conference and Workshop Papers</type><key>conf/aaai/ArefT16</key><ee>http://www.aaai.org/ocs/index.php/WS/AAAIW16/paper/view/12670</ee><url>https://dblp.org/rec/conf/aaai/ArefT16</url></info>
<url>URL#1765279</url>
</hit>
<hit score="1" id="1765402">
<info><authors><author pid="27/1415">Alan Davoust</author><author pid="83/6205">Babak Esfandiari</author></authors><title>User Participation and Honesty in Online Rating Systems - What a Social Network Can Do.</title><venue>AAAI Workshop - Incentives and Trust in Electronic Communities</venue><year>2016</year><type>Conference and Workshop Papers</type><key>conf/aaai/DavoustE16</key><ee>http://www.aaai.org/ocs/index.php/WS/AAAIW16/paper/view/12567</ee><url>https://dblp.org/rec/conf/aaai/DavoustE16</url></info>
<url>URL#1765402</url>
</hit>
<hit score="1" id="1765716">
<info><authors><author pid="161/3684">Renita Margaret Murimi</author></authors><title>An Analysis of Trimming in Digital Social Networks.</title><venue>AAAI Workshop - Incentives and Trust in Electronic Communities</venue><year>2016</year><type>Conference and Workshop Papers</type><key>conf/aaai/Murimi16</key><ee>http://www.aaai.org/ocs/index.php/WS/AAAIW16/paper/view/12583</ee><url>https://dblp.org/rec/conf/aaai/Murimi16</url></info>
<url>URL#1765716</url>
</hit>
<hit score="1" id="1765977">
<info><authors><author pid="46/241">Guangquan Xu</author><author pid="33/3331">Yan Cao</author><author pid="57/3892">Yao Zhang</author><author pid="171/1076">Gaoxu Zhang</author><author pid="08/2489-1">Xiaohong Li 0001</author><author pid="48/195-2">Zhiyong Feng 0002</author></authors><title>TRM - Computing Reputation Score by Mining Reviews.</title><venue>AAAI Workshop - Incentives and Trust in Electronic Communities</venue><year>2016</year><type>Conference and Workshop Papers</type><key>conf/aaai/XuCZZLF16</key><ee>http://www.aaai.org/ocs/index.php/WS/AAAIW16/paper/view/12560</ee><url>https://dblp.org/rec/conf/aaai/XuCZZLF16</url></info>
<url>URL#1765977</url>
</hit>
<hit score="1" id="1921936">
<info><authors><author pid="84/6889-2">Jie Zhang 0002</author><author pid="97/8092">Zeinab Noorian</author><author pid="54/3381">Stephen Marsh 0001</author></authors><title>Incentives and Trust in Electronic Communities, Papers from the 2016 AAAI Workshop, Phoenix, Arizona, USA, February 12, 2016.</title><venue>AAAI Workshop - Incentives and Trust in Electronic Communities</venue><venue>AAAI Workshops</venue><volume>WS-16-09</volume><publisher>AAAI Press</publisher><year>2016</year><type>Editorship</type><key>conf/aaai/2016trust</key><ee>http://www.aaai.org/Library/Workshops/ws16-09.php</ee><url>https://dblp.org/rec/conf/aaai/2016trust</url></info>
<url>URL#1921936</url>
</hit>
</hits>
</result>
