<?xml version="1.0" encoding="UTF-8"?>
<result>
<query id="308376">:facetid:toc:db\"/\"conf\"/\"aaai\"/\"wwwhi2016\".\"bht</query>
<status code="200">OK</status>
<time unit="msecs">112.25</time>
<completions total="1" computed="1" sent="1">
<c sc="6" dc="6" oc="6" id="18218040">:facetid:toc:db/conf/aaai/wwwhi2016.bht</c>
</completions>
<hits total="6" computed="6" sent="6" first="0">
<hit score="1" id="1765582">
<info><authors><author pid="186/0130">Animesh Koratana</author><author pid="31/5468">Mark Dredze</author><author pid="185/9927">Margaret S. Chisolm</author><author pid="01/9736">Matthew W. Johnson</author><author pid="00/9714">Michael J. Paul</author></authors><title>Studying Anonymous Health Issues and Substance Use on College Campuses with Yik Yak.</title><venue>AAAI Workshop - WWW and Population Health Intelligence</venue><year>2016</year><type>Conference and Workshop Papers</type><key>conf/aaai/KoratanaDCJP16</key><ee>http://www.aaai.org/ocs/index.php/WS/AAAIW16/paper/view/12619</ee><url>https://dblp.org/rec/conf/aaai/KoratanaDCJP16</url></info>
<url>URL#1765582</url>
</hit>
<hit score="1" id="1765623">
<info><authors><author pid="26/3756">Quanzhi Li</author><author pid="78/3078">Sameena Shah</author><author pid="19/5914">Rui Fang</author><author pid="121/8664">Armineh Nourbakhsh</author><author pid="20/10656">Xiaomo Liu</author></authors><title>Discovering Relevant Hashtags for Health Concepts - A Case Study of Twitter.</title><venue>AAAI Workshop - WWW and Population Health Intelligence</venue><year>2016</year><type>Conference and Workshop Papers</type><key>conf/aaai/LiSFNL16</key><ee>http://www.aaai.org/ocs/index.php/WS/AAAIW16/paper/view/12588</ee><url>https://dblp.org/rec/conf/aaai/LiSFNL16</url></info>
<url>URL#1765623</url>
</hit>
<hit score="1" id="1765686">
<info><authors><author pid="85/10807">Lydia Manikonda</author><author pid="04/6695">Heather Pon-Barry</author><author pid="k/SKambhampati">Subbarao Kambhampati</author><author pid="129/1994">Eric B. Hekler</author><author pid="24/1547">David W. McDonald</author></authors><title>Venting Weight - Analyzing the Discourse of an Online Weight Loss Forum.</title><venue>AAAI Workshop - WWW and Population Health Intelligence</venue><year>2016</year><type>Conference and Workshop Papers</type><key>conf/aaai/ManikondaPKHM16</key><ee>http://www.aaai.org/ocs/index.php/WS/AAAIW16/paper/view/12630</ee><url>https://dblp.org/rec/conf/aaai/ManikondaPKHM16</url></info>
<url>URL#1765686</url>
</hit>
<hit score="1" id="1765753">
<info><authors><author pid="130/2351">Umashanthi Pavalanathan</author><author pid="44/8736">Vivek V. Datla</author><author pid="19/8609">Svitlana Volkova</author><author pid="186/0228">Lauren Charles-Smith</author><author pid="92/10367">Meg Pirrung</author><author pid="165/9217">Joshua J. Harrison</author><author pid="39/534">Alan Chappell</author><author pid="27/1262">Courtney D. Corley</author></authors><title>Discourse, Health and Well-Being of Military Populations Through the Social Media Lens.</title><venue>AAAI Workshop - WWW and Population Health Intelligence</venue><year>2016</year><type>Conference and Workshop Papers</type><key>conf/aaai/PavalanathanDVC16</key><ee>http://www.aaai.org/ocs/index.php/WS/AAAIW16/paper/view/12617</ee><url>https://dblp.org/rec/conf/aaai/PavalanathanDVC16</url></info>
<url>URL#1765753</url>
</hit>
<hit score="1" id="1765768">
<info><authors><author pid="186/0107">Guido Powell</author><author pid="185/9928">Kate Zinszer</author><author pid="186/0190">Jahnavi Dhananjay</author><author pid="185/9950">Chi Bahk</author><author pid="160/0169">Lawrence C. Madoff</author><author pid="97/8247">John S. Brownstein</author><author pid="b/SabineBergler">Sabine Bergler</author><author pid="74/3031">David L. Buckeridge</author></authors><title>Monitoring Discussion of Vaccine Adverse Events in the Media - Opportunities from the Vaccine Sentimeter.</title><venue>AAAI Workshop - WWW and Population Health Intelligence</venue><year>2016</year><type>Conference and Workshop Papers</type><key>conf/aaai/PowellZDBMBBB16</key><ee>http://www.aaai.org/ocs/index.php/WS/AAAIW16/paper/view/12639</ee><url>https://dblp.org/rec/conf/aaai/PowellZDBMBBB16</url></info>
<url>URL#1765768</url>
</hit>
<hit score="1" id="1921937">
<info><authors><author pid="97/1397">Arash Shaban-Nejad</author><author pid="74/3031">David L. Buckeridge</author><author pid="00/8247">Byron C. Wallace</author><author pid="97/8247">John S. Brownstein</author></authors><title>World Wide Web and Population Health Intelligence, Papers from the 2016 AAAI Workshop, Phoenix, Arizona, USA, February 12, 2016.</title><venue>AAAI Workshop - WWW and Population Health Intelligence</venue><venue>AAAI Workshops</venue><volume>WS-16-15</volume><publisher>AAAI Press</publisher><year>2016</year><type>Editorship</type><key>conf/aaai/2016wwwhi</key><ee>http://www.aaai.org/Library/Workshops/ws16-15.php</ee><url>https://dblp.org/rec/conf/aaai/2016wwwhi</url></info>
<url>URL#1921937</url>
</hit>
</hits>
</result>
