<?xml version="1.0" encoding="UTF-8"?>
<result>
<query id="307369">:facetid:toc:db\"/\"conf\"/\"aaai\"/\"security2016\".\"bht</query>
<status code="200">OK</status>
<time unit="msecs">115.04</time>
<completions total="1" computed="1" sent="1">
<c sc="10" dc="10" oc="10" id="18218026">:facetid:toc:db/conf/aaai/security2016.bht</c>
</completions>
<hits total="10" computed="10" sent="10" first="0">
<hit score="1" id="1765274">
<info><authors><author pid="86/9168">Blake Anderson</author><author pid="m/DavidAMcGrew">David A. McGrew</author><author pid="38/1846">Subharthi Paul</author></authors><title>Discovering Human and Machine Readable Descriptions of Malware Families.</title><venue>AAAI Workshop - Artificial Intelligence for Cyber Security</venue><year>2016</year><type>Conference and Workshop Papers</type><key>conf/aaai/AndersonMP16</key><ee>http://www.aaai.org/ocs/index.php/WS/AAAIW16/paper/view/12571</ee><url>https://dblp.org/rec/conf/aaai/AndersonMP16</url></info>
<url>URL#1765274</url>
</hit>
<hit score="1" id="1765308">
<info><authors><author pid="63/2238-1">J. Benton 0001</author><author pid="93/2423">Robert P. Goldman</author><author pid="12/737">Mark H. Burstein</author><author pid="170/3680">Joseph Mueller</author><author pid="46/4547-1">Paul Robertson 0001</author><author pid="170/3650">Dan Cerys</author><author pid="170/3706">Andreas Hoffman</author><author pid="41/4519">Rusty Bobrow</author></authors><title>Active Perception for Cyber Intrusion Detection and Defense.</title><venue>AAAI Workshop - Artificial Intelligence for Cyber Security</venue><year>2016</year><type>Conference and Workshop Papers</type><key>conf/aaai/BentonGBMRCHB16</key><ee>http://www.aaai.org/ocs/index.php/WS/AAAIW16/paper/view/12621</ee><url>https://dblp.org/rec/conf/aaai/BentonGBMRCHB16</url></info>
<url>URL#1765308</url>
</hit>
<hit score="1" id="1765483">
<info><authors><author pid="178/8704">Marcus Paul Gutierrez</author><author pid="95/1694">Christopher Kiekintveld</author></authors><title>Bandits for Cybersecurity - Adaptive Intrusion Detection Using Honeypots.</title><venue>AAAI Workshop - Artificial Intelligence for Cyber Security</venue><year>2016</year><type>Conference and Workshop Papers</type><key>conf/aaai/GutierrezK16</key><ee>http://www.aaai.org/ocs/index.php/WS/AAAIW16/paper/view/12655</ee><url>https://dblp.org/rec/conf/aaai/GutierrezK16</url></info>
<url>URL#1765483</url>
</hit>
<hit score="1" id="1765583">
<info><authors><author pid="184/2386">Bruno Korbar</author><author pid="b/JimBlythe">Jim Blythe</author><author pid="91/5258">Ross Koppel</author><author pid="125/6274">Vijay H. Kothari</author><author pid="94/2605">Sean W. Smith</author></authors><title>Validating an Agent-Based Model of Human Password Behavior.</title><venue>AAAI Workshop - Artificial Intelligence for Cyber Security</venue><year>2016</year><type>Conference and Workshop Papers</type><key>conf/aaai/KorbarBKKS16</key><ee>http://www.aaai.org/ocs/index.php/WS/AAAIW16/paper/view/12672</ee><url>https://dblp.org/rec/conf/aaai/KorbarBKKS16</url></info>
<url>URL#1765583</url>
</hit>
<hit score="1" id="1765717">
<info><authors><author pid="122/6031">Parinaz Naghizadeh</author><author pid="97/5725">Mingyan Liu</author></authors><title>Inter-Temporal Incentives in Security Information Sharing Agreements.</title><venue>AAAI Workshop - Artificial Intelligence for Cyber Security</venue><year>2016</year><type>Conference and Workshop Papers</type><key>conf/aaai/NaghizadehL16</key><ee>http://www.aaai.org/ocs/index.php/WS/AAAIW16/paper/view/12610</ee><url>https://dblp.org/rec/conf/aaai/NaghizadehL16</url></info>
<url>URL#1765717</url>
</hit>
<hit score="1" id="1765735">
<info><authors><author pid="166/1207">Eric Nunes</author><author pid="73/8292">Paulo Shakarian</author><author pid="30/2915">Gerardo I. Simari</author></authors><title>Toward Argumentation-Based Cyber Attribution.</title><venue>AAAI Workshop - Artificial Intelligence for Cyber Security</venue><year>2016</year><type>Conference and Workshop Papers</type><key>conf/aaai/NunesSS16</key><ee>http://www.aaai.org/ocs/index.php/WS/AAAIW16/paper/view/12573</ee><url>https://dblp.org/rec/conf/aaai/NunesSS16</url></info>
<url>URL#1765735</url>
</hit>
<hit score="1" id="1765741">
<info><authors><author pid="87/10813">Diane Oyen</author><author pid="86/9168">Blake Anderson</author><author pid="95/2223">Christine M. Anderson-Cook</author></authors><title>Bayesian Networks with Prior Knowledge for Malware Phylogenetics.</title><venue>AAAI Workshop - Artificial Intelligence for Cyber Security</venue><year>2016</year><type>Conference and Workshop Papers</type><key>conf/aaai/OyenAA16</key><ee>http://www.aaai.org/ocs/index.php/WS/AAAIW16/paper/view/12650</ee><url>https://dblp.org/rec/conf/aaai/OyenAA16</url></info>
<url>URL#1765741</url>
</hit>
<hit score="1" id="1765819">
<info><authors><author pid="73/8292">Paulo Shakarian</author><author pid="135/6038">Jana Shakarian</author></authors><title>Socio-Cultural Modeling for Cyber Threat Actors.</title><venue>AAAI Workshop - Artificial Intelligence for Cyber Security</venue><year>2016</year><type>Conference and Workshop Papers</type><key>conf/aaai/ShakarianS16</key><ee>http://www.aaai.org/ocs/index.php/WS/AAAIW16/paper/view/12554</ee><url>https://dblp.org/rec/conf/aaai/ShakarianS16</url></info>
<url>URL#1765819</url>
</hit>
<hit score="1" id="1765860">
<info><authors><author pid="92/7871">Zareen Syed</author><author pid="127/6577">Ankur Padia</author><author pid="f/TWFinin">Tim Finin</author><author pid="126/1180">M. Lisa Mathews</author><author pid="j/AnupamJoshi">Anupam Joshi</author></authors><title>UCO - A Unified Cybersecurity Ontology.</title><venue>AAAI Workshop - Artificial Intelligence for Cyber Security</venue><year>2016</year><type>Conference and Workshop Papers</type><key>conf/aaai/SyedPFMJ16</key><ee>http://www.aaai.org/ocs/index.php/WS/AAAIW16/paper/view/12574</ee><url>https://dblp.org/rec/conf/aaai/SyedPFMJ16</url></info>
<url>URL#1765860</url>
</hit>
<hit score="1" id="1921934">
<info><authors><author pid="21/6342">David R. Martinez</author><author pid="21/6594">William W. Streilein</author><author pid="75/7583-1">Kevin M. Carter 0001</author><author pid="26/9089">Arunesh Sinha</author></authors><title>Artificial Intelligence for Cyber Security, Papers from the 2016 AAAI Workshop, Phoenix, Arizona, USA, February 12, 2016.</title><venue>AAAI Workshop - Artificial Intelligence for Cyber Security</venue><venue>AAAI Workshops</venue><volume>WS-16-03</volume><publisher>AAAI Press</publisher><year>2016</year><type>Editorship</type><key>conf/aaai/2016security</key><ee>http://www.aaai.org/Library/Workshops/ws16-03.php</ee><url>https://dblp.org/rec/conf/aaai/2016security</url></info>
<url>URL#1921934</url>
</hit>
</hits>
</result>
