<?xml version="1.0" encoding="UTF-8"?>
<result>
<query id="307470">:facetid:toc:db\"/\"conf\"/\"aaai\"/\"np2016\".\"bht</query>
<status code="200">OK</status>
<time unit="msecs">114.71</time>
<completions total="1" computed="1" sent="1">
<c sc="15" dc="15" oc="15" id="18218013">:facetid:toc:db/conf/aaai/np2016.bht</c>
</completions>
<hits total="15" computed="15" sent="15" first="0">
<hit score="1" id="1765247">
<info><authors><author pid="06/7505-1">Bart Bogaerts 0001</author><author pid="j/TomiJanhunen">Tomi Janhunen</author><author pid="16/6384">Shahab Tasharrofi</author></authors><title>Solving QBF Instances with Nested SAT Solvers.</title><venue>AAAI Workshop - Beyond NP</venue><year>2016</year><type>Conference and Workshop Papers</type><key>conf/aaai/0001JT16</key><ee>http://www.aaai.org/ocs/index.php/WS/AAAIW16/paper/view/12603</ee><url>https://dblp.org/rec/conf/aaai/0001JT16</url></info>
<url>URL#1765247</url>
</hit>
<hit score="1" id="1765288">
<info><authors><author pid="01/9862">Valeriy Balabanov</author><author pid="13/2622">Jie-Hong Roland Jiang</author><author pid="50/976">Alan Mishchenko</author><author pid="s/ChristophScholl">Christoph Scholl</author></authors><title>Clauses Versus Gates in CEGAR-Based 2QBF Solving.</title><venue>AAAI Workshop - Beyond NP</venue><year>2016</year><type>Conference and Workshop Papers</type><key>conf/aaai/BalabanovJMS16</key><ee>http://www.aaai.org/ocs/index.php/WS/AAAIW16/paper/view/12660</ee><url>https://dblp.org/rec/conf/aaai/BalabanovJMS16</url></info>
<url>URL#1765288</url>
</hit>
<hit score="1" id="1765303">
<info><authors><author pid="52/570">Vaishak Belle</author></authors><title>Satisfiability and Model Counting in Open Universes.</title><venue>AAAI Workshop - Beyond NP</venue><year>2016</year><type>Conference and Workshop Papers</type><key>conf/aaai/Belle16</key><ee>http://www.aaai.org/ocs/index.php/WS/AAAIW16/paper/view/12605</ee><url>https://dblp.org/rec/conf/aaai/Belle16</url></info>
<url>URL#1765303</url>
</hit>
<hit score="1" id="1765311">
<info><authors><author pid="91/2292">Olaf Beyersdorff</author><author pid="141/7753">Leroy Chew</author><author pid="56/2424">Mikolas Janota</author></authors><title>Extension Variables in QBF Resolution.</title><venue>AAAI Workshop - Beyond NP</venue><year>2016</year><type>Conference and Workshop Papers</type><key>conf/aaai/BeyersdorffCJ16</key><ee>http://www.aaai.org/ocs/index.php/WS/AAAIW16/paper/view/12612</ee><url>https://dblp.org/rec/conf/aaai/BeyersdorffCJ16</url></info>
<url>URL#1765311</url>
</hit>
<hit score="1" id="1765319">
<info><authors><author pid="118/4678">Bernhard Bliem</author><author pid="118/2738">Günther Charwat</author><author pid="150/8127">Markus Hecher</author><author pid="39/6130">Stefan Woltran</author></authors><title>Subset Minimization in Dynamic Programming on Tree Decompositions.</title><venue>AAAI Workshop - Beyond NP</venue><year>2016</year><type>Conference and Workshop Papers</type><key>conf/aaai/BliemCHW16</key><ee>http://www.aaai.org/ocs/index.php/WS/AAAIW16/paper/view/12562</ee><url>https://dblp.org/rec/conf/aaai/BliemCHW16</url></info>
<url>URL#1765319</url>
</hit>
<hit score="1" id="1765399">
<info><authors><author pid="p/ADarwiche">Adnan Darwiche</author><author pid="s/JoaoPMarquesSilva">João Marques-Silva 0001</author><author pid="37/6177">Pierre Marquis</author></authors><title>Preface - The Beyond NP Workshop.</title><venue>AAAI Workshop - Beyond NP</venue><year>2016</year><type>Conference and Workshop Papers</type><key>conf/aaai/DarwicheMM16</key><ee>http://www.aaai.org/ocs/index.php/WS/AAAIW16/paper/view/13235</ee><url>https://dblp.org/rec/conf/aaai/DarwicheMM16</url></info>
<url>URL#1765399</url>
</hit>
<hit score="1" id="1765477">
<info><authors><author pid="127/6376">Eric Gribkoff</author><author pid="s/DanSuciu">Dan Suciu</author></authors><title>SlimShot - Probabilistic Inference for Web-Scale Knowledge Bases.</title><venue>AAAI Workshop - Beyond NP</venue><year>2016</year><type>Conference and Workshop Papers</type><key>conf/aaai/GribkoffS16</key><ee>http://www.aaai.org/ocs/index.php/WS/AAAIW16/paper/view/12658</ee><url>https://dblp.org/rec/conf/aaai/GribkoffS16</url></info>
<url>URL#1765477</url>
</hit>
<hit score="1" id="1765551">
<info><authors><author pid="39/7422">Charles Jordan</author><author pid="21/8296">Will Klieber</author><author pid="75/2935">Martina Seidl</author></authors><title>Non-CNF QBF Solving with QCIR.</title><venue>AAAI Workshop - Beyond NP</venue><year>2016</year><type>Conference and Workshop Papers</type><key>conf/aaai/JordanKS16</key><ee>http://www.aaai.org/ocs/index.php/WS/AAAIW16/paper/view/12601</ee><url>https://dblp.org/rec/conf/aaai/JordanKS16</url></info>
<url>URL#1765551</url>
</hit>
<hit score="1" id="1765564">
<info><authors><author pid="149/1283">Seyed Mehran Kazemi</author><author pid="p/DavidPoole">David Poole 0001</author></authors><title>Lazy Arithmetic Circuits.</title><venue>AAAI Workshop - Beyond NP</venue><year>2016</year><type>Conference and Workshop Papers</type><key>conf/aaai/KazemiP16</key><ee>http://www.aaai.org/ocs/index.php/WS/AAAIW16/paper/view/12576</ee><url>https://dblp.org/rec/conf/aaai/KazemiP16</url></info>
<url>URL#1765564</url>
</hit>
<hit score="1" id="1765566">
<info><authors><author pid="83/11148">Batya Kenig</author><author pid="g/AvigdorGal">Avigdor Gal</author></authors><title>Exploiting the Hidden Structure of Junction Trees for MPE.</title><venue>AAAI Workshop - Beyond NP</venue><year>2016</year><type>Conference and Workshop Papers</type><key>conf/aaai/KenigG16</key><ee>http://www.aaai.org/ocs/index.php/WS/AAAIW16/paper/view/12563</ee><url>https://dblp.org/rec/conf/aaai/KenigG16</url></info>
<url>URL#1765566</url>
</hit>
<hit score="1" id="1765581">
<info><authors><author pid="172/9971">Timothy Kopp</author><author pid="14/167">Parag Singla</author><author pid="k/HenryAKautz">Henry A. Kautz</author></authors><title>Toward Caching Symmetrical Subtheories for Weighted Model Counting.</title><venue>AAAI Workshop - Beyond NP</venue><year>2016</year><type>Conference and Workshop Papers</type><key>conf/aaai/KoppSK16</key><ee>http://www.aaai.org/ocs/index.php/WS/AAAIW16/paper/view/12684</ee><url>https://dblp.org/rec/conf/aaai/KoppSK16</url></info>
<url>URL#1765581</url>
</hit>
<hit score="1" id="1765696">
<info><authors><author pid="129/1623">Kuldeep S. Meel</author><author pid="v/MosheYVardi">Moshe Y. Vardi</author><author pid="34/4525">Supratik Chakraborty</author><author pid="144/7602">Daniel J. Fremont</author><author pid="s/SanjitASeshia">Sanjit A. Seshia</author><author pid="74/9853">Dror Fried</author><author pid="115/4384">Alexander Ivrii</author><author pid="79/6934">Sharad Malik</author></authors><title>Constrained Sampling and Counting - Universal Hashing Meets SAT Solving.</title><venue>AAAI Workshop - Beyond NP</venue><year>2016</year><type>Conference and Workshop Papers</type><key>conf/aaai/MeelVCFSFIM16</key><ee>http://www.aaai.org/ocs/index.php/WS/AAAIW16/paper/view/12618</ee><url>https://dblp.org/rec/conf/aaai/MeelVCFSFIM16</url></info>
<url>URL#1765696</url>
</hit>
<hit score="1" id="1765737">
<info><authors><author pid="o/DanOlteanu">Dan Olteanu</author></authors><title>Factorized Databases - A Knowledge Compilation Perspective.</title><venue>AAAI Workshop - Beyond NP</venue><year>2016</year><type>Conference and Workshop Papers</type><key>conf/aaai/Olteanu16</key><ee>http://www.aaai.org/ocs/index.php/WS/AAAIW16/paper/view/12638</ee><url>https://dblp.org/rec/conf/aaai/Olteanu16</url></info>
<url>URL#1765737</url>
</hit>
<hit score="1" id="1765897">
<info><authors><author pid="150/5902">Jonas Vlasselaer</author><author pid="17/3881">Angelika Kimmig</author><author pid="07/7048">Anton Dries</author><author pid="82/334">Wannes Meert</author><author pid="r/LucDeRaedt">Luc De Raedt</author></authors><title>Knowledge Compilation and Weighted Model Counting for Inference in Probabilistic Logic Programs.</title><venue>AAAI Workshop - Beyond NP</venue><year>2016</year><type>Conference and Workshop Papers</type><key>conf/aaai/VlasselaerKDMR16</key><ee>http://www.aaai.org/ocs/index.php/WS/AAAIW16/paper/view/12631</ee><url>https://dblp.org/rec/conf/aaai/VlasselaerKDMR16</url></info>
<url>URL#1765897</url>
</hit>
<hit score="1" id="1921932">
<info><authors><author pid="p/ADarwiche">Adnan Darwiche</author></authors><title>Beyond NP, Papers from the 2016 AAAI Workshop, Phoenix, Arizona, USA, February 12, 2016.</title><venue>AAAI Workshop - Beyond NP</venue><venue>AAAI Workshops</venue><volume>WS-16-05</volume><publisher>AAAI Press</publisher><year>2016</year><type>Editorship</type><key>conf/aaai/2016np</key><ee>http://www.aaai.org/Library/Workshops/ws16-05.php</ee><url>https://dblp.org/rec/conf/aaai/2016np</url></info>
<url>URL#1921932</url>
</hit>
</hits>
</result>
