<?xml version="1.0" encoding="UTF-8"?>
<result>
<query id="307414">:facetid:toc:db\"/\"conf\"/\"aaai\"/\"grid2016\".\"bht</query>
<status code="200">OK</status>
<time unit="msecs">118.89</time>
<completions total="1" computed="1" sent="1">
<c sc="11" dc="11" oc="11" id="18217998">:facetid:toc:db/conf/aaai/grid2016.bht</c>
</completions>
<hits total="11" computed="11" sent="11" first="0">
<hit score="1" id="1765269">
<info><authors><author pid="41/6108">Saima Aman</author><author pid="72/7698">Charalampos Chelmis</author><author pid="p/ViktorKPrasanna">Viktor K. Prasanna</author></authors><title>Learning to REDUCE - A Reduced Electricity Consumption Prediction Ensemble.</title><venue>AAAI Workshop - AI for Smart Grids and Smart Buildings</venue><year>2016</year><type>Conference and Workshop Papers</type><key>conf/aaai/AmanCP16</key><ee>http://www.aaai.org/ocs/index.php/WS/AAAIW16/paper/view/12600</ee><url>https://dblp.org/rec/conf/aaai/AmanCP16</url></info>
<url>URL#1765269</url>
</hit>
<hit score="1" id="1765296">
<info><authors><author pid="06/8569">Aniruddha Basak</author><author pid="58/2801">Ole J. Mengshoel</author><author pid="182/2174">Stefan Hosein</author><author pid="02/10908">Rodney Martin</author></authors><title>Scalable Causal Learning for Predicting Adverse Events in Smart Buildings.</title><venue>AAAI Workshop - AI for Smart Grids and Smart Buildings</venue><year>2016</year><type>Conference and Workshop Papers</type><key>conf/aaai/BasakMHM16</key><ee>http://www.aaai.org/ocs/index.php/WS/AAAIW16/paper/view/12680</ee><url>https://dblp.org/rec/conf/aaai/BasakMHM16</url></info>
<url>URL#1765296</url>
</hit>
<hit score="1" id="1765297">
<info><authors><author pid="06/8569">Aniruddha Basak</author><author pid="58/2801">Ole J. Mengshoel</author><author pid="182/2174">Stefan Hosein</author><author pid="02/10908">Rodney Martin</author><author pid="184/2415">Jayasudha Jayakumaran</author><author pid="184/2409">Mario Gurrola Morga</author><author pid="184/2439">Ishwari Aghav</author></authors><title>Identifying Contributing Factors of Occupant Thermal Discomfort in a Smart Building.</title><venue>AAAI Workshop - AI for Smart Grids and Smart Buildings</venue><year>2016</year><type>Conference and Workshop Papers</type><key>conf/aaai/BasakMHMJMA16</key><ee>http://www.aaai.org/ocs/index.php/WS/AAAIW16/paper/view/12682</ee><url>https://dblp.org/rec/conf/aaai/BasakMHMJMA16</url></info>
<url>URL#1765297</url>
</hit>
<hit score="1" id="1765415">
<info><authors><author pid="184/2436">Kirstin Early</author><author pid="f/StephenEFienberg">Stephen E. Fienberg</author><author pid="84/6721">Jennifer Mankoff</author></authors><title>Cost-Effective Feature Selection and Ordering for Personalized Energy Estimates.</title><venue>AAAI Workshop - AI for Smart Grids and Smart Buildings</venue><year>2016</year><type>Conference and Workshop Papers</type><key>conf/aaai/EarlyFM16</key><ee>http://www.aaai.org/ocs/index.php/WS/AAAIW16/paper/view/12572</ee><url>https://dblp.org/rec/conf/aaai/EarlyFM16</url></info>
<url>URL#1765415</url>
</hit>
<hit score="1" id="1765506">
<info><authors><author pid="180/1403">Khoi D. Hoang</author><author pid="119/6404">Ferdinando Fioretto</author><author pid="23/1946">Ping Hou</author><author pid="32/2416">Makoto Yokoo</author><author pid="97/4283-1">William Yeoh 0001</author><author pid="38/2041">Roie Zivan</author></authors><title>Proactive Dynamic DCOPs.</title><venue>AAAI Workshop - AI for Smart Grids and Smart Buildings</venue><year>2016</year><type>Conference and Workshop Papers</type><key>conf/aaai/HoangFHY0Z16</key><ee>http://www.aaai.org/ocs/index.php/WS/AAAIW16/paper/view/12593</ee><url>https://dblp.org/rec/conf/aaai/HoangFHY0Z16</url></info>
<url>URL#1765506</url>
</hit>
<hit score="1" id="1765577">
<info><authors><author pid="151/4927">Caner Komurlu</author><author pid="67/500">Mustafa Bilgic 0001</author></authors><title>Active Inference and Dynamic Gaussian Bayesian Networks for Battery Optimization in Wireless Sensor Networks.</title><venue>AAAI Workshop - AI for Smart Grids and Smart Buildings</venue><year>2016</year><type>Conference and Workshop Papers</type><key>conf/aaai/KomurluB16</key><ee>http://www.aaai.org/ocs/index.php/WS/AAAIW16/paper/view/12675</ee><url>https://dblp.org/rec/conf/aaai/KomurluB16</url></info>
<url>URL#1765577</url>
</hit>
<hit score="1" id="1765597">
<info><authors><author pid="184/2427">Henning Lange</author><author pid="82/8070">Mario Berges</author></authors><title>Efficient Inference in Dual-Emission FHMM for Energy Disaggregation.</title><venue>AAAI Workshop - AI for Smart Grids and Smart Buildings</venue><year>2016</year><type>Conference and Workshop Papers</type><key>conf/aaai/LangeB16</key><ee>http://www.aaai.org/ocs/index.php/WS/AAAIW16/paper/view/12636</ee><url>https://dblp.org/rec/conf/aaai/LangeB16</url></info>
<url>URL#1765597</url>
</hit>
<hit score="1" id="1765884">
<info><authors><author pid="95/6699">Daniel Urieli</author><author pid="s/PeterStone">Peter Stone</author></authors><title>An MDP-Based Winning Approach to Autonomous Power Trading - Formalization and Empirical Analysis.</title><venue>AAAI Workshop - AI for Smart Grids and Smart Buildings</venue><year>2016</year><type>Conference and Workshop Papers</type><key>conf/aaai/UrieliS16a</key><ee>http://www.aaai.org/ocs/index.php/WS/AAAIW16/paper/view/12641</ee><url>https://dblp.org/rec/conf/aaai/UrieliS16a</url></info>
<url>URL#1765884</url>
</hit>
<hit score="1" id="1765889">
<info><authors><author pid="184/2382">Mark Valovage</author><author pid="g/MariaLGini">Maria L. Gini</author></authors><title>Automatic Label Correction and Appliance Prioritization in Single Household Electricity Disaggregation.</title><venue>AAAI Workshop - AI for Smart Grids and Smart Buildings</venue><year>2016</year><type>Conference and Workshop Papers</type><key>conf/aaai/ValovageG16</key><ee>http://www.aaai.org/ocs/index.php/WS/AAAIW16/paper/view/12666</ee><url>https://dblp.org/rec/conf/aaai/ValovageG16</url></info>
<url>URL#1765889</url>
</hit>
<hit score="1" id="1765901">
<info><authors><author pid="175/1077">Erwin Walraven</author><author pid="27/6431">Matthijs T. J. Spaan</author></authors><title>Planning under Uncertainty for Aggregated Electric Vehicle Charging Using Markov Decision Processes.</title><venue>AAAI Workshop - AI for Smart Grids and Smart Buildings</venue><year>2016</year><type>Conference and Workshop Papers</type><key>conf/aaai/WalravenS16</key><ee>http://www.aaai.org/ocs/index.php/WS/AAAIW16/paper/view/12665</ee><url>https://dblp.org/rec/conf/aaai/WalravenS16</url></info>
<url>URL#1765901</url>
</hit>
<hit score="1" id="1921927">
<info><authors><author pid="p/EnricoPontelli">Enrico Pontelli</author><author pid="37/4849">Alex Rogers</author><author pid="64/3102">Sylvie Thiébaux</author><author pid="s/TranCaoSon">Tran Cao Son</author></authors><title>AI for Smart Grids and Smart Buildings, Papers from the 2016 AAAI Workshop, Phoenix, Arizona, USA, February 12, 2016.</title><venue>AAAI Workshop - AI for Smart Grids and Smart Buildings</venue><venue>AAAI Workshops</venue><volume>WS-16-04</volume><publisher>AAAI Press</publisher><year>2016</year><type>Editorship</type><key>conf/aaai/2016grid</key><ee>http://www.aaai.org/Library/Workshops/ws16-04.php</ee><url>https://dblp.org/rec/conf/aaai/2016grid</url></info>
<url>URL#1921927</url>
</hit>
</hits>
</result>
