<?xml version="1.0" encoding="UTF-8"?>
<result>
<query id="308054">:facetid:toc:db\"/\"conf\"/\"aaai\"/\"ma2016\".\"bht</query>
<status code="200">OK</status>
<time unit="msecs">109.57</time>
<completions total="1" computed="1" sent="1">
<c sc="6" dc="6" oc="6" id="18218007">:facetid:toc:db/conf/aaai/ma2016.bht</c>
</completions>
<hits total="6" computed="6" sent="6" first="0">
<hit score="1" id="1765266">
<info><authors><author pid="121/2371">Saad Alqithami</author><author pid="04/580">Henry Hexmoor</author></authors><title>Measuring Synergy from Benevolence in a Network Organization.</title><venue>AAAI Workshop - Multiagent Interaction without Prior Coordination</venue><year>2016</year><type>Conference and Workshop Papers</type><key>conf/aaai/AlqithamiH16</key><ee>http://www.aaai.org/ocs/index.php/WS/AAAIW16/paper/view/12673</ee><url>https://dblp.org/rec/conf/aaai/AlqithamiH16</url></info>
<url>URL#1765266</url>
</hit>
<hit score="1" id="1765357">
<info><authors><author pid="13/10605">Tathagata Chakraborti</author><author pid="117/2614">Venkata Vamsikrishna Meduri</author><author pid="186/0011">Vivek Dondeti</author><author pid="k/SKambhampati">Subbarao Kambhampati</author></authors><title>A Game Theoretic Approach to Ad-Hoc Coalitions in Human-Robot Societies.</title><venue>AAAI Workshop - Multiagent Interaction without Prior Coordination</venue><year>2016</year><type>Conference and Workshop Papers</type><key>conf/aaai/ChakrabortiMDK16</key><ee>http://www.aaai.org/ocs/index.php/WS/AAAIW16/paper/view/12592</ee><url>https://dblp.org/rec/conf/aaai/ChakrabortiMDK16</url></info>
<url>URL#1765357</url>
</hit>
<hit score="1" id="1765362">
<info><authors><author pid="08/869">Muthukumaran Chandrasekaran</author><author pid="27/10279">Yingke Chen</author><author pid="d/PrashantDoshi">Prashant Doshi</author></authors><title>Bayesian Markov Games with Explicit Finite-Level Types.</title><venue>AAAI Workshop - Multiagent Interaction without Prior Coordination</venue><year>2016</year><type>Conference and Workshop Papers</type><key>conf/aaai/ChandrasekaranC16a</key><ee>http://www.aaai.org/ocs/index.php/WS/AAAIW16/paper/view/12553</ee><url>https://dblp.org/rec/conf/aaai/ChandrasekaranC16a</url></info>
<url>URL#1765362</url>
</hit>
<hit score="1" id="1765505">
<info><authors><author pid="52/9799">Pablo Hernandez-Leal</author><author pid="46/4287">Matthew E. Taylor</author><author pid="45/4591">Benjamin Rosman</author><author pid="s/LuisEnriqueSucar">Luis Enrique Sucar</author><author pid="09/5915">Enrique Munoz de Cote</author></authors><title>Identifying and Tracking Switching, Non-Stationary Opponents - A Bayesian Approach.</title><venue>AAAI Workshop - Multiagent Interaction without Prior Coordination</venue><year>2016</year><type>Conference and Workshop Papers</type><key>conf/aaai/Hernandez-LealT16</key><ee>http://www.aaai.org/ocs/index.php/WS/AAAIW16/paper/view/12584</ee><url>https://dblp.org/rec/conf/aaai/Hernandez-LealT16</url></info>
<url>URL#1765505</url>
</hit>
<hit score="1" id="1765810">
<info><authors><author pid="17/6706">Trevor Sarratt</author><author pid="39/3830">Arnav Jhala</author></authors><title>Policy Communication for Coordination with Unknown Teammates.</title><venue>AAAI Workshop - Multiagent Interaction without Prior Coordination</venue><year>2016</year><type>Conference and Workshop Papers</type><key>conf/aaai/SarrattJ16</key><ee>http://www.aaai.org/ocs/index.php/WS/AAAIW16/paper/view/12646</ee><url>https://dblp.org/rec/conf/aaai/SarrattJ16</url></info>
<url>URL#1765810</url>
</hit>
<hit score="1" id="1921931">
<info><authors><author pid="118/3975">Stefano V. Albrecht</author><author pid="14/9799">Katie Genter</author><author pid="05/2959">Somchaya Liemhetcharat</author></authors><title>Multiagent Interaction without Prior Coordination, Papers from the 2016 AAAI Workshop, Phoenix, Arizona, USA, February 13, 2016.</title><venue>AAAI Workshop - Multiagent Interaction without Prior Coordination</venue><venue>AAAI Workshops</venue><volume>WS-16-11</volume><publisher>AAAI Press</publisher><year>2016</year><type>Editorship</type><key>conf/aaai/2016ma</key><ee>http://www.aaai.org/Library/Workshops/ws16-11.php</ee><url>https://dblp.org/rec/conf/aaai/2016ma</url></info>
<url>URL#1921931</url>
</hit>
</hits>
</result>
