<?xml version="1.0" encoding="UTF-8"?>
<result>
<query id="306944">:facetid:toc:db\"/\"conf\"/\"aaai\"/\"assistive2016\".\"bht</query>
<status code="200">OK</status>
<time unit="msecs">101.66</time>
<completions total="1" computed="1" sent="1">
<c sc="11" dc="11" oc="11" id="18217983">:facetid:toc:db/conf/aaai/assistive2016.bht</c>
</completions>
<hits total="11" computed="11" sent="11" first="0">
<hit score="1" id="1765253">
<info><authors><author pid="177/9133">Pooya Abolghasemi</author><author pid="150/5734">Rouhollah Rahmatizadeh</author><author pid="10/6140">Aman Behal</author><author pid="b/LadislauBoloni">Ladislau Bölöni</author></authors><title>A Real-Time Technique for Positioning a Wheelchair-Mounted Robotic Arm for Household Manipulation Tasks.</title><venue>AAAI Workshop - Artificial Intelligence Applied to Assistive Technologies and Smart Environments</venue><year>2016</year><type>Conference and Workshop Papers</type><key>conf/aaai/AbolghasemiRBB16</key><ee>http://www.aaai.org/ocs/index.php/WS/AAAIW16/paper/view/12575</ee><url>https://dblp.org/rec/conf/aaai/AbolghasemiRBB16</url></info>
<url>URL#1765253</url>
</hit>
<hit score="1" id="1765267">
<info><authors><author pid="146/0878">Mohammad Abu Alsheikh</author><author pid="28/4109">Ahmed Selim</author><author pid="76/440">Dusit Niyato</author><author pid="d/LindaDoyle">Linda Doyle</author><author pid="00/1006">Shaowei Lin</author><author pid="43/4600">Hwee-Pink Tan</author></authors><title>Deep Activity Recognition Models with Triaxial Accelerometers.</title><venue>AAAI Workshop - Artificial Intelligence Applied to Assistive Technologies and Smart Environments</venue><year>2016</year><type>Conference and Workshop Papers</type><key>conf/aaai/AlsheikhSNDLT16</key><ee>http://www.aaai.org/ocs/index.php/WS/AAAIW16/paper/view/12627</ee><url>https://dblp.org/rec/conf/aaai/AlsheikhSNDLT16</url></info>
<url>URL#1765267</url>
</hit>
<hit score="1" id="1765273">
<info><authors><author pid="59/4095-1">Michael Anderson 0001</author><author pid="20/3527">Susan Leigh Anderson</author><author pid="67/7231">Vincent Berenz</author></authors><title>Ensuring Ethical Behavior from Autonomous Systems.</title><venue>AAAI Workshop - Artificial Intelligence Applied to Assistive Technologies and Smart Environments</venue><year>2016</year><type>Conference and Workshop Papers</type><key>conf/aaai/AndersonAB16</key><ee>http://www.aaai.org/ocs/index.php/WS/AAAIW16/paper/view/12555</ee><url>https://dblp.org/rec/conf/aaai/AndersonAB16</url></info>
<url>URL#1765273</url>
</hit>
<hit score="1" id="1765310">
<info><authors><author pid="56/3200">Frédéric Bergéron</author><author pid="14/8344">Kevin Bouchard</author><author pid="38/4348">Sylvain Giroux</author><author pid="117/1729">Sébastien Gaboury</author><author pid="63/2180-1">Bruno Bouchard 0001</author></authors><title>Qualitative RFID Tracking for ADL Recognition.</title><venue>AAAI Workshop - Artificial Intelligence Applied to Assistive Technologies and Smart Environments</venue><year>2016</year><type>Conference and Workshop Papers</type><key>conf/aaai/BergeronBGGB16</key><ee>http://www.aaai.org/ocs/index.php/WS/AAAIW16/paper/view/12570</ee><url>https://dblp.org/rec/conf/aaai/BergeronBGGB16</url></info>
<url>URL#1765310</url>
</hit>
<hit score="1" id="1765324">
<info><authors><author pid="14/8344">Kevin Bouchard</author><author pid="h/LawrenceBHolder">Lawrence B. Holder</author><author pid="c/DianeJCook">Diane J. Cook</author></authors><title>Extracting Generalizable Spatial Features from Smart Phones Datasets.</title><venue>AAAI Workshop - Artificial Intelligence Applied to Assistive Technologies and Smart Environments</venue><year>2016</year><type>Conference and Workshop Papers</type><key>conf/aaai/BouchardHC16</key><ee>http://www.aaai.org/ocs/index.php/WS/AAAIW16/paper/view/12649</ee><url>https://dblp.org/rec/conf/aaai/BouchardHC16</url></info>
<url>URL#1765324</url>
</hit>
<hit score="1" id="1765440">
<info><authors><author pid="95/5209">Michael Freed</author><author pid="135/1176">Brian Burns</author><author pid="57/2658">Aaron Heller</author><author pid="67/2030-6">Daniel Sánchez 0006</author><author pid="183/0948">Sharon Beaumont-Bowman</author></authors><title>A Prototype Intelligent Assistant to Help Dysphagia Patients Eat Safely At Home.</title><venue>AAAI Workshop - Artificial Intelligence Applied to Assistive Technologies and Smart Environments</venue><year>2016</year><type>Conference and Workshop Papers</type><key>conf/aaai/FreedBHSB16</key><ee>http://www.aaai.org/ocs/index.php/WS/AAAIW16/paper/view/12620</ee><url>https://dblp.org/rec/conf/aaai/FreedBHSB16</url></info>
<url>URL#1765440</url>
</hit>
<hit score="1" id="1765486">
<info><authors><author pid="81/715">Sylvain Hallé</author><author pid="117/1729">Sébastien Gaboury</author><author pid="63/2180-1">Bruno Bouchard 0001</author></authors><title>Activity Recognition Through Complex Event Processing - First Findings.</title><venue>AAAI Workshop - Artificial Intelligence Applied to Assistive Technologies and Smart Environments</venue><year>2016</year><type>Conference and Workshop Papers</type><key>conf/aaai/HalleGB16</key><ee>http://www.aaai.org/ocs/index.php/WS/AAAIW16/paper/view/12561</ee><url>https://dblp.org/rec/conf/aaai/HalleGB16</url></info>
<url>URL#1765486</url>
</hit>
<hit score="1" id="1765535">
<info><authors><author pid="176/0569">Heesik Jeon</author><author pid="00/3359">Hyung Rai Oh</author><author pid="151/4034">Inchul Hwang</author><author pid="08/427">Jihie Kim</author></authors><title>An Intelligent Dialogue Agent for the IoT Home.</title><venue>AAAI Workshop - Artificial Intelligence Applied to Assistive Technologies and Smart Environments</venue><year>2016</year><type>Conference and Workshop Papers</type><key>conf/aaai/JeonOHK16</key><ee>http://www.aaai.org/ocs/index.php/WS/AAAIW16/paper/view/12596</ee><url>https://dblp.org/rec/conf/aaai/JeonOHK16</url></info>
<url>URL#1765535</url>
</hit>
<hit score="1" id="1765586">
<info><authors><author pid="184/2376">Nicola Kuijpers</author><author pid="38/4348">Sylvain Giroux</author><author pid="82/4324">Florent de Lamotte</author><author pid="67/1244">Jean Luc Philippe</author></authors><title>Proposal of an Adaptive Service Providing System for a Multi-User Smart Home.</title><venue>AAAI Workshop - Artificial Intelligence Applied to Assistive Technologies and Smart Environments</venue><year>2016</year><type>Conference and Workshop Papers</type><key>conf/aaai/KuijpersGLP16</key><ee>http://www.aaai.org/ocs/index.php/WS/AAAIW16/paper/view/12569</ee><url>https://dblp.org/rec/conf/aaai/KuijpersGLP16</url></info>
<url>URL#1765586</url>
</hit>
<hit score="1" id="1765803">
<info><authors><author pid="53/11050">Anara Sandygulova</author><author pid="184/2422">Yerdaulet Absattar</author><author pid="184/2396">Damir Doszhan</author><author pid="139/5833">German Ignacio Parisi</author></authors><title>Child-Centred Motion-Based Age and Gender Estimation with Neural Network Learning.</title><venue>AAAI Workshop - Artificial Intelligence Applied to Assistive Technologies and Smart Environments</venue><year>2016</year><type>Conference and Workshop Papers</type><key>conf/aaai/SandygulovaADP16</key><ee>http://www.aaai.org/ocs/index.php/WS/AAAIW16/paper/view/12677</ee><url>https://dblp.org/rec/conf/aaai/SandygulovaADP16</url></info>
<url>URL#1765803</url>
</hit>
<hit score="1" id="1921923">
<info><authors><author pid="63/2180-1">Bruno Bouchard 0001</author><author pid="38/4348">Sylvain Giroux</author><author pid="10/2753">Abdenour Bouzouane</author><author pid="117/1729">Sébastien Gaboury</author></authors><title>Artificial Intelligence Applied to Assistive Technologies and Smart Environments, Papers from the 2016 AAAI Workshop, Phoenix, Arizona, USA, February 12, 2016</title><venue>AAAI Workshop - Artificial Intelligence Applied to Assistive Technologies and Smart Environments</venue><venue>AAAI Workshops</venue><volume>WS-16-01</volume><publisher>AAAI Press</publisher><year>2016</year><type>Editorship</type><key>conf/aaai/2016assistive</key><ee>http://www.aaai.org/Library/Workshops/ws16-01.php</ee><url>https://dblp.org/rec/conf/aaai/2016assistive</url></info>
<url>URL#1921923</url>
</hit>
</hits>
</result>
