<?xml version="1.0" encoding="UTF-8"?>
<result>
<query id="307740">:facetid:toc:db\"/\"conf\"/\"aaai\"/\"health2016\".\"bht</query>
<status code="200">OK</status>
<time unit="msecs">124.68</time>
<completions total="1" computed="1" sent="1">
<c sc="6" dc="6" oc="6" id="18218000">:facetid:toc:db/conf/aaai/health2016.bht</c>
</completions>
<hits total="6" computed="6" sent="6" first="0">
<hit score="1" id="1765511">
<info><authors><author pid="146/8262">Shenda Hong</author><author pid="15/277">Zhen Qiu</author><author pid="36/8119">Jinbo Zhang</author><author pid="62/5909-2">Hongyan Li 0002</author></authors><title>Combining Multiple Concurrent Physiological Streams to Assessing Patients Condition.</title><venue>AAAI Workshop - Expanding the Boundaries of Health Informatics Using AI</venue><year>2016</year><type>Conference and Workshop Papers</type><key>conf/aaai/HongQZL16</key><ee>http://www.aaai.org/ocs/index.php/WS/AAAIW16/paper/view/12585</ee><url>https://dblp.org/rec/conf/aaai/HongQZL16</url></info>
<url>URL#1765511</url>
</hit>
<hit score="1" id="1765687">
<info><authors><author pid="35/1126">Leandro Soriano Marcolino</author><author pid="170/5641">Aravind S. Lakshminarayanan</author><author pid="121/3511">Amulya Yadav</author><author pid="67/2667">Milind Tambe</author></authors><title>Simultaneous Influencing and Mapping for Health Interventions.</title><venue>AAAI Workshop - Expanding the Boundaries of Health Informatics Using AI</venue><year>2016</year><type>Conference and Workshop Papers</type><key>conf/aaai/MarcolinoLYT16</key><ee>http://www.aaai.org/ocs/index.php/WS/AAAIW16/paper/view/12626</ee><url>https://dblp.org/rec/conf/aaai/MarcolinoLYT16</url></info>
<url>URL#1765687</url>
</hit>
<hit score="1" id="1765774">
<info><authors><author pid="15/277">Zhen Qiu</author><author pid="11/7752-3">Feifei Li 0003</author><author pid="146/8262">Shenda Hong</author><author pid="62/5909-2">Hongyan Li 0002</author></authors><title>A Novel Method for Mining Semantics from Patterns over ECG Data.</title><venue>AAAI Workshop - Expanding the Boundaries of Health Informatics Using AI</venue><year>2016</year><type>Conference and Workshop Papers</type><key>conf/aaai/Qiu0HL16</key><ee>http://www.aaai.org/ocs/index.php/WS/AAAIW16/paper/view/12586</ee><url>https://dblp.org/rec/conf/aaai/Qiu0HL16</url></info>
<url>URL#1765774</url>
</hit>
<hit score="1" id="1765858">
<info><authors><author pid="64/3167">Shanu Sushmita</author><author pid="184/4630">Garima Khulbe</author><author pid="160/5982">Aftab Hasan</author><author pid="160/6023">Stacey Newman</author><author pid="33/7522">Padmashree Ravindra</author><author pid="97/3301">Senjuti Basu Roy</author><author pid="79/4249">Martine De Cock</author><author pid="t/AnkurTeredesai">Ankur Teredesai</author></authors><title>Predicting 30-Day Risk and Cost of &quot;All-Cause&quot; Hospital Readmissions.</title><venue>AAAI Workshop - Expanding the Boundaries of Health Informatics Using AI</venue><year>2016</year><type>Conference and Workshop Papers</type><key>conf/aaai/SushmitaKHNRRCT16</key><ee>http://www.aaai.org/ocs/index.php/WS/AAAIW16/paper/view/12669</ee><url>https://dblp.org/rec/conf/aaai/SushmitaKHNRRCT16</url></info>
<url>URL#1765858</url>
</hit>
<hit score="1" id="1765868">
<info><authors><author pid="98/7659">Cem Tekin</author><author pid="173/5409">Jinsung Yoon</author><author pid="s/MihaelavanderSchaar">Mihaela van der Schaar</author></authors><title>Adaptive Ensemble Learning with Confidence Bounds for Personalized Diagnosis.</title><venue>AAAI Workshop - Expanding the Boundaries of Health Informatics Using AI</venue><year>2016</year><type>Conference and Workshop Papers</type><key>conf/aaai/TekinYS16</key><ee>http://www.aaai.org/ocs/index.php/WS/AAAIW16/paper/view/12590</ee><url>https://dblp.org/rec/conf/aaai/TekinYS16</url></info>
<url>URL#1765868</url>
</hit>
<hit score="1" id="1921928">
<info><authors><author pid="80/3650">Martin Michalowski</author></authors><title>Expanding the Boundaries of Health Informatics Using AI, Papers from the 2016 AAAI Workshop, Phoenix, Arizona, USA, February 13, 2016.</title><venue>AAAI Workshop - Expanding the Boundaries of Health Informatics Using AI</venue><venue>AAAI Workshops</venue><volume>WS-16-08</volume><publisher>AAAI Press</publisher><year>2016</year><type>Editorship</type><key>conf/aaai/2016health</key><ee>http://www.aaai.org/Library/Workshops/ws16-08.php</ee><url>https://dblp.org/rec/conf/aaai/2016health</url></info>
<url>URL#1921928</url>
</hit>
</hits>
</result>
