<?xml version="1.0" encoding="UTF-8"?>
<result>
<query id="308485">:facetid:toc:db\"/\"conf\"/\"aaai\"/\"aaai2017w\".\"bht</query>
<status code="200">OK</status>
<time unit="msecs">120.22</time>
<completions total="1" computed="1" sent="1">
<c sc="152" dc="152" oc="152" id="18217945">:facetid:toc:db/conf/aaai/aaai2017w.bht</c>
</completions>
<hits total="152" computed="152" sent="152" first="0">
<hit score="1" id="1443760">
<info><authors><author pid="168/8497-2">Ayan Das 0002</author><author pid="229/7580">Raghuveer Chanda</author><author pid="59/1967">Smriti Agrawal</author><author pid="64/6249">Sourangshu Bhattacharya</author></authors><title>Distributed Weighted Parameter Averaging for SVM Training on Big Data.</title><venue>AAAI Workshops</venue><year>2017</year><type>Conference and Workshop Papers</type><key>conf/aaai/0002CAB17</key><ee>http://aaai.org/ocs/index.php/WS/AAAIW17/paper/view/15150</ee><url>https://dblp.org/rec/conf/aaai/0002CAB17</url></info>
<url>URL#1443760</url>
</hit>
<hit score="1" id="1443763">
<info><authors><author pid="68/3020-2">Seunghyun Yoon 0002</author><author pid="194/2671">Hyeongu Yun</author><author pid="98/4454">Yuna Kim</author><author pid="08/36">Gyu-tae Park</author><author pid="48/3867">Kyomin Jung</author></authors><title>Efficient Transfer Learning Schemes for Personalized Language Modeling using Recurrent Neural Network.</title><venue>AAAI Workshops</venue><year>2017</year><type>Conference and Workshop Papers</type><key>conf/aaai/0002YKPJ17</key><ee>http://aaai.org/ocs/index.php/WS/AAAIW17/paper/view/15144</ee><url>https://dblp.org/rec/conf/aaai/0002YKPJ17</url></info>
<url>URL#1443763</url>
</hit>
<hit score="1" id="1443768">
<info><authors><author pid="31/10265">Abbas Abdolmaleki</author><author pid="223/3938">David Simões 0001</author><author pid="57/5199">Nuno Lau</author><author pid="r/LuisPauloReis">Luís Paulo Reis</author><author pid="47/5188">Bob Price</author><author pid="60/4878">Gerhard Neumann</author></authors><title>Stochastic Search In Changing Situations.</title><venue>AAAI Workshops</venue><year>2017</year><type>Conference and Workshop Papers</type><key>conf/aaai/AbdolmalekiSLRP17</key><ee>http://aaai.org/ocs/index.php/WS/AAAIW17/paper/view/15204</ee><url>https://dblp.org/rec/conf/aaai/AbdolmalekiSLRP17</url></info>
<url>URL#1443768</url>
</hit>
<hit score="1" id="1443775">
<info><authors><author pid="11/11304">Rakshit Agrawal</author><author pid="d/LucadeAlfaro">Luca de Alfaro</author><author pid="134/6796">Vassilis Polychronopoulos</author></authors><title>Learning from Graph Neighborhoods Using LSTMs.</title><venue>AAAI Workshops</venue><year>2017</year><type>Conference and Workshop Papers</type><key>conf/aaai/AgrawalAP17</key><ee>http://aaai.org/ocs/index.php/WS/AAAIW17/paper/view/15139</ee><url>https://dblp.org/rec/conf/aaai/AgrawalAP17</url></info>
<url>URL#1443775</url>
</hit>
<hit score="1" id="1443777">
<info><authors><author pid="33/11518">Nesreen K. Ahmed</author><author pid="17/5085">Ryan A. Rossi</author><author pid="40/3641">Theodore L. Willke</author><author pid="z/RongZhou1">Rong Zhou 0001</author></authors><title>A Higher-Order Latent Space Network Model.</title><venue>AAAI Workshops</venue><year>2017</year><type>Conference and Workshop Papers</type><key>conf/aaai/AhmedRW017</key><ee>http://aaai.org/ocs/index.php/WS/AAAIW17/paper/view/15066</ee><url>https://dblp.org/rec/conf/aaai/AhmedRW017</url></info>
<url>URL#1443777</url>
</hit>
<hit score="1" id="1443794">
<info><authors><author pid="59/4095-1">Michael Anderson 0001</author><author pid="20/3527">Susan Leigh Anderson</author><author pid="67/7231">Vincent Berenz</author></authors><title>A Value Driven Agent - Instantiation of a Case-Supported Principle-Based Behavior Paradigm.</title><venue>AAAI Workshops</venue><year>2017</year><type>Conference and Workshop Papers</type><key>conf/aaai/AndersonAB17</key><ee>http://aaai.org/ocs/index.php/WS/AAAIW17/paper/view/15065</ee><url>https://dblp.org/rec/conf/aaai/AndersonAB17</url></info>
<url>URL#1443794</url>
</hit>
<hit score="1" id="1443802">
<info><authors><author pid="229/7578">Kaito Ariu</author><author pid="22/336">Cheng Fang</author><author pid="88/9882">Márcio da Silva Arantes</author><author pid="07/5259">Cláudio Toledo 0001</author><author pid="117/4893">Brian Charles Williams</author></authors><title>Chance-Constrained Path Planning with Continuous Time Safety Guarantees.</title><venue>AAAI Workshops</venue><year>2017</year><type>Conference and Workshop Papers</type><key>conf/aaai/AriuFATW17</key><ee>http://aaai.org/ocs/index.php/WS/AAAIW17/paper/view/15149</ee><url>https://dblp.org/rec/conf/aaai/AriuFATW17</url></info>
<url>URL#1443802</url>
</hit>
<hit score="1" id="1443803">
<info><authors><author pid="64/7614">Kenneth Charles Arnold</author><author pid="18/2428">Kai-Wei Chang</author><author pid="k/AdamTaumanKalai">Adam Tauman Kalai</author></authors><title>Learning to Suggest Phrases.</title><venue>AAAI Workshops</venue><year>2017</year><type>Conference and Workshop Papers</type><key>conf/aaai/ArnoldCK17</key><ee>http://aaai.org/ocs/index.php/WS/AAAIW17/paper/view/15120</ee><url>https://dblp.org/rec/conf/aaai/ArnoldCK17</url></info>
<url>URL#1443803</url>
</hit>
<hit score="1" id="1443804">
<info><authors><author pid="41/3737-1">Thomas Arnold 0001</author><author pid="202/1832">Daniel Kasenberg</author><author pid="00/2197">Matthias Scheutz</author></authors><title>Value Alignment or Misalignment - What Will Keep Systems Accountable?</title><venue>AAAI Workshops</venue><year>2017</year><type>Conference and Workshop Papers</type><key>conf/aaai/ArnoldKS17</key><ee>http://aaai.org/ocs/index.php/WS/AAAIW17/paper/view/15216</ee><url>https://dblp.org/rec/conf/aaai/ArnoldKS17</url></info>
<url>URL#1443804</url>
</hit>
<hit score="1" id="1443814">
<info><authors><author pid="85/7483">Yuan Bai</author><author pid="46/999">Bo Yang</author><author pid="229/7588">Rosalind M. Eggo</author><author pid="142/4941">Zhanwei Du</author></authors><title>Event-Based Structural Change Detection in Urban-Scale Contact Network.</title><venue>AAAI Workshops</venue><year>2017</year><type>Conference and Workshop Papers</type><key>conf/aaai/BaiYED17</key><ee>http://aaai.org/ocs/index.php/WS/AAAIW17/paper/view/15199</ee><url>https://dblp.org/rec/conf/aaai/BaiYED17</url></info>
<url>URL#1443814</url>
</hit>
<hit score="1" id="1443820">
<info><authors><author pid="137/8394">Shubham Bansal</author><author pid="91/3230">Mischa Schmidt</author></authors><title>Energy Disaggregation Methods for Commercial Buildings Using Smart Meter and Operational Data.</title><venue>AAAI Workshops</venue><year>2017</year><type>Conference and Workshop Papers</type><key>conf/aaai/BansalS17</key><ee>http://aaai.org/ocs/index.php/WS/AAAIW17/paper/view/15097</ee><url>https://dblp.org/rec/conf/aaai/BansalS17</url></info>
<url>URL#1443820</url>
</hit>
<hit score="1" id="1443826">
<info><authors><author pid="37/11297">Sander Beckers</author></authors><title>AAAI - An Argument Against Artificial Intelligence.</title><venue>AAAI Workshops</venue><year>2017</year><type>Conference and Workshop Papers</type><key>conf/aaai/Beckers17</key><ee>http://aaai.org/ocs/index.php/WS/AAAIW17/paper/view/15084</ee><url>https://dblp.org/rec/conf/aaai/Beckers17</url></info>
<url>URL#1443826</url>
</hit>
<hit score="1" id="1443829">
<info><authors><author pid="52/570">Vaishak Belle</author></authors><title>Open-Universe Weighted Model Counting - Extended Abstract.</title><venue>AAAI Workshops</venue><year>2017</year><type>Conference and Workshop Papers</type><key>conf/aaai/Belle17a</key><ee>http://aaai.org/ocs/index.php/WS/AAAIW17/paper/view/15132</ee><url>https://dblp.org/rec/conf/aaai/Belle17a</url></info>
<url>URL#1443829</url>
</hit>
<hit score="1" id="1443844">
<info><authors><author pid="195/8207">Rodrigo Cesar Bonini</author><author pid="177/9513">Felipe Leno da Silva</author><author pid="83/215">Edison Spina</author><author pid="r/AnnaHelenaRealiCosta">Anna Helena Reali Costa</author></authors><title>Using Options to Accelerate Learning of New Tasks According to Human Preferences.</title><venue>AAAI Workshops</venue><year>2017</year><type>Conference and Workshop Papers</type><key>conf/aaai/BoniniSSC17</key><ee>http://aaai.org/ocs/index.php/WS/AAAIW17/paper/view/15189</ee><url>https://dblp.org/rec/conf/aaai/BoniniSSC17</url></info>
<url>URL#1443844</url>
</hit>
<hit score="1" id="1443855">
<info><authors><author pid="229/7584">Jonathan Brophy</author><author pid="80/3901">Daniel Lowd</author></authors><title>Collective Classification of Social Network Spam.</title><venue>AAAI Workshops</venue><year>2017</year><type>Conference and Workshop Papers</type><key>conf/aaai/BrophyL17</key><ee>http://aaai.org/ocs/index.php/WS/AAAIW17/paper/view/15064</ee><url>https://dblp.org/rec/conf/aaai/BrophyL17</url></info>
<url>URL#1443855</url>
</hit>
<hit score="1" id="1443857">
<info><authors><author pid="149/1329">Noam Brown</author><author pid="s/TuomasSandholm">Tuomas Sandholm</author></authors><title>Reduced Space and Faster Convergence in Imperfect-Information Games via Regret-Based Pruning.</title><venue>AAAI Workshops</venue><year>2017</year><type>Conference and Workshop Papers</type><key>conf/aaai/BrownS17</key><ee>http://aaai.org/ocs/index.php/WS/AAAIW17/paper/view/15203</ee><url>https://dblp.org/rec/conf/aaai/BrownS17</url></info>
<url>URL#1443857</url>
</hit>
<hit score="1" id="1443858">
<info><authors><author pid="149/1329">Noam Brown</author><author pid="s/TuomasSandholm">Tuomas Sandholm</author></authors><title>Safe and Nested Endgame Solving for Imperfect-Information Games.</title><venue>AAAI Workshops</venue><year>2017</year><type>Conference and Workshop Papers</type><key>conf/aaai/BrownS17a</key><ee>http://aaai.org/ocs/index.php/WS/AAAIW17/paper/view/15213</ee><url>https://dblp.org/rec/conf/aaai/BrownS17a</url></info>
<url>URL#1443858</url>
</hit>
<hit score="1" id="1443859">
<info><authors><author pid="54/3492">Cameron Browne</author></authors><title>Back to the Past - Ancient Games as a New AI Frontier.</title><venue>AAAI Workshops</venue><year>2017</year><type>Conference and Workshop Papers</type><key>conf/aaai/Browne17</key><ee>http://aaai.org/ocs/index.php/WS/AAAIW17/paper/view/15063</ee><url>https://dblp.org/rec/conf/aaai/Browne17</url></info>
<url>URL#1443859</url>
</hit>
<hit score="1" id="1443863">
<info><authors><author pid="66/2770">Neil Burch</author><author pid="96/3654">Martin Schmid</author><author pid="149/1276">Matej Moravcik</author><author pid="71/5161">Michael Bowling</author></authors><title>AIVAT - A New Variance Reduction Technique for Agent Evaluation in Imperfect Information Games.</title><venue>AAAI Workshops</venue><year>2017</year><type>Conference and Workshop Papers</type><key>conf/aaai/BurchSMB17</key><ee>http://aaai.org/ocs/index.php/WS/AAAIW17/paper/view/15119</ee><url>https://dblp.org/rec/conf/aaai/BurchSMB17</url></info>
<url>URL#1443863</url>
</hit>
<hit score="1" id="1443865">
<info><authors><author pid="198/5476">Pengshan Cai</author><author pid="64/6025-107">Wei Li 0107</author><author pid="25/2643">Yansong Feng</author><author pid="65/5018">Yuanzhuo Wang</author><author pid="130/0492">Yantao Jia</author></authors><title>Learning Knowledge Representation Across Knowledge Graphs.</title><venue>AAAI Workshops</venue><year>2017</year><type>Conference and Workshop Papers</type><key>conf/aaai/CaiLFWJ17</key><ee>http://aaai.org/ocs/index.php/WS/AAAIW17/paper/view/15103</ee><url>https://dblp.org/rec/conf/aaai/CaiLFWJ17</url></info>
<url>URL#1443865</url>
</hit>
<hit score="1" id="1443874">
<info><authors><author pid="29/10920">Rogelio Enrique Cardona-Rivera</author></authors><title>Cognitively-Grounded Procedural Content Generation.</title><venue>AAAI Workshops</venue><year>2017</year><type>Conference and Workshop Papers</type><key>conf/aaai/Cardona-Rivera17</key><ee>http://aaai.org/ocs/index.php/WS/AAAIW17/paper/view/15083</ee><url>https://dblp.org/rec/conf/aaai/Cardona-Rivera17</url></info>
<url>URL#1443874</url>
</hit>
<hit score="1" id="1443875">
<info><authors><author pid="29/10920">Rogelio Enrique Cardona-Rivera</author><author pid="140/7235">Robert Michael Young</author></authors><title>Toward Combining Domain Theory and Recipes in Plan Recognition.</title><venue>AAAI Workshops</venue><year>2017</year><type>Conference and Workshop Papers</type><key>conf/aaai/Cardona-RiveraY17</key><ee>http://aaai.org/ocs/index.php/WS/AAAIW17/paper/view/15077</ee><url>https://dblp.org/rec/conf/aaai/Cardona-RiveraY17</url></info>
<url>URL#1443875</url>
</hit>
<hit score="1" id="1443878">
<info><authors><author pid="131/5318">Jiri Cermak</author><author pid="24/5039">Branislav Bosanský</author></authors><title>Towards Solving Imperfect Recall Games.</title><venue>AAAI Workshops</venue><year>2017</year><type>Conference and Workshop Papers</type><key>conf/aaai/CermakB17</key><ee>http://aaai.org/ocs/index.php/WS/AAAIW17/paper/view/15192</ee><url>https://dblp.org/rec/conf/aaai/CermakB17</url></info>
<url>URL#1443878</url>
</hit>
<hit score="1" id="1443879">
<info><authors><author pid="131/5318">Jiri Cermak</author><author pid="24/5039">Branislav Bosanský</author><author pid="p/MichalPechoucek">Michal Pechoucek</author></authors><title>Combining Incremental Strategy Generation and Branch and Bound Search for Computing Maxmin Strategies in Imperfect Recall Games.</title><venue>AAAI Workshops</venue><year>2017</year><type>Conference and Workshop Papers</type><key>conf/aaai/CermakBP17</key><ee>http://aaai.org/ocs/index.php/WS/AAAIW17/paper/view/15190</ee><url>https://dblp.org/rec/conf/aaai/CermakBP17</url></info>
<url>URL#1443879</url>
</hit>
<hit score="1" id="1443882">
<info><authors><author pid="229/7586">Balasubramaniyan Chandrasekaran</author><author pid="56/503">James M. Conrad</author></authors><title>Complete Coverage Planning - Achieving Human Interaction and Maximum Coverage During an Autonomous Robotic Vehicle Navigation of an Unknown Terrain.</title><venue>AAAI Workshops</venue><year>2017</year><type>Conference and Workshop Papers</type><key>conf/aaai/ChandrasekaranC17a</key><ee>http://aaai.org/ocs/index.php/WS/AAAIW17/paper/view/15226</ee><url>https://dblp.org/rec/conf/aaai/ChandrasekaranC17a</url></info>
<url>URL#1443882</url>
</hit>
<hit score="1" id="1443897">
<info><authors><author pid="92/1489-8">Dongdong Chen 0008</author><author pid="68/2367-1">Jiancheng Lv 0001</author><author pid="64/6544">Yi Zhang</author></authors><title>Unsupervised Multi-Manifold Clustering by Learning Deep Representation.</title><venue>AAAI Workshops</venue><year>2017</year><type>Conference and Workshop Papers</type><key>conf/aaai/ChenLZ17a</key><ee>http://aaai.org/ocs/index.php/WS/AAAIW17/paper/view/15099</ee><url>https://dblp.org/rec/conf/aaai/ChenLZ17a</url></info>
<url>URL#1443897</url>
</hit>
<hit score="1" id="1443899">
<info><authors><author pid="152/6215">Cen Chen</author><author pid="96/3529">Zachary B. Rubinstein</author><author pid="s/StephenFSmith">Stephen F. Smith</author><author pid="27/6572">Hoong Chuin Lau</author></authors><title>Scalable Approaches to Home Health Care Scheduling Problems with Uncertainty.</title><venue>AAAI Workshops</venue><year>2017</year><type>Conference and Workshop Papers</type><key>conf/aaai/ChenRSL17</key><ee>http://aaai.org/ocs/index.php/WS/AAAIW17/paper/view/15146</ee><url>https://dblp.org/rec/conf/aaai/ChenRSL17</url></info>
<url>URL#1443899</url>
</hit>
<hit score="1" id="1443905">
<info><authors><author pid="26/6233">Jinyoung Choi</author><author pid="123/2246">Beom-Jin Lee</author><author pid="09/5682">Byoung-Tak Zhang</author></authors><title>Multi-Focus Attention Network for Efficient Deep Reinforcement Learning.</title><venue>AAAI Workshops</venue><year>2017</year><type>Conference and Workshop Papers</type><key>conf/aaai/ChoiLZ17</key><ee>http://aaai.org/ocs/index.php/WS/AAAIW17/paper/view/15100</ee><url>https://dblp.org/rec/conf/aaai/ChoiLZ17</url></info>
<url>URL#1443905</url>
</hit>
<hit score="1" id="1443914">
<info><authors><author pid="37/7561">Alexandra Coman</author><author pid="84/2126-3">Benjamin Johnson 0003</author><author pid="01/9770">Gordon Briggs</author><author pid="25/557">David W. Aha</author></authors><title>Social Attitudes of AI Rebellion - A Framework.</title><venue>AAAI Workshops</venue><year>2017</year><type>Conference and Workshop Papers</type><key>conf/aaai/ComanJBA17</key><ee>http://aaai.org/ocs/index.php/WS/AAAIW17/paper/view/15164</ee><url>https://dblp.org/rec/conf/aaai/ComanJBA17</url></info>
<url>URL#1443914</url>
</hit>
<hit score="1" id="1443915">
<info><authors><author pid="c/VincentConitzer">Vincent Conitzer</author><author pid="86/8267">Walter Sinnott-Armstrong</author><author pid="00/5525">Jana Schaich Borg</author><author pid="58/366">Yuan Deng</author><author pid="195/8147">Max Kramer 0001</author></authors><title>Moral Decision Making Frameworks for Artificial Intelligence.</title><venue>AAAI Workshops</venue><year>2017</year><type>Conference and Workshop Papers</type><key>conf/aaai/ConitzerSBD017</key><ee>http://aaai.org/ocs/index.php/WS/AAAIW17/paper/view/15085</ee><url>https://dblp.org/rec/conf/aaai/ConitzerSBD017</url></info>
<url>URL#1443915</url>
</hit>
<hit score="1" id="1443917">
<info><authors><author pid="137/3340">Cristina Cornelio</author><author pid="s/VijayASaraswat">Vijay A. Saraswat</author></authors><title>Expressing Probabilistic Graphical Models in RCC.</title><venue>AAAI Workshops</venue><year>2017</year><type>Conference and Workshop Papers</type><key>conf/aaai/CornelioS17</key><ee>http://aaai.org/ocs/index.php/WS/AAAIW17/paper/view/15218</ee><url>https://dblp.org/rec/conf/aaai/CornelioS17</url></info>
<url>URL#1443917</url>
</hit>
<hit score="1" id="1443928">
<info><authors><author pid="186/1469">Mayukh Das</author><author pid="136/5279-1">Md Rakibul Islam 0001</author><author pid="33/8355">Janardhan Rao Doppa</author><author pid="r/DanRoth">Dan Roth</author><author pid="19/1038">Sriraam Natarajan</author></authors><title>Active Preference Elicitation for Planning.</title><venue>AAAI Workshops</venue><year>2017</year><type>Conference and Workshop Papers</type><key>conf/aaai/DasIDRN17</key><ee>http://aaai.org/ocs/index.php/WS/AAAIW17/paper/view/15198</ee><url>https://dblp.org/rec/conf/aaai/DasIDRN17</url></info>
<url>URL#1443928</url>
</hit>
<hit score="1" id="1443934">
<info><authors><author pid="135/5591">Ameneh Deljoo</author><author pid="46/1348">Tom M. van Engers</author><author pid="64/508">Leon Gommans</author><author pid="d/CeesTAMdeLaat">Cees T. A. M. de Laat</author></authors><title>What Is Going On - Utility-Based Plan Selection in BDI Agents.</title><venue>AAAI Workshops</venue><year>2017</year><type>Conference and Workshop Papers</type><key>conf/aaai/DeljooEGL17</key><ee>http://aaai.org/ocs/index.php/WS/AAAIW17/paper/view/15075</ee><url>https://dblp.org/rec/conf/aaai/DeljooEGL17</url></info>
<url>URL#1443934</url>
</hit>
<hit score="1" id="1443939">
<info><authors><author pid="201/2130">Devendra Singh Dhami</author><author pid="61/6475">David Leake</author><author pid="19/1038">Sriraam Natarajan</author></authors><title>Knowledge-Based Morphological Classification of Galaxies from Vision Features.</title><venue>AAAI Workshops</venue><year>2017</year><type>Conference and Workshop Papers</type><key>conf/aaai/DhamiLN17</key><ee>http://aaai.org/ocs/index.php/WS/AAAIW17/paper/view/15194</ee><url>https://dblp.org/rec/conf/aaai/DhamiLN17</url></info>
<url>URL#1443939</url>
</hit>
<hit score="1" id="1443940">
<info><authors><author pid="135/8679">Travis Dick</author><author pid="36/4526-3">Mu Li 0003</author><author pid="173/5185">Venkata Krishna Pillutla</author><author pid="136/9162">Colin White</author><author pid="b/MariaFlorinaBalcan">Maria-Florina Balcan</author><author pid="s/AlexanderJSmola">Alexander J. Smola</author></authors><title>Data Driven Resource Allocation for Distributed Learning.</title><venue>AAAI Workshops</venue><year>2017</year><type>Conference and Workshop Papers</type><key>conf/aaai/DickLPWBS17</key><ee>http://aaai.org/ocs/index.php/WS/AAAIW17/paper/view/15160</ee><url>https://dblp.org/rec/conf/aaai/DickLPWBS17</url></info>
<url>URL#1443940</url>
</hit>
<hit score="1" id="1443942">
<info><authors><author pid="75/8479">John P. Dickerson</author><author pid="124/9544">Aleksandr M. Kazachkov</author><author pid="p/ArielDProcaccia">Ariel D. Procaccia</author><author pid="s/TuomasSandholm">Tuomas Sandholm</author></authors><title>Small Representations of Big Kidney Exchange Graphs.</title><venue>AAAI Workshops</venue><year>2017</year><type>Conference and Workshop Papers</type><key>conf/aaai/DickersonKPS17a</key><ee>http://aaai.org/ocs/index.php/WS/AAAIW17/paper/view/15155</ee><url>https://dblp.org/rec/conf/aaai/DickersonKPS17a</url></info>
<url>URL#1443942</url>
</hit>
<hit score="1" id="1443953">
<info><authors><author pid="61/9074">Yolanda E-Martín</author><author pid="95/2477-1">David E. Smith 0001</author></authors><title>Goal Recognition with Noisy Observations.</title><venue>AAAI Workshops</venue><year>2017</year><type>Conference and Workshop Papers</type><key>conf/aaai/E-MartinS17</key><ee>http://aaai.org/ocs/index.php/WS/AAAIW17/paper/view/15225</ee><url>https://dblp.org/rec/conf/aaai/E-MartinS17</url></info>
<url>URL#1443953</url>
</hit>
<hit score="1" id="1443955">
<info><authors><author pid="166/4976">Mahmoud Elbattah</author><author pid="86/5696">Owen Molloy</author></authors><title>Clustering-Aided Approach for Predicting Patient Outcomes with Application to Elderly Healthcare in Ireland.</title><venue>AAAI Workshops</venue><year>2017</year><type>Conference and Workshop Papers</type><key>conf/aaai/ElbattahM17</key><ee>http://aaai.org/ocs/index.php/WS/AAAIW17/paper/view/15188</ee><url>https://dblp.org/rec/conf/aaai/ElbattahM17</url></info>
<url>URL#1443955</url>
</hit>
<hit score="1" id="1443967">
<info><authors><author pid="159/2090">Gabriele Farina</author><author pid="75/8479">John P. Dickerson</author><author pid="s/TuomasSandholm">Tuomas Sandholm</author></authors><title>Inter-Club Kidney Exchange.</title><venue>AAAI Workshops</venue><year>2017</year><type>Conference and Workshop Papers</type><key>conf/aaai/FarinaDS17</key><ee>http://aaai.org/ocs/index.php/WS/AAAIW17/paper/view/15172</ee><url>https://dblp.org/rec/conf/aaai/FarinaDS17</url></info>
<url>URL#1443967</url>
</hit>
<hit score="1" id="1443979">
<info><authors><author pid="119/6404">Ferdinando Fioretto</author><author pid="97/4283-1">William Yeoh 0001</author><author pid="p/EnricoPontelli">Enrico Pontelli</author></authors><title>A Multiagent System Approach to Scheduling Devices in Smart Homes.</title><venue>AAAI Workshops</venue><year>2017</year><type>Conference and Workshop Papers</type><key>conf/aaai/Fioretto0P17</key><ee>http://aaai.org/ocs/index.php/WS/AAAIW17/paper/view/15111</ee><url>https://dblp.org/rec/conf/aaai/Fioretto0P17</url></info>
<url>URL#1443979</url>
</hit>
<hit score="1" id="1443987">
<info><authors><author pid="65/1552">Lex Fridman</author><author pid="17/575">Bryan Reimer</author></authors><title>Semi-Automated Annotation of Discrete States in Large Video Datasets.</title><venue>AAAI Workshops</venue><year>2017</year><type>Conference and Workshop Papers</type><key>conf/aaai/FridmanR17</key><ee>http://aaai.org/ocs/index.php/WS/AAAIW17/paper/view/15223</ee><url>https://dblp.org/rec/conf/aaai/FridmanR17</url></info>
<url>URL#1443987</url>
</hit>
<hit score="1" id="1443990">
<info><authors><author pid="02/10091">P. Michael Furlong</author></authors><title>Adaptive Sample Selection for Hypothesis Falsification.</title><venue>AAAI Workshops</venue><year>2017</year><type>Conference and Workshop Papers</type><key>conf/aaai/Furlong17</key><ee>http://aaai.org/ocs/index.php/WS/AAAIW17/paper/view/15217</ee><url>https://dblp.org/rec/conf/aaai/Furlong17</url></info>
<url>URL#1443990</url>
</hit>
<hit score="1" id="1443994">
<info><authors><author pid="229/7571">Aliya Gangji</author><author pid="229/7574">Trevor Walden</author><author pid="143/2406">Preethi Vaidyanathan</author><author pid="27/7720">Emily Prud&apos;hommeaux</author><author pid="94/5210">Reynold Bailey</author><author pid="59/1175">Cecilia O. Alm</author></authors><title>Using Co-Captured Face, Gaze, and Verbal Reactions to Images of Varying Emotional Content for Analysis and Semantic Alignment.</title><venue>AAAI Workshops</venue><year>2017</year><type>Conference and Workshop Papers</type><key>conf/aaai/GangjiWVPBA17</key><ee>http://aaai.org/ocs/index.php/WS/AAAIW17/paper/view/15116</ee><url>https://dblp.org/rec/conf/aaai/GangjiWVPBA17</url></info>
<url>URL#1443994</url>
</hit>
<hit score="1" id="1443997">
<info><authors><author pid="00/744">Sam Ganzfried</author><author pid="192/1633">Farzana Yusuf</author></authors><title>Learning Human-Understandable Strategies.</title><venue>AAAI Workshops</venue><year>2017</year><type>Conference and Workshop Papers</type><key>conf/aaai/GanzfriedY17</key><ee>http://aaai.org/ocs/index.php/WS/AAAIW17/paper/view/15176</ee><url>https://dblp.org/rec/conf/aaai/GanzfriedY17</url></info>
<url>URL#1443997</url>
</hit>
<hit score="1" id="1443998">
<info><authors><author pid="76/2452">Yuan Gao</author><author pid="30/2277">Sanmay Das</author><author pid="215/7536">Patrick J. Fowler</author></authors><title>Homelessness Service Provision - A Data Science Perspective.</title><venue>AAAI Workshops</venue><year>2017</year><type>Conference and Workshop Papers</type><key>conf/aaai/GaoDF17</key><ee>http://aaai.org/ocs/index.php/WS/AAAIW17/paper/view/15212</ee><url>https://dblp.org/rec/conf/aaai/GaoDF17</url></info>
<url>URL#1443998</url>
</hit>
<hit score="1" id="1444008">
<info><authors><author pid="88/4021">Christopher William Geib</author></authors><title>Partial Observability in Grammar Based Plan Recognition.</title><venue>AAAI Workshops</venue><year>2017</year><type>Conference and Workshop Papers</type><key>conf/aaai/Geib17</key><ee>http://aaai.org/ocs/index.php/WS/AAAIW17/paper/view/15080</ee><url>https://dblp.org/rec/conf/aaai/Geib17</url></info>
<url>URL#1444008</url>
</hit>
<hit score="1" id="1444015">
<info><authors><author pid="45/4320">Shalini Ghosh</author><author pid="l/PatrickLincoln">Patrick Lincoln</author><author pid="t/AshishTiwari">Ashish Tiwari 0001</author><author pid="z/XiaojinZhu">Xiaojin Zhu 0001</author></authors><title>Trusted Machine Learning - Model Repair and Data Repair for Probabilistic Models.</title><venue>AAAI Workshops</venue><year>2017</year><type>Conference and Workshop Papers</type><key>conf/aaai/GhoshLT017</key><ee>http://aaai.org/ocs/index.php/WS/AAAIW17/paper/view/15206</ee><url>https://dblp.org/rec/conf/aaai/GhoshLT017</url></info>
<url>URL#1444015</url>
</hit>
<hit score="1" id="1444016">
<info><authors><author pid="45/4320">Shalini Ghosh</author><author pid="48/3729">Phillip A. Porras</author><author pid="75/3570">Vinod Yegneswaran</author><author pid="229/7575">Ken Nitz</author><author pid="66/10236">Ariyam Das</author></authors><title>ATOL - A Framework for Automated Analysis and Categorization of the Darkweb Ecosystem.</title><venue>AAAI Workshops</venue><year>2017</year><type>Conference and Workshop Papers</type><key>conf/aaai/GhoshPYND17</key><ee>http://aaai.org/ocs/index.php/WS/AAAIW17/paper/view/15205</ee><url>https://dblp.org/rec/conf/aaai/GhoshPYND17</url></info>
<url>URL#1444016</url>
</hit>
<hit score="1" id="1444025">
<info><authors><author pid="g/JudyGoldsmith">Judy Goldsmith</author><author pid="184/2446">Emanuelle Burton</author></authors><title>Why Teaching Ethics to AI Practitioners Is Important.</title><venue>AAAI Workshops</venue><year>2017</year><type>Conference and Workshop Papers</type><key>conf/aaai/GoldsmithB17a</key><ee>http://aaai.org/ocs/index.php/WS/AAAIW17/paper/view/15210</ee><url>https://dblp.org/rec/conf/aaai/GoldsmithB17a</url></info>
<url>URL#1444025</url>
</hit>
<hit score="1" id="1444027">
<info><authors><author pid="144/1022">Matthew Craig Gombolay</author><author pid="183/0879">Reed Jensen</author><author pid="183/0959">Jessica Stigile</author><author pid="144/3900">Sung-Hyun Son</author><author pid="30/6778">Julie A. Shah</author></authors><title>Learning to Tutor from Expert Demonstrators via Apprenticeship Scheduling.</title><venue>AAAI Workshops</venue><year>2017</year><type>Conference and Workshop Papers</type><key>conf/aaai/GombolayJSSS17</key><ee>http://aaai.org/ocs/index.php/WS/AAAIW17/paper/view/15098</ee><url>https://dblp.org/rec/conf/aaai/GombolayJSSS17</url></info>
<url>URL#1444027</url>
</hit>
<hit score="1" id="1444034">
<info><authors><author pid="94/473">Roger Leitzke Granada</author><author pid="178/8870">Ramon Fraga Pereira</author><author pid="201/5206">Juarez Monteiro</author><author pid="33/1197">Rodrigo Coelho Barros</author><author pid="22/1939">Duncan D. Ruiz</author><author pid="10/985">Felipe Meneguzzi</author></authors><title>Hybrid Activity and Plan Recognition for Video Streams.</title><venue>AAAI Workshops</venue><year>2017</year><type>Conference and Workshop Papers</type><key>conf/aaai/GranadaPMBRM17</key><ee>http://aaai.org/ocs/index.php/WS/AAAIW17/paper/view/15117</ee><url>https://dblp.org/rec/conf/aaai/GranadaPMBRM17</url></info>
<url>URL#1444034</url>
</hit>
<hit score="1" id="1444035">
<info><authors><author pid="129/7673">Arnaud Grignard</author><author pid="73/2108">Alexis Drogoul</author></authors><title>Agent-Based Visualization - A Real-Time Visualization Tool Applied Both to Data and Simulation Outputs.</title><venue>AAAI Workshops</venue><year>2017</year><type>Conference and Workshop Papers</type><key>conf/aaai/GrignardD17</key><ee>http://aaai.org/ocs/index.php/WS/AAAIW17/paper/view/15122</ee><url>https://dblp.org/rec/conf/aaai/GrignardD17</url></info>
<url>URL#1444035</url>
</hit>
<hit score="1" id="1444041">
<info><authors><author pid="74/4904">Qingyu Guo</author><author pid="42/6178-1">Bo An 0001</author><author pid="24/5039">Branislav Bosanský</author><author pid="95/1694">Christopher Kiekintveld</author></authors><title>Strategic Information Revelation and Commitment in Security Games.</title><venue>AAAI Workshops</venue><year>2017</year><type>Conference and Workshop Papers</type><key>conf/aaai/GuoABK17</key><ee>http://aaai.org/ocs/index.php/WS/AAAIW17/paper/view/15104</ee><url>https://dblp.org/rec/conf/aaai/GuoABK17</url></info>
<url>URL#1444041</url>
</hit>
<hit score="1" id="1444049">
<info><authors><author pid="178/8704">Marcus Paul Gutierrez</author><author pid="95/1694">Christopher Kiekintveld</author></authors><title>Adapting Honeypot Configurations to Detect Evolving Exploits.</title><venue>AAAI Workshops</venue><year>2017</year><type>Conference and Workshop Papers</type><key>conf/aaai/GutierrezK17</key><ee>http://aaai.org/ocs/index.php/WS/AAAIW17/paper/view/15230</ee><url>https://dblp.org/rec/conf/aaai/GutierrezK17</url></info>
<url>URL#1444049</url>
</hit>
<hit score="1" id="1444050">
<info><authors><author pid="135/8332">Dylan Hadfield-Menell</author><author pid="31/9969">Anca D. Dragan</author><author pid="a/PieterAbbeel">Pieter Abbeel</author><author pid="r/SJRussell">Stuart J. Russell</author></authors><title>The Off-Switch Game.</title><venue>AAAI Workshops</venue><year>2017</year><type>Conference and Workshop Papers</type><key>conf/aaai/Hadfield-Menell17</key><ee>http://aaai.org/ocs/index.php/WS/AAAIW17/paper/view/15156</ee><url>https://dblp.org/rec/conf/aaai/Hadfield-Menell17</url></info>
<url>URL#1444050</url>
</hit>
<hit score="1" id="1444065">
<info><authors><author pid="157/0620">Kostas Hatalis</author><author pid="15/165">Shalinee Kishore</author><author pid="98/3823">Katya Scheinberg</author><author pid="218/2513">Alberto J. Lamadrid</author></authors><title>An Empirical Analysis of Constrained Support Vector Quantile Regression for Nonparametric Probabilistic Forecasting of Wind Power.</title><venue>AAAI Workshops</venue><year>2017</year><type>Conference and Workshop Papers</type><key>conf/aaai/HatalisKSL17</key><ee>http://aaai.org/ocs/index.php/WS/AAAIW17/paper/view/15131</ee><url>https://dblp.org/rec/conf/aaai/HatalisKSL17</url></info>
<url>URL#1444065</url>
</hit>
<hit score="1" id="1444068">
<info><authors><author pid="14/1570">Shan He</author><author pid="w/MarkWallace">Mark Wallace 0001</author><author pid="w/CampbellWilson">Campbell Wilson</author><author pid="183/7856">Ariel Liebman</author></authors><title>Fast Electrical Demand Optimization Under Real-Time Pricing.</title><venue>AAAI Workshops</venue><year>2017</year><type>Conference and Workshop Papers</type><key>conf/aaai/He0WL17</key><ee>http://aaai.org/ocs/index.php/WS/AAAIW17/paper/view/15070</ee><url>https://dblp.org/rec/conf/aaai/He0WL17</url></info>
<url>URL#1444068</url>
</hit>
<hit score="1" id="1444070">
<info><authors><author pid="28/949-4">Xi He 0004</author><author pid="87/8721">Dheevatsa Mudigere</author><author pid="22/4090">Mikhail Smelyanskiy</author><author pid="42/3759">Martin Takác</author></authors><title>Distributed Hessian-Free Optimization for Deep Neural Network.</title><venue>AAAI Workshops</venue><year>2017</year><type>Conference and Workshop Papers</type><key>conf/aaai/HeMST17</key><ee>http://aaai.org/ocs/index.php/WS/AAAIW17/paper/view/15124</ee><url>https://dblp.org/rec/conf/aaai/HeMST17</url></info>
<url>URL#1444070</url>
</hit>
<hit score="1" id="1444075">
<info><authors><author pid="167/3750">Yuhang He</author><author pid="58/2893">Lu Yang</author><author pid="64/5725-5">Long Chen 0005</author></authors><title>Real-Time Fashion-Guided Clothing Semantic Parsing - A Lightweight Multi-Scale Inception Neural Network and Benchmark.</title><venue>AAAI Workshops</venue><year>2017</year><type>Conference and Workshop Papers</type><key>conf/aaai/HeY017</key><ee>http://aaai.org/ocs/index.php/WS/AAAIW17/paper/view/15186</ee><url>https://dblp.org/rec/conf/aaai/HeY017</url></info>
<url>URL#1444075</url>
</hit>
<hit score="1" id="1444077">
<info><authors><author pid="00/10530">Derrall Heath</author><author pid="45/3183">Dan Ventura</author></authors><title>Semantic Style Creation.</title><venue>AAAI Workshops</venue><year>2017</year><type>Conference and Workshop Papers</type><key>conf/aaai/HeathV17</key><ee>http://aaai.org/ocs/index.php/WS/AAAIW17/paper/view/15170</ee><url>https://dblp.org/rec/conf/aaai/HeathV17</url></info>
<url>URL#1444077</url>
</hit>
<hit score="1" id="1444080">
<info><authors><author pid="93/9382">Seng-Beng Ho</author></authors><title>Causal Learning versus Reinforcement Learning for Knowledge Learning and Problem Solving.</title><venue>AAAI Workshops</venue><year>2017</year><type>Conference and Workshop Papers</type><key>conf/aaai/Ho17</key><ee>http://aaai.org/ocs/index.php/WS/AAAIW17/paper/view/15182</ee><url>https://dblp.org/rec/conf/aaai/Ho17</url></info>
<url>URL#1444080</url>
</hit>
<hit score="1" id="1444081">
<info><authors><author pid="93/9382">Seng-Beng Ho</author><author pid="131/3513">Fiona Liausvia</author></authors><title>On Inductive Learning of Causal Knowledge for Problem Solving.</title><venue>AAAI Workshops</venue><year>2017</year><type>Conference and Workshop Papers</type><key>conf/aaai/HoL17</key><ee>http://aaai.org/ocs/index.php/WS/AAAIW17/paper/view/15181</ee><url>https://dblp.org/rec/conf/aaai/HoL17</url></info>
<url>URL#1444081</url>
</hit>
<hit score="1" id="1444091">
<info><authors><author pid="32/5207">Xiaolei Huang</author><author pid="172/0638-1">Michael C. Smith 0001</author><author pid="00/9714">Michael J. Paul</author><author pid="229/7582">Dmytro Ryzhkov</author><author pid="212/8928">Sandra Crouse Quinn</author><author pid="03/8878">David A. Broniatowski</author><author pid="31/5468">Mark Dredze</author></authors><title>Examining Patterns of Influenza Vaccination in Social Media.</title><venue>AAAI Workshops</venue><year>2017</year><type>Conference and Workshop Papers</type><key>conf/aaai/Huang0PRQBD17</key><ee>http://aaai.org/ocs/index.php/WS/AAAIW17/paper/view/15200</ee><url>https://dblp.org/rec/conf/aaai/Huang0PRQBD17</url></info>
<url>URL#1444091</url>
</hit>
<hit score="1" id="1444108">
<info><authors><author pid="184/2419">Eric Griffin Jackson</author></authors><title>Targeted CFR.</title><venue>AAAI Workshops</venue><year>2017</year><type>Conference and Workshop Papers</type><key>conf/aaai/Jackson17</key><ee>http://aaai.org/ocs/index.php/WS/AAAIW17/paper/view/15219</ee><url>https://dblp.org/rec/conf/aaai/Jackson17</url></info>
<url>URL#1444108</url>
</hit>
<hit score="1" id="1444111">
<info><authors><author pid="148/0904">Abhinav Jauhri</author><author pid="04/6053">Brian Foo</author><author pid="88/3819">Jérôme Berclaz</author><author pid="194/2334">Chih Chi Hu</author><author pid="20/5464">Radek Grzeszczuk</author><author pid="39/1412">Vasu Parameswaran</author><author pid="99/1477">John Paul Shen</author></authors><title>Space-Time Graph Modeling of Ride Requests Based on Real-World Data.</title><venue>AAAI Workshops</venue><year>2017</year><type>Conference and Workshop Papers</type><key>conf/aaai/JauhriFBHGPS17</key><ee>http://aaai.org/ocs/index.php/WS/AAAIW17/paper/view/15214</ee><url>https://dblp.org/rec/conf/aaai/JauhriFBHGPS17</url></info>
<url>URL#1444111</url>
</hit>
<hit score="1" id="1444122">
<info><authors><author pid="04/5481">Ling Jin</author><author pid="171/2692">Doris Lee</author><author pid="75/4666">Alex Sim</author><author pid="165/7097">Sam Borgeson</author><author pid="30/4395">Kesheng Wu</author><author pid="179/8211">C. Anna Spurlock</author><author pid="179/8190">Annika Todd</author></authors><title>Comparison of Clustering Techniques for Residential Energy Behavior Using Smart Meter Data.</title><venue>AAAI Workshops</venue><year>2017</year><type>Conference and Workshop Papers</type><key>conf/aaai/JinLSBWST17</key><ee>http://aaai.org/ocs/index.php/WS/AAAIW17/paper/view/15166</ee><url>https://dblp.org/rec/conf/aaai/JinLSBWST17</url></info>
<url>URL#1444122</url>
</hit>
<hit score="1" id="1444132">
<info><authors><author pid="36/3834">Ece Kamar</author><author pid="85/10807">Lydia Manikonda</author></authors><title>Complementing the Execution of AI Systems with Human Computation.</title><venue>AAAI Workshops</venue><year>2017</year><type>Conference and Workshop Papers</type><key>conf/aaai/KamarM17</key><ee>http://aaai.org/ocs/index.php/WS/AAAIW17/paper/view/15092</ee><url>https://dblp.org/rec/conf/aaai/KamarM17</url></info>
<url>URL#1444132</url>
</hit>
<hit score="1" id="1444138">
<info><authors><author pid="132/0317">Sarah Keren</author><author pid="133/2008">Luis Enrique Pineda</author><author pid="g/AvigdorGal">Avigdor Gal</author><author pid="92/7121">Erez Karpas</author><author pid="z/ShlomoZilberstein">Shlomo Zilberstein</author></authors><title>Redesigning Stochastic Environments for Maximized Utility.</title><venue>AAAI Workshops</venue><year>2017</year><type>Conference and Workshop Papers</type><key>conf/aaai/KerenPGKZ17</key><ee>http://aaai.org/ocs/index.php/WS/AAAIW17/paper/view/15127</ee><url>https://dblp.org/rec/conf/aaai/KerenPGKZ17</url></info>
<url>URL#1444138</url>
</hit>
<hit score="1" id="1444140">
<info><authors><author pid="124/9246">Natthawut Kertkeidkachorn</author><author pid="24/5382">Ryutaro Ichise</author></authors><title>T2KG - An End-to-End System for Creating Knowledge Graph from Unstructured Text.</title><venue>AAAI Workshops</venue><year>2017</year><type>Conference and Workshop Papers</type><key>conf/aaai/Kertkeidkachorn17</key><ee>http://aaai.org/ocs/index.php/WS/AAAIW17/paper/view/15129</ee><url>https://dblp.org/rec/conf/aaai/Kertkeidkachorn17</url></info>
<url>URL#1444140</url>
</hit>
<hit score="1" id="1444141">
<info><authors><author pid="125/1839-1">Saad Khan 0001</author><author pid="03/6831">Simon Parkinson</author></authors><title>Towards A Multi-Tiered Knowledge-Based System for Autonomous Cloud Security Auditing.</title><venue>AAAI Workshops</venue><year>2017</year><type>Conference and Workshop Papers</type><key>conf/aaai/KhanP17</key><ee>http://aaai.org/ocs/index.php/WS/AAAIW17/paper/view/15105</ee><url>https://dblp.org/rec/conf/aaai/KhanP17</url></info>
<url>URL#1444141</url>
</hit>
<hit score="1" id="1444148">
<info><authors><author pid="165/7886">Shamin Kinathil</author><author pid="06/4578">Harold Soh</author><author pid="88/3374">Scott Sanner</author></authors><title>Nonlinear Optimization and Symbolic Dynamic Programming for Parameterized Hybrid Markov Decision Processes.</title><venue>AAAI Workshops</venue><year>2017</year><type>Conference and Workshop Papers</type><key>conf/aaai/KinathilSS17</key><ee>http://aaai.org/ocs/index.php/WS/AAAIW17/paper/view/15169</ee><url>https://dblp.org/rec/conf/aaai/KinathilSS17</url></info>
<url>URL#1444148</url>
</hit>
<hit score="1" id="1444149">
<info><authors><author pid="58/1755">Matthew Evans Klenk</author><author pid="50/1174">Shiwali Mohan</author><author pid="d/JohandeKleer">Johan de Kleer</author><author pid="b/DGBobrow">Daniel G. Bobrow</author><author pid="74/1352">Tom Hinrichs</author><author pid="f/KDForbus">Kenneth D. Forbus</author></authors><title>Collaborative Autonomy through Analogical Comic Graphs.</title><venue>AAAI Workshops</venue><year>2017</year><type>Conference and Workshop Papers</type><key>conf/aaai/KlenkMKBHF17</key><ee>http://aaai.org/ocs/index.php/WS/AAAIW17/paper/view/15123</ee><url>https://dblp.org/rec/conf/aaai/KlenkMKBHF17</url></info>
<url>URL#1444149</url>
</hit>
<hit score="1" id="1444152">
<info><authors><author pid="134/0545">Denis Kolev</author><author pid="92/4840">Christopher Johnson</author></authors><title>An Extension of Network Security Games for Large-Scale Infrastructure Protection.</title><venue>AAAI Workshops</venue><year>2017</year><type>Conference and Workshop Papers</type><key>conf/aaai/KolevJ17</key><ee>http://aaai.org/ocs/index.php/WS/AAAIW17/paper/view/15209</ee><url>https://dblp.org/rec/conf/aaai/KolevJ17</url></info>
<url>URL#1444152</url>
</hit>
<hit score="1" id="1444154">
<info><authors><author pid="172/9971">Timothy Kopp</author><author pid="14/167">Parag Singla</author><author pid="k/HenryAKautz">Henry A. Kautz</author></authors><title>Conditional Term Equivalent Symmetry Breaking for SAT.</title><venue>AAAI Workshops</venue><year>2017</year><type>Conference and Workshop Papers</type><key>conf/aaai/KoppSK17</key><ee>http://aaai.org/ocs/index.php/WS/AAAIW17/paper/view/15140</ee><url>https://dblp.org/rec/conf/aaai/KoppSK17</url></info>
<url>URL#1444154</url>
</hit>
<hit score="1" id="1444157">
<info><authors><author pid="69/10232">Senka Krivic</author><author pid="118/2640">Michael Cashmore</author><author pid="149/1404">Bram Ridder</author><author pid="14/4672">Daniele Magazzeni</author><author pid="89/472">Sándor Szedmák</author><author pid="p/JustusHPiater">Justus H. Piater</author></authors><title>Initial State Prediction in Planning.</title><venue>AAAI Workshops</venue><year>2017</year><type>Conference and Workshop Papers</type><key>conf/aaai/KrivicCRMSP17</key><ee>http://aaai.org/ocs/index.php/WS/AAAIW17/paper/view/15157</ee><url>https://dblp.org/rec/conf/aaai/KrivicCRMSP17</url></info>
<url>URL#1444157</url>
</hit>
<hit score="1" id="1444176">
<info><authors><author pid="184/2404">Frank Lantz</author><author pid="31/1380">Aaron Isaksen</author><author pid="03/3760">Alexander Jaffe</author><author pid="32/6571">Andy Nealen</author><author pid="47/767">Julian Togelius</author></authors><title>Depth in Strategic Games.</title><venue>AAAI Workshops</venue><year>2017</year><type>Conference and Workshop Papers</type><key>conf/aaai/LantzIJNT17</key><ee>http://aaai.org/ocs/index.php/WS/AAAIW17/paper/view/15142</ee><url>https://dblp.org/rec/conf/aaai/LantzIJNT17</url></info>
<url>URL#1444176</url>
</hit>
<hit score="1" id="1444178">
<info><authors><author pid="54/10042">Aron Laszka</author><author pid="70/2217">Yevgeniy Vorobeychik</author><author pid="17/7449">Daniel Fabbri</author><author pid="80/6697-4">Chao Yan 0004</author><author pid="m/BradleyMalin">Bradley A. Malin</author></authors><title>A Game-Theoretic Approach for Alert Prioritization.</title><venue>AAAI Workshops</venue><year>2017</year><type>Conference and Workshop Papers</type><key>conf/aaai/LaszkaVFYM17</key><ee>http://aaai.org/ocs/index.php/WS/AAAIW17/paper/view/15086</ee><url>https://dblp.org/rec/conf/aaai/LaszkaVFYM17</url></info>
<url>URL#1444178</url>
</hit>
<hit score="1" id="1444188">
<info><authors><author pid="16/3956">Tze-Yun Leong</author></authors><title>Toward A Collaborative AI Framework for Assistive Dementia Care.</title><venue>AAAI Workshops</venue><year>2017</year><type>Conference and Workshop Papers</type><key>conf/aaai/Leong17</key><ee>http://aaai.org/ocs/index.php/WS/AAAIW17/paper/view/15113</ee><url>https://dblp.org/rec/conf/aaai/Leong17</url></info>
<url>URL#1444188</url>
</hit>
<hit score="1" id="1444193">
<info><authors><author pid="182/1831">Yunzhu Li</author><author pid="154/6762">Andre Esteva</author><author pid="192/1444">Brett Kuprel</author><author pid="196/4142">Roberto A. Novoa</author><author pid="192/1364">Justin Ko</author><author pid="t/SebastianThrun">Sebastian Thrun</author></authors><title>Skin Cancer Detection and Tracking Using Data Synthesis and Deep Learning.</title><venue>AAAI Workshops</venue><year>2017</year><type>Conference and Workshop Papers</type><key>conf/aaai/LiEKNKT17</key><ee>http://aaai.org/ocs/index.php/WS/AAAIW17/paper/view/15087</ee><url>https://dblp.org/rec/conf/aaai/LiEKNKT17</url></info>
<url>URL#1444193</url>
</hit>
<hit score="1" id="1444202">
<info><authors><author pid="32/6533">Xun Li</author><author pid="m/RistoMiikkulainen">Risto Miikkulainen</author></authors><title>Evolving Adaptive Poker Players for Effective Opponent Exploitation.</title><venue>AAAI Workshops</venue><year>2017</year><type>Conference and Workshop Papers</type><key>conf/aaai/LiM17</key><ee>http://aaai.org/ocs/index.php/WS/AAAIW17/paper/view/15161</ee><url>https://dblp.org/rec/conf/aaai/LiM17</url></info>
<url>URL#1444202</url>
</hit>
<hit score="1" id="1444224">
<info><authors><author pid="188/5698">Haofu Liao</author><author pid="25/5545">Jiebo Luo</author></authors><title>A Deep Multi-Task Learning Approach to Skin Lesion Classification.</title><venue>AAAI Workshops</venue><year>2017</year><type>Conference and Workshop Papers</type><key>conf/aaai/LiaoL17</key><ee>http://aaai.org/ocs/index.php/WS/AAAIW17/paper/view/15094</ee><url>https://dblp.org/rec/conf/aaai/LiaoL17</url></info>
<url>URL#1444224</url>
</hit>
<hit score="1" id="1444231">
<info><authors><author pid="229/7570">Richard P. Lippman</author><author pid="160/7055">David J. Weller-Fahy</author><author pid="229/7585">Alyssa C. Mensch</author><author pid="96/4410">William M. Campbell</author><author pid="39/2844">Joseph P. Campbell</author><author pid="21/6594">William W. Streilein</author><author pid="75/7583-1">Kevin M. Carter 0001</author></authors><title>Toward Finding Malicious Cyber Discussions in Social Media.</title><venue>AAAI Workshops</venue><year>2017</year><type>Conference and Workshop Papers</type><key>conf/aaai/LippmanWMCCS017</key><ee>http://aaai.org/ocs/index.php/WS/AAAIW17/paper/view/15201</ee><url>https://dblp.org/rec/conf/aaai/LippmanWMCCS017</url></info>
<url>URL#1444231</url>
</hit>
<hit score="1" id="1444232">
<info><authors><author pid="76/5110">Viliam Lisý</author><author pid="71/5161">Michael Bowling</author></authors><title>Eqilibrium Approximation Quality of Current No-Limit Poker Bots.</title><venue>AAAI Workshops</venue><year>2017</year><type>Conference and Workshop Papers</type><key>conf/aaai/LisyB17</key><ee>http://aaai.org/ocs/index.php/WS/AAAIW17/paper/view/15154</ee><url>https://dblp.org/rec/conf/aaai/LisyB17</url></info>
<url>URL#1444232</url>
</hit>
<hit score="1" id="1444234">
<info><authors><author pid="52/5716-29">Chang Liu 0029</author><author pid="54/4803">Dionne M. Aleman</author><author pid="76/10453">Chris Beck</author></authors><title>The Senior Transportation Problem.</title><venue>AAAI Workshops</venue><year>2017</year><type>Conference and Workshop Papers</type><key>conf/aaai/LiuAB17</key><ee>http://aaai.org/ocs/index.php/WS/AAAIW17/paper/view/15138</ee><url>https://dblp.org/rec/conf/aaai/LiuAB17</url></info>
<url>URL#1444234</url>
</hit>
<hit score="1" id="1444263">
<info><authors><author pid="127/7332">Andrea Loreggia</author><author pid="r/FrancescaRossi">Francesca Rossi</author><author pid="v/KristenBrentVenable">Kristen Brent Venable</author></authors><title>Modelling Ethical Theories Compactly.</title><venue>AAAI Workshops</venue><year>2017</year><type>Conference and Workshop Papers</type><key>conf/aaai/LoreggiaRV17</key><ee>http://aaai.org/ocs/index.php/WS/AAAIW17/paper/view/15076</ee><url>https://dblp.org/rec/conf/aaai/LoreggiaRV17</url></info>
<url>URL#1444263</url>
</hit>
<hit score="1" id="1444268">
<info><authors><author pid="135/1208">Sarah K. K. Luger</author></authors><title>Beyond Mechanical Turk - Using Techniques from Meta Learning to Compare Crowdsourcing Platforms Across Languages.</title><venue>AAAI Workshops</venue><year>2017</year><type>Conference and Workshop Papers</type><key>conf/aaai/Luger17</key><ee>http://aaai.org/ocs/index.php/WS/AAAIW17/paper/view/15220</ee><url>https://dblp.org/rec/conf/aaai/Luger17</url></info>
<url>URL#1444268</url>
</hit>
<hit score="1" id="1444279">
<info><authors><author pid="159/1668">Chenxin Ma</author><author pid="42/3759">Martin Takác</author></authors><title>Distributed Inexact Damped Newton Method - Data Partitioning and Work-Balancing.</title><venue>AAAI Workshops</venue><year>2017</year><type>Conference and Workshop Papers</type><key>conf/aaai/MaT17</key><ee>http://aaai.org/ocs/index.php/WS/AAAIW17/paper/view/15136</ee><url>https://dblp.org/rec/conf/aaai/MaT17</url></info>
<url>URL#1444279</url>
</hit>
<hit score="1" id="1444285">
<info><authors><author pid="55/661">John Maraist</author></authors><title>String Shuffling over a Gap between Parsing and Plan Recognition.</title><venue>AAAI Workshops</venue><year>2017</year><type>Conference and Workshop Papers</type><key>conf/aaai/Maraist17</key><ee>http://aaai.org/ocs/index.php/WS/AAAIW17/paper/view/15095</ee><url>https://dblp.org/rec/conf/aaai/Maraist17</url></info>
<url>URL#1444285</url>
</hit>
<hit score="1" id="1444287">
<info><authors><author pid="180/5675">Alina Elena Marcu</author><author pid="21/5985">Marius Leordeanu</author></authors><title>Object Contra Context - Dual Local-Global Semantic Segmentation in Aerial Images.</title><venue>AAAI Workshops</venue><year>2017</year><type>Conference and Workshop Papers</type><key>conf/aaai/MarcuL17</key><ee>http://aaai.org/ocs/index.php/WS/AAAIW17/paper/view/15177</ee><url>https://dblp.org/rec/conf/aaai/MarcuL17</url></info>
<url>URL#1444287</url>
</hit>
<hit score="1" id="1444292">
<info><authors><author pid="197/6306">David Ménager</author><author pid="68/5845">Dongkyu Choi</author><author pid="09/5342">Michael W. Floyd</author><author pid="65/2407">Christine Task</author><author pid="25/557">David W. Aha</author></authors><title>Dynamic Goal Recognition Using Windowed Action Sequences.</title><venue>AAAI Workshops</venue><year>2017</year><type>Conference and Workshop Papers</type><key>conf/aaai/MenagerCFTA17</key><ee>http://aaai.org/ocs/index.php/WS/AAAIW17/paper/view/15222</ee><url>https://dblp.org/rec/conf/aaai/MenagerCFTA17</url></info>
<url>URL#1444292</url>
</hit>
<hit score="1" id="1444297">
<info><authors><author pid="80/3650">Martin Michalowski</author><author pid="14/4144">Wojtek Michalowski</author><author pid="77/4305">Szymon Wilk</author><author pid="56/5971">Dympna O&apos;Sullivan</author><author pid="168/7637">Marc Carrier</author></authors><title>AFGuide System to Support Personalized Management of Atrial Fibrillation.</title><venue>AAAI Workshops</venue><year>2017</year><type>Conference and Workshop Papers</type><key>conf/aaai/MichalowskiMWOC17</key><ee>http://aaai.org/ocs/index.php/WS/AAAIW17/paper/view/15215</ee><url>https://dblp.org/rec/conf/aaai/MichalowskiMWOC17</url></info>
<url>URL#1444297</url>
</hit>
<hit score="1" id="1444299">
<info><authors><author pid="215/9311">Benedikte Mikkelsen</author><author pid="138/4602">Christoffer Holmgård</author><author pid="47/767">Julian Togelius</author></authors><title>Ethical Considerations for Player Modeling.</title><venue>AAAI Workshops</venue><year>2017</year><type>Conference and Workshop Papers</type><key>conf/aaai/MikkelsenHT17</key><ee>http://aaai.org/ocs/index.php/WS/AAAIW17/paper/view/15229</ee><url>https://dblp.org/rec/conf/aaai/MikkelsenHT17</url></info>
<url>URL#1444299</url>
</hit>
<hit score="1" id="1444303">
<info><authors><author pid="131/2883">Wookhee Min</author><author pid="60/917">Bradford W. Mott</author><author pid="75/4064">Jonathan P. Rowe</author><author pid="88/4922">James C. Lester</author></authors><title>Deep LSTM-Based Goal Recognition Models for Open-World Digital Games.</title><venue>AAAI Workshops</venue><year>2017</year><type>Conference and Workshop Papers</type><key>conf/aaai/MinMRL17</key><ee>http://aaai.org/ocs/index.php/WS/AAAIW17/paper/view/15168</ee><url>https://dblp.org/rec/conf/aaai/MinMRL17</url></info>
<url>URL#1444303</url>
</hit>
<hit score="1" id="1444305">
<info><authors><author pid="180/1401">Reuth Mirsky</author><author pid="95/1348">Roni Stern</author><author pid="65/3114">Ya&apos;akov Gal</author><author pid="73/4684">Meir Kalech</author></authors><title>Plan Recognition Design.</title><venue>AAAI Workshops</venue><year>2017</year><type>Conference and Workshop Papers</type><key>conf/aaai/MirskySGK17a</key><ee>http://aaai.org/ocs/index.php/WS/AAAIW17/paper/view/15109</ee><url>https://dblp.org/rec/conf/aaai/MirskySGK17a</url></info>
<url>URL#1444305</url>
</hit>
<hit score="1" id="1444322">
<info><authors><author pid="229/7583">Goutam Nair</author><author pid="80/594">Vikram Pudi</author></authors><title>WikiSeq - Mining Maximally Informative Simple Sequences from Wikipedia.</title><venue>AAAI Workshops</venue><year>2017</year><type>Conference and Workshop Papers</type><key>conf/aaai/NairP17</key><ee>http://aaai.org/ocs/index.php/WS/AAAIW17/paper/view/15088</ee><url>https://dblp.org/rec/conf/aaai/NairP17</url></info>
<url>URL#1444322</url>
</hit>
<hit score="1" id="1444333">
<info><authors><author pid="52/5285">Anh Nguyen</author><author pid="02/3500">Long Nguyen</author><author pid="91/102-3">Dong Nguyen 0003</author><author pid="192/1867">Uyen Le</author><author pid="34/4629-1">Tuan Tran 0001</author></authors><title>&quot;420 Friendly&quot; - Revealing Marijuana Use via Craigslist Rental Ads.</title><venue>AAAI Workshops</venue><year>2017</year><type>Conference and Workshop Papers</type><key>conf/aaai/NguyenNNLT17</key><ee>http://aaai.org/ocs/index.php/WS/AAAIW17/paper/view/15137</ee><url>https://dblp.org/rec/conf/aaai/NguyenNNLT17</url></info>
<url>URL#1444333</url>
</hit>
<hit score="1" id="1444334">
<info><authors><author pid="117/4935">Thanh Hong Nguyen</author><author pid="w/MichaelPWellman">Michael P. Wellman</author><author pid="09/3058">Satinder P. Singh</author></authors><title>A Stackelberg Game Model for Botnet Traffic Exfiltration.</title><venue>AAAI Workshops</venue><year>2017</year><type>Conference and Workshop Papers</type><key>conf/aaai/NguyenWS17</key><ee>http://aaai.org/ocs/index.php/WS/AAAIW17/paper/view/15090</ee><url>https://dblp.org/rec/conf/aaai/NguyenWS17</url></info>
<url>URL#1444334</url>
</hit>
<hit score="1" id="1444343">
<info><authors><author pid="175/3929">Masataka Nishi</author></authors><title>Preemptive Detection of Unsafe Motion Liable for Hazard.</title><venue>AAAI Workshops</venue><year>2017</year><type>Conference and Workshop Papers</type><key>conf/aaai/Nishi17</key><ee>http://aaai.org/ocs/index.php/WS/AAAIW17/paper/view/15107</ee><url>https://dblp.org/rec/conf/aaai/Nishi17</url></info>
<url>URL#1444343</url>
</hit>
<hit score="1" id="1444352">
<info><authors><author pid="98/3822">Ifeoma Nwogu</author><author pid="229/7581">Smriti Jha</author><author pid="178/9991">Lora Cavuoto</author><author pid="191/7990">Heamchand Subryan</author><author pid="191/7955">Jeanne Langan</author></authors><title>A Portable Upper Extremity Rehabilitation Device.</title><venue>AAAI Workshops</venue><year>2017</year><type>Conference and Workshop Papers</type><key>conf/aaai/NwoguJCSL17</key><ee>http://aaai.org/ocs/index.php/WS/AAAIW17/paper/view/15195</ee><url>https://dblp.org/rec/conf/aaai/NwoguJCSL17</url></info>
<url>URL#1444352</url>
</hit>
<hit score="1" id="1444356">
<info><authors><author pid="o/SantiagoOntanon">Santiago Ontañón</author><author pid="135/8799">Josep Valls-Vargas</author><author pid="03/9799">Jichen Zhu</author></authors><title>Bridging the Gap Between Computational Narrative and Natural Language Processing.</title><venue>AAAI Workshops</venue><year>2017</year><type>Conference and Workshop Papers</type><key>conf/aaai/OntanonVZ17</key><ee>http://aaai.org/ocs/index.php/WS/AAAIW17/paper/view/15068</ee><url>https://dblp.org/rec/conf/aaai/OntanonVZ17</url></info>
<url>URL#1444356</url>
</hit>
<hit score="1" id="1444358">
<info><authors><author pid="138/4653">Joseph Carter Osborn</author><author pid="79/1292">Michael Mateas</author></authors><title>Against Forward Models.</title><venue>AAAI Workshops</venue><year>2017</year><type>Conference and Workshop Papers</type><key>conf/aaai/OsbornM17</key><ee>http://aaai.org/ocs/index.php/WS/AAAIW17/paper/view/15153</ee><url>https://dblp.org/rec/conf/aaai/OsbornM17</url></info>
<url>URL#1444358</url>
</hit>
<hit score="1" id="1444359">
<info><authors><author pid="215/7539">Shabnam Ozlati</author><author pid="25/1965">Roman Yampolskiy</author></authors><title>The Formalization of AI Risk Management and Safety Standards.</title><venue>AAAI Workshops</venue><year>2017</year><type>Conference and Workshop Papers</type><key>conf/aaai/OzlatiY17</key><ee>http://aaai.org/ocs/index.php/WS/AAAIW17/paper/view/15175</ee><url>https://dblp.org/rec/conf/aaai/OzlatiY17</url></info>
<url>URL#1444359</url>
</hit>
<hit score="1" id="1444369">
<info><authors><author pid="178/8870">Ramon Fraga Pereira</author><author pid="93/2933">Nir Oren</author><author pid="10/985">Felipe Meneguzzi</author></authors><title>Monitoring Plan Optimality Using Landmarks and Domain-Independent Heuristics.</title><venue>AAAI Workshops</venue><year>2017</year><type>Conference and Workshop Papers</type><key>conf/aaai/PereiraOM17a</key><ee>http://aaai.org/ocs/index.php/WS/AAAIW17/paper/view/15118</ee><url>https://dblp.org/rec/conf/aaai/PereiraOM17a</url></info>
<url>URL#1444369</url>
</hit>
<hit score="1" id="1444379">
<info><authors><author pid="178/8571">Wiktor Mateusz Piotrowski</author><author pid="35/2895">Maria Fox</author><author pid="54/3768">Derek Long</author><author pid="14/4672">Daniele Magazzeni</author><author pid="69/7560">Fabio Mercorio</author></authors><title>PDDL+ Planning with Temporal Pattern Databases.</title><venue>AAAI Workshops</venue><year>2017</year><type>Conference and Workshop Papers</type><key>conf/aaai/PiotrowskiFLMM17</key><ee>http://aaai.org/ocs/index.php/WS/AAAIW17/paper/view/15193</ee><url>https://dblp.org/rec/conf/aaai/PiotrowskiFLMM17</url></info>
<url>URL#1444379</url>
</hit>
<hit score="1" id="1444383">
<info><authors><author pid="186/0107">Guido Powell</author><author pid="229/7576">Yu T. Luo</author><author pid="47/635">Aman Verma</author><author pid="06/836">David A. Stephens</author><author pid="74/3031">David L. Buckeridge</author></authors><title>Multidimensional and Longitudinal Indicators in Population Health.</title><venue>AAAI Workshops</venue><year>2017</year><type>Conference and Workshop Papers</type><key>conf/aaai/PowellLVSB17</key><ee>http://aaai.org/ocs/index.php/WS/AAAIW17/paper/view/15207</ee><url>https://dblp.org/rec/conf/aaai/PowellLVSB17</url></info>
<url>URL#1444383</url>
</hit>
<hit score="1" id="1444387">
<info><authors><author pid="229/7573">Le Manh Quan</author><author pid="04/1831">Yong-Guk Kim</author></authors><title>DeepForest - 3D Hand Pose Estimation Using Deep Network and Random Forest Regression.</title><venue>AAAI Workshops</venue><year>2017</year><type>Conference and Workshop Papers</type><key>conf/aaai/QuanK17</key><ee>http://aaai.org/ocs/index.php/WS/AAAIW17/paper/view/15191</ee><url>https://dblp.org/rec/conf/aaai/QuanK17</url></info>
<url>URL#1444387</url>
</hit>
<hit score="1" id="1444392">
<info><authors><author pid="33/9231">Vikram Ramanarayanan</author><author pid="92/5083">David Suendermann-Oeft</author><author pid="203/9245">Hillary Molloy</author><author pid="213/5228">Eugene Tsuprun</author><author pid="188/8957">Patrick L. Lange</author><author pid="72/8055">Keelan Evanini</author></authors><title>Crowdsourcing Multimodal Dialog Interactions - Lessons Learned from the HALEF Case.</title><venue>AAAI Workshops</venue><year>2017</year><type>Conference and Workshop Papers</type><key>conf/aaai/RamanarayananSM17</key><ee>http://aaai.org/ocs/index.php/WS/AAAIW17/paper/view/15197</ee><url>https://dblp.org/rec/conf/aaai/RamanarayananSM17</url></info>
<url>URL#1444392</url>
</hit>
<hit score="1" id="1444395">
<info><authors><author pid="69/9203">Praveen Rao 0001</author><author pid="143/4197">Anas Katib</author><author pid="53/2666">Kobus Barnard</author><author pid="45/9386">Charles A. Kamhoua</author><author pid="86/3876">Kevin A. Kwiat</author><author pid="194/3916">Laurent Njilla</author></authors><title>Scalable Score Computation for Learning Multinomial Bayesian Networks over Distributed Data.</title><venue>AAAI Workshops</venue><year>2017</year><type>Conference and Workshop Papers</type><key>conf/aaai/RaoKBKKN17</key><ee>http://aaai.org/ocs/index.php/WS/AAAIW17/paper/view/15151</ee><url>https://dblp.org/rec/conf/aaai/RaoKBKKN17</url></info>
<url>URL#1444395</url>
</hit>
<hit score="1" id="1444396">
<info><authors><author pid="215/9148">Dino Stephen Ratcliffe</author><author pid="64/7502">Sam Devlin</author><author pid="07/1751">Udo Kruschwitz</author><author pid="81/751">Luca Citi</author></authors><title>Clyde - A Deep Reinforcement Learning DOOM Playing Agent.</title><venue>AAAI Workshops</venue><year>2017</year><type>Conference and Workshop Papers</type><key>conf/aaai/RatcliffeDKC17</key><ee>http://aaai.org/ocs/index.php/WS/AAAIW17/paper/view/15130</ee><url>https://dblp.org/rec/conf/aaai/RatcliffeDKC17</url></info>
<url>URL#1444396</url>
</hit>
<hit score="1" id="1444403">
<info><authors><author pid="152/8567">Jennifer Renoux</author><author pid="122/3299">Marjan Alirezaie</author><author pid="68/5373">Lars Karlsson</author><author pid="141/6369">Uwe Köckemann</author><author pid="34/6951">Federico Pecora</author><author pid="46/4635">Amy Loutfi</author></authors><title>Context Recognition in Multiple Occupants Situations - Detecting the Number of Agents in a Smart Home Environment with Simple Sensors.</title><venue>AAAI Workshops</venue><year>2017</year><type>Conference and Workshop Papers</type><key>conf/aaai/RenouxAKKPL17</key><ee>http://aaai.org/ocs/index.php/WS/AAAIW17/paper/view/15074</ee><url>https://dblp.org/rec/conf/aaai/RenouxAKKPL17</url></info>
<url>URL#1444403</url>
</hit>
<hit score="1" id="1444407">
<info><authors><author pid="46/4547-1">Paul Robertson 0001</author><author pid="11/3786">Robert Laddaga</author><author pid="93/2423">Robert P. Goldman</author><author pid="12/737">Mark H. Burstein</author><author pid="170/3650">Daniel Cerys</author></authors><title>Qualitative Reasoning about Cyber Intrusions.</title><venue>AAAI Workshops</venue><year>2017</year><type>Conference and Workshop Papers</type><key>conf/aaai/RobertsonLGBC17</key><ee>http://aaai.org/ocs/index.php/WS/AAAIW17/paper/view/15231</ee><url>https://dblp.org/rec/conf/aaai/RobertsonLGBC17</url></info>
<url>URL#1444407</url>
</hit>
<hit score="1" id="1444408">
<info><authors><author pid="208/6567">Julie M. Robillard</author><author pid="131/6544">Areej Alhothali</author><author pid="229/7577">Sunjay Varma</author><author pid="35/1222">Jesse Hoey</author></authors><title>Intelligent and Affectively Aligned Evaluation of Online Health Information for Older Adults.</title><venue>AAAI Workshops</venue><year>2017</year><type>Conference and Workshop Papers</type><key>conf/aaai/RobillardAVH17</key><ee>http://aaai.org/ocs/index.php/WS/AAAIW17/paper/view/15078</ee><url>https://dblp.org/rec/conf/aaai/RobillardAVH17</url></info>
<url>URL#1444408</url>
</hit>
<hit score="1" id="1444412">
<info><authors><author pid="58/4605">Daniela Rosu 0002</author><author pid="54/4803">Dionne M. Aleman</author><author pid="43/2165">J. Christopher Beck</author><author pid="08/2050">Mark H. Chignell</author><author pid="c/MPConsens">Mariano P. Consens</author><author pid="57/2926">Mark S. Fox</author><author pid="29/4227">Michael Gruninger</author><author pid="52/5716-29">Chang Liu 0029</author><author pid="158/2404">Yi Ru</author><author pid="88/3374">Scott Sanner</author></authors><title>Knowledge-Based Provision of Goods and Services for People with Social Needs - Towards a Virtual Marketplace.</title><venue>AAAI Workshops</venue><year>2017</year><type>Conference and Workshop Papers</type><key>conf/aaai/RosuABCCFGLRS17</key><ee>http://aaai.org/ocs/index.php/WS/AAAIW17/paper/view/15163</ee><url>https://dblp.org/rec/conf/aaai/RosuABCCFGLRS17</url></info>
<url>URL#1444412</url>
</hit>
<hit score="1" id="1444418">
<info><authors><author pid="127/0216">Wael Salloum</author><author pid="67/9552">Erik Edwards</author><author pid="117/8486">Shabnam Ghaffarzadegan</author><author pid="92/5083">David Suendermann-Oeft</author><author pid="72/6266-1">Mark Miller 0001</author></authors><title>Crowdsourced Continuous Improvement of Medical Speech Recognition.</title><venue>AAAI Workshops</venue><year>2017</year><type>Conference and Workshop Papers</type><key>conf/aaai/SalloumEGS017</key><ee>http://aaai.org/ocs/index.php/WS/AAAIW17/paper/view/15141</ee><url>https://dblp.org/rec/conf/aaai/SalloumEGS017</url></info>
<url>URL#1444418</url>
</hit>
<hit score="1" id="1444419">
<info><authors><author pid="11/864">Taisuke Sato</author></authors><title>Embedding Tarskian Semantics in Vector Spaces.</title><venue>AAAI Workshops</venue><year>2017</year><type>Conference and Workshop Papers</type><key>conf/aaai/Sato17</key><ee>http://aaai.org/ocs/index.php/WS/AAAIW17/paper/view/15072</ee><url>https://dblp.org/rec/conf/aaai/Sato17</url></info>
<url>URL#1444419</url>
</hit>
<hit score="1" id="1444420">
<info><authors><author pid="03/5007">David Savage</author><author pid="83/8407">Qingmai Wang</author><author pid="20/2941">Xiuzhen Zhang</author><author pid="07/2457">Pauline Chou</author><author pid="78/4802">Xinghuo Yu 0001</author></authors><title>Detection of Money Laundering Groups - Supervised Learning on Small Networks.</title><venue>AAAI Workshops</venue><year>2017</year><type>Conference and Workshop Papers</type><key>conf/aaai/SavageWZCY17</key><ee>http://aaai.org/ocs/index.php/WS/AAAIW17/paper/view/15101</ee><url>https://dblp.org/rec/conf/aaai/SavageWZCY17</url></info>
<url>URL#1444420</url>
</hit>
<hit score="1" id="1444423">
<info><authors><author pid="183/3725">Max Schröder</author><author pid="173/2291">Stefan Lüdtke</author><author pid="00/3150-1">Sebastian Bader 0001</author><author pid="76/9561-1">Frank Krüger 0001</author><author pid="73/1192">Thomas Kirste</author></authors><title>Abstracting from Observation-Equivalent Entities in Human Behavior Modeling.</title><venue>AAAI Workshops</venue><year>2017</year><type>Conference and Workshop Papers</type><key>conf/aaai/SchroderL00K17</key><ee>http://aaai.org/ocs/index.php/WS/AAAIW17/paper/view/15183</ee><url>https://dblp.org/rec/conf/aaai/SchroderL00K17</url></info>
<url>URL#1444423</url>
</hit>
<hit score="1" id="1444431">
<info><authors><author pid="50/5271">Raymond Ka-Man Sheh</author></authors><title>&quot;Why Did You Do That?&quot; Explainable Intelligent Robots.</title><venue>AAAI Workshops</venue><year>2017</year><type>Conference and Workshop Papers</type><key>conf/aaai/Sheh17</key><ee>http://aaai.org/ocs/index.php/WS/AAAIW17/paper/view/15162</ee><url>https://dblp.org/rec/conf/aaai/Sheh17</url></info>
<url>URL#1444431</url>
</hit>
<hit score="1" id="1444446">
<info><authors><author pid="33/5572">Sajad Shirali-Shahreza</author><author pid="229/7567">Pieter Luitjens</author><author pid="229/7566">Natalie Morcos</author><author pid="71/2208">Wen Xiao</author><author pid="221/5548">Zhenghong Qian</author><author pid="37/1531">Gerald Penn</author></authors><title>Crowdsourcing the Pronunciation of Out-of-Vocabulary Words.</title><venue>AAAI Workshops</venue><year>2017</year><type>Conference and Workshop Papers</type><key>conf/aaai/Shirali-Shahreza17</key><ee>http://aaai.org/ocs/index.php/WS/AAAIW17/paper/view/15106</ee><url>https://dblp.org/rec/conf/aaai/Shirali-Shahreza17</url></info>
<url>URL#1444446</url>
</hit>
<hit score="1" id="1444449">
<info><authors><author pid="217/9722">Maayan Shvo</author><author pid="51/410">Shirin Sohrabi</author><author pid="66/3221">Sheila A. McIlraith</author></authors><title>An AI Planning-Based Approach to the Multi-Agent Plan Recognition Problem (Preliminary Report).</title><venue>AAAI Workshops</venue><year>2017</year><type>Conference and Workshop Papers</type><key>conf/aaai/ShvoSM17</key><ee>http://aaai.org/ocs/index.php/WS/AAAIW17/paper/view/15121</ee><url>https://dblp.org/rec/conf/aaai/ShvoSM17</url></info>
<url>URL#1444449</url>
</hit>
<hit score="1" id="1444453">
<info><authors><author pid="175/1380">Fernando de Mesentier Silva</author><author pid="180/3858">Scott Lee</author><author pid="47/767">Julian Togelius</author><author pid="32/6571">Andy Nealen</author></authors><title>AI as Evaluator - Search Driven Playtesting of Modern Board Games.</title><venue>AAAI Workshops</venue><year>2017</year><type>Conference and Workshop Papers</type><key>conf/aaai/SilvaLTN17</key><ee>http://aaai.org/ocs/index.php/WS/AAAIW17/paper/view/15171</ee><url>https://dblp.org/rec/conf/aaai/SilvaLTN17</url></info>
<url>URL#1444453</url>
</hit>
<hit score="1" id="1444462">
<info><authors><author pid="204/2988">Hanzhang Song</author><author pid="165/3105">Yunhui Guo</author><author pid="44/2633">Congfu Xu</author></authors><title>Incorporating Collaborative Ranking Algorithm with Weighted Recursive Autoencoder for Item Recommendation.</title><venue>AAAI Workshops</venue><year>2017</year><type>Conference and Workshop Papers</type><key>conf/aaai/SongGX17</key><ee>http://aaai.org/ocs/index.php/WS/AAAIW17/paper/view/15082</ee><url>https://dblp.org/rec/conf/aaai/SongGX17</url></info>
<url>URL#1444462</url>
</hit>
<hit score="1" id="1444467">
<info><authors><author pid="60/5360">Jun Song</author><author pid="55/1310">David Moore</author></authors><title>Parallel Chromatic MCMC with Spatial Partitioning.</title><venue>AAAI Workshops</venue><year>2017</year><type>Conference and Workshop Papers</type><key>conf/aaai/SongM17</key><ee>http://aaai.org/ocs/index.php/WS/AAAIW17/paper/view/15079</ee><url>https://dblp.org/rec/conf/aaai/SongM17</url></info>
<url>URL#1444467</url>
</hit>
<hit score="1" id="1444470">
<info><authors><author pid="140/4604">Maj Stenmark</author><author pid="28/5607">Mathias Haage</author><author pid="31/1733">Elin Anna Topp</author><author pid="33/4951">Jacek Malec</author></authors><title>Making Robotic Sense of Incomplete Human Instructions in High-Level Programming for Industrial Robotic Assembly.</title><venue>AAAI Workshops</venue><year>2017</year><type>Conference and Workshop Papers</type><key>conf/aaai/StenmarkHTM17</key><ee>http://aaai.org/ocs/index.php/WS/AAAIW17/paper/view/15152</ee><url>https://dblp.org/rec/conf/aaai/StenmarkHTM17</url></info>
<url>URL#1444470</url>
</hit>
<hit score="1" id="1444473">
<info><authors><author pid="52/4232">Hannes Strass</author><author pid="73/3639">Adam Z. Wyner</author></authors><title>On Automated Defeasible Reasoning with Controlled Natural Language and Argumentation.</title><venue>AAAI Workshops</venue><year>2017</year><type>Conference and Workshop Papers</type><key>conf/aaai/StrassW17</key><ee>http://aaai.org/ocs/index.php/WS/AAAIW17/paper/view/15108</ee><url>https://dblp.org/rec/conf/aaai/StrassW17</url></info>
<url>URL#1444473</url>
</hit>
<hit score="1" id="1444481">
<info><authors><author pid="177/8926">Adam Summerville</author><author pid="150/5016">Morteza Behrooz</author><author pid="79/1292">Michael Mateas</author><author pid="39/3830">Arnav Jhala</author></authors><title>What Does That ?-Block Do? Learning Latent Causal Affordances From Mario Play Traces.</title><venue>AAAI Workshops</venue><year>2017</year><type>Conference and Workshop Papers</type><key>conf/aaai/SummervilleBMJ17</key><ee>http://aaai.org/ocs/index.php/WS/AAAIW17/paper/view/15115</ee><url>https://dblp.org/rec/conf/aaai/SummervilleBMJ17</url></info>
<url>URL#1444481</url>
</hit>
<hit score="1" id="1444491">
<info><authors><author pid="210/3111">Fumito Takeuchi</author><author pid="90/1078">Masaaki Nishino</author><author pid="41/2921">Norihito Yasuda</author><author pid="18/11499">Takuya Akiba</author><author pid="27/3374">Shin-ichi Minato</author><author pid="16/3520">Masaaki Nagata</author></authors><title>BDD-Constrained A* Search - A Fast Method for Solving Constrained DAG Shortest-Path Problems.</title><venue>AAAI Workshops</venue><year>2017</year><type>Conference and Workshop Papers</type><key>conf/aaai/TakeuchiNYAMN17</key><ee>http://aaai.org/ocs/index.php/WS/AAAIW17/paper/view/15180</ee><url>https://dblp.org/rec/conf/aaai/TakeuchiNYAMN17</url></info>
<url>URL#1444491</url>
</hit>
<hit score="1" id="1444504">
<info><authors><author pid="37/142">Gavin Taylor</author><author pid="83/2535-2">Zheng Xu 0002</author><author pid="25/8184">Tom Goldstein</author></authors><title>Scalable Classifiers with ADMM and Transpose Reduction.</title><venue>AAAI Workshops</venue><year>2017</year><type>Conference and Workshop Papers</type><key>conf/aaai/Taylor0G17</key><ee>http://aaai.org/ocs/index.php/WS/AAAIW17/paper/view/15174</ee><url>https://dblp.org/rec/conf/aaai/Taylor0G17</url></info>
<url>URL#1444504</url>
</hit>
<hit score="1" id="1444510">
<info><authors><author pid="27/5214">Ruck Thawonmas</author><author pid="31/10620">Tomohiro Harada</author></authors><title>AI for Game Spectators - Rise of PPG.</title><venue>AAAI Workshops</venue><year>2017</year><type>Conference and Workshop Papers</type><key>conf/aaai/ThawonmasH17</key><ee>http://aaai.org/ocs/index.php/WS/AAAIW17/paper/view/15184</ee><url>https://dblp.org/rec/conf/aaai/ThawonmasH17</url></info>
<url>URL#1444510</url>
</hit>
<hit score="1" id="1444519">
<info><authors><author pid="215/9116">Jinzheng Tu</author><author pid="195/5632">Tianhong Li</author><author pid="37/7591">Shiteng Chen</author><author pid="215/9263">Chong Zu</author><author pid="128/8237">Zhaoquan Gu</author></authors><title>Exploring Efficient Strategies for Minesweeper.</title><venue>AAAI Workshops</venue><year>2017</year><type>Conference and Workshop Papers</type><key>conf/aaai/TuLCZG17</key><ee>http://aaai.org/ocs/index.php/WS/AAAIW17/paper/view/15091</ee><url>https://dblp.org/rec/conf/aaai/TuLCZG17</url></info>
<url>URL#1444519</url>
</hit>
<hit score="1" id="1444522">
<info><authors><author pid="195/8161">Aaron Tuor</author><author pid="195/8144">Samuel Kaplan</author><author pid="95/2527">Brian Hutchinson</author><author pid="195/1153">Nicole Nichols</author><author pid="164/0960">Sean Robinson</author></authors><title>Deep Learning for Unsupervised Insider Threat Detection in Structured Cybersecurity Data Streams.</title><venue>AAAI Workshops</venue><year>2017</year><type>Conference and Workshop Papers</type><key>conf/aaai/TuorKHNR17a</key><ee>http://aaai.org/ocs/index.php/WS/AAAIW17/paper/view/15126</ee><url>https://dblp.org/rec/conf/aaai/TuorKHNR17a</url></info>
<url>URL#1444522</url>
</hit>
<hit score="1" id="1444523">
<info><authors><author pid="135/8799">Josep Valls-Vargas</author><author pid="03/9799">Jichen Zhu</author><author pid="o/SantiagoOntanon">Santiago Ontañón</author></authors><title>Towards Automatically Extracting Story Graphs from Natural Language Stories.</title><venue>AAAI Workshops</venue><year>2017</year><type>Conference and Workshop Papers</type><key>conf/aaai/Valls-VargasZO17</key><ee>http://aaai.org/ocs/index.php/WS/AAAIW17/paper/view/15067</ee><url>https://dblp.org/rec/conf/aaai/Valls-VargasZO17</url></info>
<url>URL#1444523</url>
</hit>
<hit score="1" id="1444524">
<info><authors><author pid="119/7418">Hemanth Venkateswara</author><author pid="70/908">Shayok Chakraborty</author><author pid="251/3609">Troy L. McDaniel</author><author pid="31/6591">Sethuraman Panchanathan</author></authors><title>Model Selection with Nonlinear Embedding for Unsupervised Domain Adaptation.</title><venue>AAAI Workshops</venue><year>2017</year><type>Conference and Workshop Papers</type><key>conf/aaai/VenkateswaraCMP17</key><ee>http://aaai.org/ocs/index.php/WS/AAAIW17/paper/view/15081</ee><url>https://dblp.org/rec/conf/aaai/VenkateswaraCMP17</url></info>
<url>URL#1444524</url>
</hit>
<hit score="1" id="1444525">
<info><authors><author pid="119/6386">Matthieu Vergne</author></authors><title>Artificial Intelligence and Expertise - The Two Faces of the Same Artificial Performance Coin.</title><venue>AAAI Workshops</venue><year>2017</year><type>Conference and Workshop Papers</type><key>conf/aaai/Vergne17</key><ee>http://aaai.org/ocs/index.php/WS/AAAIW17/paper/view/15148</ee><url>https://dblp.org/rec/conf/aaai/Vergne17</url></info>
<url>URL#1444525</url>
</hit>
<hit score="1" id="1444532">
<info><authors><author pid="86/2576">Toby Walsh</author></authors><title>The Meta-Turing Test.</title><venue>AAAI Workshops</venue><year>2017</year><type>Conference and Workshop Papers</type><key>conf/aaai/Walsh17</key><ee>http://aaai.org/ocs/index.php/WS/AAAIW17/paper/view/15233</ee><url>https://dblp.org/rec/conf/aaai/Walsh17</url></info>
<url>URL#1444532</url>
</hit>
<hit score="1" id="1444538">
<info><authors><author pid="215/7538">Yetian Wang</author><author pid="57/2926">Mark S. Fox</author></authors><title>Households, The Homeless and Slums Towards a Standard for Representing City Shelter Open Data.</title><venue>AAAI Workshops</venue><year>2017</year><type>Conference and Workshop Papers</type><key>conf/aaai/WangF17</key><ee>http://aaai.org/ocs/index.php/WS/AAAIW17/paper/view/15143</ee><url>https://dblp.org/rec/conf/aaai/WangF17</url></info>
<url>URL#1444538</url>
</hit>
<hit score="1" id="1444553">
<info><authors><author pid="190/7619">Xintong Wang</author><author pid="w/MichaelPWellman">Michael Paul Wellman</author></authors><title>Spoofing the Limit Order Book - An Agent-Based Model.</title><venue>AAAI Workshops</venue><year>2017</year><type>Conference and Workshop Papers</type><key>conf/aaai/WangW17a</key><ee>http://aaai.org/ocs/index.php/WS/AAAIW17/paper/view/15158</ee><url>https://dblp.org/rec/conf/aaai/WangW17a</url></info>
<url>URL#1444553</url>
</hit>
<hit score="1" id="1444563">
<info><authors><author pid="220/5395">Romain Warlop</author><author pid="36/321">Alessandro Lazaric</author><author pid="17/3180">Jérémie Mary</author></authors><title>Parallel Higher Order Alternating Least Square for Tensor Recommender System.</title><venue>AAAI Workshops</venue><year>2017</year><type>Conference and Workshop Papers</type><key>conf/aaai/WarlopLM17</key><ee>http://aaai.org/ocs/index.php/WS/AAAIW17/paper/view/15135</ee><url>https://dblp.org/rec/conf/aaai/WarlopLM17</url></info>
<url>URL#1444563</url>
</hit>
<hit score="1" id="1444571">
<info><authors><author pid="133/5369">Hongle Wu</author><author pid="182/9869">Takafumi Kato</author><author pid="16/7610">Tomomi Yamada</author><author pid="71/1556">Masayuki Numao</author><author pid="40/4784">Ken-ichi Fukui</author></authors><title>Personal Sleep Pattern Visualization via Clustering on Sound Data.</title><venue>AAAI Workshops</venue><year>2017</year><type>Conference and Workshop Papers</type><key>conf/aaai/WuKYNF17</key><ee>http://aaai.org/ocs/index.php/WS/AAAIW17/paper/view/15102</ee><url>https://dblp.org/rec/conf/aaai/WuKYNF17</url></info>
<url>URL#1444571</url>
</hit>
<hit score="1" id="1444580">
<info><authors><author pid="131/2110">Yiqun Xie</author><author pid="85/8749">KwangSoo Yang</author><author pid="s/ShashiShekhar">Shashi Shekhar</author><author pid="215/7537">Brent Dalzell</author><author pid="177/9509">David J. Mulla</author></authors><title>Spatially Constrained Geodesign Optimization (GOP) for Improving Agricultural Watershed Sustainability.</title><venue>AAAI Workshops</venue><year>2017</year><type>Conference and Workshop Papers</type><key>conf/aaai/XieYSDM17</key><ee>http://aaai.org/ocs/index.php/WS/AAAIW17/paper/view/15165</ee><url>https://dblp.org/rec/conf/aaai/XieYSDM17</url></info>
<url>URL#1444580</url>
</hit>
<hit score="1" id="1444595">
<info><authors><author pid="144/3380">Mohit Yadav</author><author pid="152/3745">Sakshi Agarwal</author></authors><title>Regularization and Learning an Ensemble of RNNs by Decorrelating Representations.</title><venue>AAAI Workshops</venue><year>2017</year><type>Conference and Workshop Papers</type><key>conf/aaai/YadavA17</key><ee>http://aaai.org/ocs/index.php/WS/AAAIW17/paper/view/15145</ee><url>https://dblp.org/rec/conf/aaai/YadavA17</url></info>
<url>URL#1444595</url>
</hit>
<hit score="1" id="1444611">
<info><authors><author pid="89/8873">Margot Lisa-Jing Yann</author><author pid="74/5003">Yves Lespérance</author><author pid="99/3459">Aijun An</author></authors><title>Rewards Structure in Games - Learning a Compact Representation for Action Space.</title><venue>AAAI Workshops</venue><year>2017</year><type>Conference and Workshop Papers</type><key>conf/aaai/YannLA17</key><ee>http://aaai.org/ocs/index.php/WS/AAAIW17/paper/view/15114</ee><url>https://dblp.org/rec/conf/aaai/YannLA17</url></info>
<url>URL#1444611</url>
</hit>
<hit score="1" id="1444619">
<info><authors><author pid="34/10373">Kristina Y. Yordanova</author></authors><title>TextToHBM - A Generalised Approach to Learning Models of Human Behaviour for Activity Recognition from Textual Instructions.</title><venue>AAAI Workshops</venue><year>2017</year><type>Conference and Workshop Papers</type><key>conf/aaai/Yordanova17</key><ee>http://aaai.org/ocs/index.php/WS/AAAIW17/paper/view/15110</ee><url>https://dblp.org/rec/conf/aaai/Yordanova17</url></info>
<url>URL#1444619</url>
</hit>
<hit score="1" id="1444635">
<info><authors><author pid="120/6185">Lei Zhan</author><author pid="24/4603">Dah Ming Chiu</author></authors><title>Data Analytic Policy Design Applied to Energy Conservation in College Dormitories.</title><venue>AAAI Workshops</venue><year>2017</year><type>Conference and Workshop Papers</type><key>conf/aaai/ZhanC17</key><ee>http://aaai.org/ocs/index.php/WS/AAAIW17/paper/view/15128</ee><url>https://dblp.org/rec/conf/aaai/ZhanC17</url></info>
<url>URL#1444635</url>
</hit>
<hit score="1" id="1444641">
<info><authors><author pid="60/2536">Rui Zhang</author><author pid="127/9230">Jefferson Huang</author><author pid="81/4883">Tarun Kumar</author></authors><title>Preventive Leak Detection for High Pressure Gas Transmission Networks.</title><venue>AAAI Workshops</venue><year>2017</year><type>Conference and Workshop Papers</type><key>conf/aaai/ZhangHK17</key><ee>http://aaai.org/ocs/index.php/WS/AAAIW17/paper/view/15134</ee><url>https://dblp.org/rec/conf/aaai/ZhangHK17</url></info>
<url>URL#1444641</url>
</hit>
<hit score="1" id="1444659">
<info><authors><author pid="04/3348">Yan Zhang</author><author pid="z/YuanlinZhang">Yuanlin Zhang 0002</author></authors><title>Epistemic Specifications and Conformant Planning.</title><venue>AAAI Workshops</venue><year>2017</year><type>Conference and Workshop Papers</type><key>conf/aaai/ZhangZ17a</key><ee>http://aaai.org/ocs/index.php/WS/AAAIW17/paper/view/15073</ee><url>https://dblp.org/rec/conf/aaai/ZhangZ17a</url></info>
<url>URL#1444659</url>
</hit>
<hit score="1" id="1444665">
<info><authors><author pid="86/3856">Kui Zhao</author><author pid="24/7536">Xia Hu</author><author pid="50/3147">Jiajun Bu</author><author pid="71/4716-1">Can Wang 0001</author></authors><title>Deep Style Match for Complementary Recommendation.</title><venue>AAAI Workshops</venue><year>2017</year><type>Conference and Workshop Papers</type><key>conf/aaai/ZhaoHBW17</key><ee>http://aaai.org/ocs/index.php/WS/AAAIW17/paper/view/15069</ee><url>https://dblp.org/rec/conf/aaai/ZhaoHBW17</url></info>
<url>URL#1444665</url>
</hit>
<hit score="1" id="1444673">
<info><authors><author pid="179/2451">Yiheng Zhou</author><author pid="199/1852">Catherine Glenn</author><author pid="25/5545">Jiebo Luo</author></authors><title>Understanding and Predicting Multiple Risky Behaviors from Social Media.</title><venue>AAAI Workshops</venue><year>2017</year><type>Conference and Workshop Papers</type><key>conf/aaai/ZhouGL17</key><ee>http://aaai.org/ocs/index.php/WS/AAAIW17/paper/view/15089</ee><url>https://dblp.org/rec/conf/aaai/ZhouGL17</url></info>
<url>URL#1444673</url>
</hit>
<hit score="1" id="1444686">
<info><authors><author pid="47/15">Martin A. Zinkevich</author><author pid="96/6660">Dale Schuurmans</author></authors><title>Formalizing Anthropomorphism Through Games - A Study in Deep Neural Networks.</title><venue>AAAI Workshops</venue><year>2017</year><type>Conference and Workshop Papers</type><key>conf/aaai/ZinkevichS17</key><ee>http://aaai.org/ocs/index.php/WS/AAAIW17/paper/view/15228</ee><url>https://dblp.org/rec/conf/aaai/ZinkevichS17</url></info>
<url>URL#1444686</url>
</hit>
<hit score="1" id="1444688">
<info><authors><author pid="05/10531">Alexander Zook</author></authors><title>AI and Multiplayer Games.</title><venue>AAAI Workshops</venue><year>2017</year><type>Conference and Workshop Papers</type><key>conf/aaai/Zook17</key><ee>http://aaai.org/ocs/index.php/WS/AAAIW17/paper/view/15173</ee><url>https://dblp.org/rec/conf/aaai/Zook17</url></info>
<url>URL#1444688</url>
</hit>
<hit score="1" id="1444689">
<info><authors><author pid="229/7579">Amanda Leah Zulas</author><author pid="229/7572">Kaitlyn I. Franz</author><author pid="229/7569">Darrin Griechen</author><author pid="46/4287">Matthew E. Taylor</author></authors><title>Solar Decathlon Competition - Towards a Solar-Powered Smart Home.</title><venue>AAAI Workshops</venue><year>2017</year><type>Conference and Workshop Papers</type><key>conf/aaai/ZulasFGT17</key><ee>http://aaai.org/ocs/index.php/WS/AAAIW17/paper/view/15147</ee><url>https://dblp.org/rec/conf/aaai/ZulasFGT17</url></info>
<url>URL#1444689</url>
</hit>
<hit score="1" id="1605934">
<info><title>The Workshops of the The Thirty-First AAAI Conference on Artificial Intelligence, Saturday, February 4-9, 2017, San Francisco, California, USA</title><venue>AAAI Workshops</venue><venue>AAAI Workshops</venue><volume>WS-17</volume><publisher>AAAI Press</publisher><year>2017</year><type>Editorship</type><key>conf/aaai/2017w</key><url>https://dblp.org/rec/conf/aaai/2017w</url></info>
<url>URL#1605934</url>
</hit>
</hits>
</result>
