<?xml version="1.0" encoding="UTF-8"?>
<result>
<query id="308751">:facetid:toc:db\"/\"conf\"/\"aaai\"/\"safeai2019\".\"bht</query>
<status code="200">OK</status>
<time unit="msecs">142.34</time>
<completions total="1" computed="1" sent="1">
<c sc="23" dc="23" oc="23" id="18218021">:facetid:toc:db/conf/aaai/safeai2019.bht</c>
</completions>
<hits total="23" computed="23" sent="23" first="0">
<hit score="1" id="708979">
<info><authors><author pid="222/2989">Philip Amortila</author><author pid="38/4525">Marc G. Bellemare</author><author pid="p/PPanangaden">Prakash Panangaden</author><author pid="p/DoinaPrecup">Doina Precup</author></authors><title>Temporally Extended Metrics for Markov Decision Processes.</title><venue>SafeAI@AAAI</venue><year>2019</year><type>Conference and Workshop Papers</type><key>conf/aaai/AmortilaBPP19</key><ee>http://ceur-ws.org/Vol-2301/paper_30.pdf</ee><url>https://dblp.org/rec/conf/aaai/AmortilaBPP19</url></info>
<url>URL#708979</url>
</hit>
<hit score="1" id="708994">
<info><authors><author pid="236/1974">Katja Auernhammer</author><author pid="61/4413">Ramin Tavakoli Kolagari</author><author pid="236/1973">Markus Zoppelt</author></authors><title>Attacks on Machine Learning - Lurking Danger for Accountability.</title><venue>SafeAI@AAAI</venue><year>2019</year><type>Conference and Workshop Papers</type><key>conf/aaai/AuernhammerKZ19</key><ee>http://ceur-ws.org/Vol-2301/paper_2.pdf</ee><url>https://dblp.org/rec/conf/aaai/AuernhammerKZ19</url></info>
<url>URL#708994</url>
</hit>
<hit score="1" id="709006">
<info><authors><author pid="73/4372">Alec Banks</author><author pid="144/7568">Rob Ashmore</author></authors><title>Requirements Assurance in Machine Learning.</title><venue>SafeAI@AAAI</venue><year>2019</year><type>Conference and Workshop Papers</type><key>conf/aaai/BanksA19</key><ee>http://ceur-ws.org/Vol-2301/paper_8.pdf</ee><url>https://dblp.org/rec/conf/aaai/BanksA19</url></info>
<url>URL#709006</url>
</hit>
<hit score="1" id="709016">
<info><authors><author pid="172/2715">Vahid Behzadan</author><author pid="25/1965">Roman V. Yampolskiy</author><author pid="47/710">Arslan Munir</author></authors><title>Emergence of Addictive Behaviors in Reinforcement Learning Agents.</title><venue>SafeAI@AAAI</venue><year>2019</year><type>Conference and Workshop Papers</type><key>conf/aaai/BehzadanYM19</key><ee>http://ceur-ws.org/Vol-2301/paper_31.pdf</ee><url>https://dblp.org/rec/conf/aaai/BehzadanYM19</url></info>
<url>URL#709016</url>
</hit>
<hit score="1" id="709082">
<info><authors><author pid="145/8420">Bryant Chen</author><author pid="230/3919">Wilka Carvalho</author><author pid="87/10087">Nathalie Baracaldo</author><author pid="l/HeikoLudwig">Heiko Ludwig</author><author pid="39/10964">Benjamin Edwards</author><author pid="60/10355">Taesung Lee</author><author pid="17/2811">Ian M. Molloy</author><author pid="33/4411">Biplav Srivastava</author></authors><title>Detecting Backdoor Attacks on Deep Neural Networks by Activation Clustering.</title><venue>SafeAI@AAAI</venue><year>2019</year><type>Conference and Workshop Papers</type><key>conf/aaai/ChenCBLELMS19</key><ee>http://ceur-ws.org/Vol-2301/paper_18.pdf</ee><url>https://dblp.org/rec/conf/aaai/ChenCBLELMS19</url></info>
<url>URL#709082</url>
</hit>
<hit score="1" id="709145">
<info><authors><author pid="184/2369">Bence Cserna</author><author pid="218/6966">William J. Doyle</author><author pid="171/6659-1">Tianyi Gu 0001</author><author pid="80/5790">Wheeler Ruml</author></authors><title>Safe Temporal Planning for Urban Driving.</title><venue>SafeAI@AAAI</venue><year>2019</year><type>Conference and Workshop Papers</type><key>conf/aaai/CsernaDGR19</key><ee>http://ceur-ws.org/Vol-2301/paper_34.pdf</ee><url>https://dblp.org/rec/conf/aaai/CsernaDGR19</url></info>
<url>URL#709145</url>
</hit>
<hit score="1" id="709195">
<info><authors><author pid="79/417">Peter Eckersley</author></authors><title>Impossibility and Uncertainty Theorems in AI Value Alignment (or why your AGI should not have a utility function).</title><venue>SafeAI@AAAI</venue><year>2019</year><type>Conference and Workshop Papers</type><key>conf/aaai/Eckersley19</key><ee>http://ceur-ws.org/Vol-2301/paper_7.pdf</ee><url>https://dblp.org/rec/conf/aaai/Eckersley19</url></info>
<url>URL#709195</url>
</hit>
<hit score="1" id="709345">
<info><authors><author pid="h/JoseHernandezOrallo">José Hernández-Orallo</author><author pid="76/8771">Fernando Martínez-Plumed</author><author pid="215/4966">Shahar Avin</author><author pid="148/7203">Seán Ó hÉigeartaigh</author></authors><title>Surveying Safety-relevant AI Characteristics.</title><venue>SafeAI@AAAI</venue><year>2019</year><type>Conference and Workshop Papers</type><key>conf/aaai/Hernandez-Orallo19</key><ee>http://ceur-ws.org/Vol-2301/paper_22.pdf</ee><url>https://dblp.org/rec/conf/aaai/Hernandez-Orallo19</url></info>
<url>URL#709345</url>
</hit>
<hit score="1" id="709348">
<info><authors><author pid="183/8751">Lê Nguyên Hoang</author></authors><title>Towards Robust End-to-End Alignment.</title><venue>SafeAI@AAAI</venue><year>2019</year><type>Conference and Workshop Papers</type><key>conf/aaai/Hoang19</key><ee>http://ceur-ws.org/Vol-2301/paper_1.pdf</ee><url>https://dblp.org/rec/conf/aaai/Hoang19</url></info>
<url>URL#709348</url>
</hit>
<hit score="1" id="709474">
<info><authors><author pid="k/PhilipKoopman">Philip Koopman</author><author pid="236/1953">Frank Fratrik</author></authors><title>How Many Operational Design Domains, Objects, and Events?</title><venue>SafeAI@AAAI</venue><year>2019</year><type>Conference and Workshop Papers</type><key>conf/aaai/KoopmanF19</key><ee>http://ceur-ws.org/Vol-2301/paper_6.pdf</ee><url>https://dblp.org/rec/conf/aaai/KoopmanF19</url></info>
<url>URL#709474</url>
</hit>
<hit score="1" id="709544">
<info><authors><author pid="75/4601-19">Tao Li 0019</author><author pid="17/2654">Lei Lin</author><author pid="182/9675">Siyuan Gong</author></authors><title>AutoMPC - Efficient Multi-Party Computation for Secure and Privacy-Preserving Cooperative Control of Connected Autonomous Vehicles.</title><venue>SafeAI@AAAI</venue><year>2019</year><type>Conference and Workshop Papers</type><key>conf/aaai/LiLG19</key><ee>http://ceur-ws.org/Vol-2301/paper_13.pdf</ee><url>https://dblp.org/rec/conf/aaai/LiLG19</url></info>
<url>URL#709544</url>
</hit>
<hit score="1" id="709637">
<info><authors><author pid="76/1820">Xin Liu</author><author pid="221/2845">Huanrui Yang</author><author pid="05/6300">Ziwei Liu</author><author pid="163/3673">Linghao Song</author><author pid="80/1641">Yiran Chen</author><author pid="30/5330-1">Hai Li 0001</author></authors><title>DPATCH - An Adversarial Patch Attack on Object Detectors.</title><venue>SafeAI@AAAI</venue><year>2019</year><type>Conference and Workshop Papers</type><key>conf/aaai/LiuYLSCL19</key><ee>http://ceur-ws.org/Vol-2301/paper_5.pdf</ee><url>https://dblp.org/rec/conf/aaai/LiuYLSCL19</url></info>
<url>URL#709637</url>
</hit>
<hit score="1" id="709646">
<info><authors><author pid="223/0142">Shih-Yun Lo</author><author pid="130/8131">Shani Alkoby</author><author pid="s/PeterStone">Peter Stone</author></authors><title>Robust Motion Planning and Safety Benchmarking in Human Workspaces.</title><venue>SafeAI@AAAI</venue><year>2019</year><type>Conference and Workshop Papers</type><key>conf/aaai/LoAS19</key><ee>http://ceur-ws.org/Vol-2301/paper_28.pdf</ee><url>https://dblp.org/rec/conf/aaai/LoAS19</url></info>
<url>URL#709646</url>
</hit>
<hit score="1" id="709727">
<info><authors><author pid="228/4363">Saasha Nair</author><author pid="194/3403">Sina Shafaei</author><author pid="68/2951">Stefan Kugele</author><author pid="136/2050">Mohd Hafeez Osman</author><author pid="k/AloisKnoll">Alois C. Knoll</author></authors><title>Monitoring Safety of Autonomous Vehicles with Crash Prediction Networks.</title><venue>SafeAI@AAAI</venue><year>2019</year><type>Conference and Workshop Papers</type><key>conf/aaai/NairSKOK19</key><ee>http://ceur-ws.org/Vol-2301/paper_12.pdf</ee><url>https://dblp.org/rec/conf/aaai/NairSKOK19</url></info>
<url>URL#709727</url>
</hit>
<hit score="1" id="709765">
<info><authors><author pid="209/8156">Saerom Park</author><author pid="39/4985-1">Jaewook Lee 0001</author><author pid="64/5207">Jung Hee Cheon</author><author pid="123/7457">Juhee Lee</author><author pid="83/10382">Jaeyun Kim</author><author pid="236/1961">Junyoung Byun</author></authors><title>Security-preserving Support Vector Machine with Fully Homomorphic Encryption.</title><venue>SafeAI@AAAI</venue><year>2019</year><type>Conference and Workshop Papers</type><key>conf/aaai/Park0CLKB19</key><ee>http://ceur-ws.org/Vol-2301/paper_35.pdf</ee><url>https://dblp.org/rec/conf/aaai/Park0CLKB19</url></info>
<url>URL#709765</url>
</hit>
<hit score="1" id="709816">
<info><authors><author pid="r/MarkORiedl">Mark Riedl</author><author pid="180/1384">Brent Harrison</author></authors><title>Enter the Matrix - Safely Interruptible Autonomous Systems via Virtualization.</title><venue>SafeAI@AAAI</venue><year>2019</year><type>Conference and Workshop Papers</type><key>conf/aaai/RiedlH19</key><ee>http://ceur-ws.org/Vol-2301/paper_3.pdf</ee><url>https://dblp.org/rec/conf/aaai/RiedlH19</url></info>
<url>URL#709816</url>
</hit>
<hit score="1" id="709835">
<info><authors><author pid="36/6505">Frank Rudzicz</author><author pid="236/1940">P. Alison Paprica</author><author pid="236/1970">Marta Janczarski</author></authors><title>Towards international standards for evaluating machine learning.</title><venue>SafeAI@AAAI</venue><year>2019</year><type>Conference and Workshop Papers</type><key>conf/aaai/RudziczPJ19</key><ee>http://ceur-ws.org/Vol-2301/paper_10.pdf</ee><url>https://dblp.org/rec/conf/aaai/RudziczPJ19</url></info>
<url>URL#709835</url>
</hit>
<hit score="1" id="709842">
<info><authors><author pid="149/1426">Sandhya Saisubramanian</author><author pid="z/ShlomoZilberstein">Shlomo Zilberstein</author></authors><title>Minimizing the Negative Side Effects of Planning with Reduced Models.</title><venue>SafeAI@AAAI</venue><year>2019</year><type>Conference and Workshop Papers</type><key>conf/aaai/SaisubramanianZ19</key><ee>http://ceur-ws.org/Vol-2301/paper_32.pdf</ee><url>https://dblp.org/rec/conf/aaai/SaisubramanianZ19</url></info>
<url>URL#709842</url>
</hit>
<hit score="1" id="709857">
<info><authors><author pid="185/0682">Gopal P. Sarma</author><author pid="211/6744">Adam Safron</author><author pid="183/6214">Nick J. Hay</author></authors><title>Integrative Biological Simulation, Neuropsychology, and AI Safety.</title><venue>SafeAI@AAAI</venue><year>2019</year><type>Conference and Workshop Papers</type><key>conf/aaai/SarmaSH19</key><ee>http://ceur-ws.org/Vol-2301/paper_21.pdf</ee><url>https://dblp.org/rec/conf/aaai/SarmaSH19</url></info>
<url>URL#709857</url>
</hit>
<hit score="1" id="709916">
<info><authors><author pid="201/9826">Kacper Sokol</author><author pid="f/PeterAFlach">Peter A. Flach</author></authors><title>Counterfactual Explanations of Machine Learning Predictions - Opportunities and Challenges for AI Safety.</title><venue>SafeAI@AAAI</venue><year>2019</year><type>Conference and Workshop Papers</type><key>conf/aaai/SokolF19</key><ee>http://ceur-ws.org/Vol-2301/paper_20.pdf</ee><url>https://dblp.org/rec/conf/aaai/SokolF19</url></info>
<url>URL#709916</url>
</hit>
<hit score="1" id="710170">
<info><authors><author pid="221/2845">Huanrui Yang</author><author pid="205/0387">Jingchi Zhang</author><author pid="185/8729">Hsin-Pai Cheng</author><author pid="124/3069">Wenhan Wang</author><author pid="80/1641">Yiran Chen</author><author pid="30/5330-1">Hai Li 0001</author></authors><title>Bamboo - Ball-Shape Data Augmentation Against Adversarial Attacks from All Directions.</title><venue>SafeAI@AAAI</venue><year>2019</year><type>Conference and Workshop Papers</type><key>conf/aaai/YangZCWCL19</key><ee>http://ceur-ws.org/Vol-2301/paper_33.pdf</ee><url>https://dblp.org/rec/conf/aaai/YangZCWCL19</url></info>
<url>URL#710170</url>
</hit>
<hit score="1" id="710205">
<info><authors><author pid="75/148">Yi Zeng</author><author pid="232/1889">Enmeng Lu</author><author pid="232/2473">Cunqing Huangfu</author></authors><title>Linking Artificial Intelligence Principles.</title><venue>SafeAI@AAAI</venue><year>2019</year><type>Conference and Workshop Papers</type><key>conf/aaai/ZengLH19</key><ee>http://ceur-ws.org/Vol-2301/paper_15.pdf</ee><url>https://dblp.org/rec/conf/aaai/ZengLH19</url></info>
<url>URL#710205</url>
</hit>
<hit score="1" id="887122">
<info><authors><author pid="04/4931">Huáscar Espinoza</author><author pid="148/7203">Seán Ó hÉigeartaigh</author><author pid="60/5414-1">Xiaowei Huang 0001</author><author pid="h/JoseHernandezOrallo">José Hernández-Orallo</author><author pid="42/4207">Mauricio Castillo-Effen</author></authors><title>Workshop on Artificial Intelligence Safety 2019 co-located with the Thirty-Third AAAI Conference on Artificial Intelligence 2019 (AAAI-19), Honolulu, Hawaii, January 27, 2019.</title><venue>SafeAI</venue><venue>CEUR Workshop Proceedings</venue><volume>2301</volume><publisher>CEUR-WS.org</publisher><year>2019</year><type>Editorship</type><key>conf/aaai/2019safeai</key><ee>http://ceur-ws.org/Vol-2301</ee><url>https://dblp.org/rec/conf/aaai/2019safeai</url></info>
<url>URL#887122</url>
</hit>
</hits>
</result>
