<?xml version="1.0" encoding="UTF-8"?>
<result>
<query id="308798">:facetid:toc:db\"/\"conf\"/\"aaai\"/\"affcon2019\".\"bht</query>
<status code="200">OK</status>
<time unit="msecs">119.32</time>
<completions total="1" computed="1" sent="1">
<c sc="20" dc="20" oc="20" id="18217977">:facetid:toc:db/conf/aaai/affcon2019.bht</c>
</completions>
<hits total="20" computed="20" sent="20" first="0">
<hit score="1" id="709000">
<info><authors><author pid="58/2569">Byung-Chull Bae</author><author pid="73/5670">Yun-Gyung Cheong</author><author pid="27/1166">Youngrok Song</author></authors><title>Modeling Happiness Using One-Class Autoencoder.</title><venue>AffCon@AAAI</venue><pages>181-190</pages><year>2019</year><type>Conference and Workshop Papers</type><key>conf/aaai/BaeCS19</key><ee>http://ceur-ws.org/Vol-2328/4_6_paper_31.pdf</ee><url>https://dblp.org/rec/conf/aaai/BaeCS19</url></info>
<url>URL#709000</url>
</hit>
<hit score="1" id="709096">
<info><authors><author pid="238/2383">Jielin Qiu Xiaoshi Chen</author><author pid="57/6633">Kai Hu</author></authors><title>Adversarial and Cooperative Correlated Domain Adaptation based Multimodal Emotion Recognition.</title><venue>AffCon@AAAI</venue><pages>60-71</pages><year>2019</year><type>Conference and Workshop Papers</type><key>conf/aaai/ChenH19</key><ee>http://ceur-ws.org/Vol-2328/3_paper_14.pdf</ee><url>https://dblp.org/rec/conf/aaai/ChenH19</url></info>
<url>URL#709096</url>
</hit>
<hit score="1" id="709129">
<info><authors><author pid="83/9923">Niyati Chhaya</author><author pid="62/8212">Kokil Jaidka</author><author pid="120/2076">Atanu R. Sinha</author><author pid="u/LyleHUngar">Lyle Ungar</author></authors><title>Editorial for the 2nd Workshop on Affective Content Analysis (AffCon) at AAAI 2019.</title><venue>AffCon@AAAI</venue><pages>1-11</pages><year>2019</year><type>Conference and Workshop Papers</type><key>conf/aaai/ChhayaJSU19</key><ee>http://ceur-ws.org/Vol-2328/editorial.pdf</ee><url>https://dblp.org/rec/conf/aaai/ChhayaJSU19</url></info>
<url>URL#709129</url>
</hit>
<hit score="1" id="709134">
<info><authors><author pid="212/0085">Daniel Claeser</author></authors><title>Affective Content Classification using Convolutional Neural Networks.</title><venue>AffCon@AAAI</venue><pages>198-207</pages><year>2019</year><type>Conference and Workshop Papers</type><key>conf/aaai/Claeser19</key><ee>http://ceur-ws.org/Vol-2328/4_8_paper_33.pdf</ee><url>https://dblp.org/rec/conf/aaai/Claeser19</url></info>
<url>URL#709134</url>
</hit>
<hit score="1" id="709317">
<info><authors><author pid="60/6029">Raj Kumar Gupta</author><author pid="131/8318">Prasanta Bhattacharya</author><author pid="66/12">Yinping Yang</author></authors><title>What Constitutes Happiness? Predicting and Characterizing the Ingredients of Happiness Using Emotion Intensity Analysis.</title><venue>AffCon@AAAI</venue><pages>152-163</pages><year>2019</year><type>Conference and Workshop Papers</type><key>conf/aaai/GuptaBY19</key><ee>http://ceur-ws.org/Vol-2328/4_3_paper_22.pdf</ee><url>https://dblp.org/rec/conf/aaai/GuptaBY19</url></info>
<url>URL#709317</url>
</hit>
<hit score="1" id="709409">
<info><authors><author pid="62/8212">Kokil Jaidka</author><author pid="238/2389">Saran Mumick</author><author pid="83/9923">Niyati Chhaya</author><author pid="u/LyleHUngar">Lyle Ungar</author></authors><title>The CL-Aff Happiness Shared Task - Results and Key Insights.</title><venue>AffCon@AAAI</venue><pages>39-49</pages><year>2019</year><type>Conference and Workshop Papers</type><key>conf/aaai/JaidkaMCU19</key><ee>http://ceur-ws.org/Vol-2328/2_paper.pdf</ee><url>https://dblp.org/rec/conf/aaai/JaidkaMCU19</url></info>
<url>URL#709409</url>
</hit>
<hit score="1" id="709435">
<info><authors><author pid="220/7571">Tanmayee Joshi</author><author pid="220/7658">Sarath Sivaprasad</author><author pid="131/9354">Niranjan Pedanekar</author></authors><title>Partners in Crime - Utilizing Arousal-Valence Relationship for Continuous Prediction of Valence in Movies.</title><venue>AffCon@AAAI</venue><pages>28-38</pages><year>2019</year><type>Conference and Workshop Papers</type><key>conf/aaai/JoshiSP19</key><ee>http://ceur-ws.org/Vol-2328/1_paper_9.pdf</ee><url>https://dblp.org/rec/conf/aaai/JoshiSP19</url></info>
<url>URL#709435</url>
</hit>
<hit score="1" id="709477">
<info><authors><author pid="232/1743">Damian Konrad Kowalczyk</author><author pid="85/173">Jan Larsen</author></authors><title>Scalable Privacy-Compliant Virality Prediction on Twitter.</title><venue>AffCon@AAAI</venue><pages>12-27</pages><year>2019</year><type>Conference and Workshop Papers</type><key>conf/aaai/KowalczykL19</key><ee>http://ceur-ws.org/Vol-2328/1_paper_27.pdf</ee><url>https://dblp.org/rec/conf/aaai/KowalczykL19</url></info>
<url>URL#709477</url>
</hit>
<hit score="1" id="709553">
<info><authors><author pid="43/4804">Da Li</author><author pid="17/3493">Rafal Rzepka</author><author pid="77/3761">Michal Ptaszynski</author><author pid="02/2443">Kenji Araki</author></authors><title>A Novel Machine Learning-based Sentiment Analysis Method for Chinese Social Media Considering Chinese Slang Lexicon and Emoticons.</title><venue>AffCon@AAAI</venue><pages>88-103</pages><year>2019</year><type>Conference and Workshop Papers</type><key>conf/aaai/LiRPA19</key><ee>http://ceur-ws.org/Vol-2328/3_3_paper_10.pdf</ee><url>https://dblp.org/rec/conf/aaai/LiRPA19</url></info>
<url>URL#709553</url>
</hit>
<hit score="1" id="709666">
<info><authors><author pid="230/4481">Ziqian Luo</author><author pid="31/4114">Hua Xu</author><author pid="41/10690">Feiyang Chen</author></authors><title>Audio Sentiment Analysis by Heterogeneous Signal Features Learned from Utterance-Based Parallel Neural Network.</title><venue>AffCon@AAAI</venue><pages>80-87</pages><year>2019</year><type>Conference and Workshop Papers</type><key>conf/aaai/LuoXC19</key><ee>http://ceur-ws.org/Vol-2328/3_2_paper_17.pdf</ee><url>https://dblp.org/rec/conf/aaai/LuoXC19</url></info>
<url>URL#709666</url>
</hit>
<hit score="1" id="709798">
<info><authors><author pid="01/5413">Arun Rajendran</author><author pid="209/0022">Chiyu Zhang</author><author pid="49/9389">Muhammad Abdul-Mageed</author></authors><title>Happy Together - Learning and Understanding Appraisal From Natural Language.</title><venue>AffCon@AAAI</venue><pages>50-59</pages><year>2019</year><type>Conference and Workshop Papers</type><key>conf/aaai/RajendranZA19</key><ee>http://ceur-ws.org/Vol-2328/2_paper_24.pdf</ee><url>https://dblp.org/rec/conf/aaai/RajendranZA19</url></info>
<url>URL#709798</url>
</hit>
<hit score="1" id="709799">
<info><authors><author pid="02/10193">Geetanjali Rakshit</author><author pid="28/834">JiaQi Wu</author><author pid="117/0344-2">Ryan Compton 0002</author><author pid="w/MarilynAWalker">Marilyn A. Walker</author><author pid="83/6482">Pranav Anand</author><author pid="41/2145">Steve Whittaker</author></authors><title>CruzAffect at AffCon 2019 Shared Task - A feature-rich approach to characterize happiness.</title><venue>AffCon@AAAI</venue><pages>129-139</pages><year>2019</year><type>Conference and Workshop Papers</type><key>conf/aaai/RakshitW0WAW19</key><ee>http://ceur-ws.org/Vol-2328/4_1_paper_6.pdf</ee><url>https://dblp.org/rec/conf/aaai/RakshitW0WAW19</url></info>
<url>URL#709799</url>
</hit>
<hit score="1" id="709858">
<info><authors><author pid="222/6656">Michael Saxon</author><author pid="238/2391">Samarth Bhandari</author><author pid="238/2388">Lewis Ruskin</author><author pid="238/2387">Gabrielle Honda</author></authors><title>Word Pair Convolutional Model for Happy Moment Classification.</title><venue>AffCon@AAAI</venue><pages>111-119</pages><year>2019</year><type>Conference and Workshop Papers</type><key>conf/aaai/SaxonBRH19</key><ee>http://ceur-ws.org/Vol-2328/4_paper_1.pdf</ee><url>https://dblp.org/rec/conf/aaai/SaxonBRH19</url></info>
<url>URL#709858</url>
</hit>
<hit score="1" id="709948">
<info><authors><author pid="122/8030">Baohua Sun</author><author pid="20/2970">Lin Yang</author><author pid="236/4426">Catherine Chi</author><author pid="46/4452">Wenhan Zhang</author><author pid="38/1685">Michael Lin</author></authors><title>Squared English Word - A Method of Generating Glyph to Use Super Characters for Sentiment Analysis.</title><venue>AffCon@AAAI</venue><pages>140-151</pages><year>2019</year><type>Conference and Workshop Papers</type><key>conf/aaai/SunYCZL19</key><ee>http://ceur-ws.org/Vol-2328/4_2_paper_21.pdf</ee><url>https://dblp.org/rec/conf/aaai/SunYCZL19</url></info>
<url>URL#709948</url>
</hit>
<hit score="1" id="709953">
<info><authors><author pid="228/2584">Bakhtiyar Syed</author><author pid="190/1681">Vijayasaradhi Indurthi</author><author pid="215/3581">Kulin Shah</author><author pid="g/ManishGupta1">Manish Gupta 0001</author><author pid="03/4045">Vasudeva Varma</author></authors><title>Ingredients for Happiness - Modeling constructs via semi-supervised content driven inductive transfer.</title><venue>AffCon@AAAI</venue><pages>120-128</pages><year>2019</year><type>Conference and Workshop Papers</type><key>conf/aaai/SyedIS0V19</key><ee>http://ceur-ws.org/Vol-2328/4_paper_19.pdf</ee><url>https://dblp.org/rec/conf/aaai/SyedIS0V19</url></info>
<url>URL#709953</url>
</hit>
<hit score="1" id="709965">
<info><authors><author pid="170/7691">Bashar Talafha</author><author pid="10/7992">Mahmoud Al-Ayyoub</author></authors><title>IoH-RCNN - Pursue the Ingredients of Happiness using Recurrent Convolutional Neural Networks.</title><venue>AffCon@AAAI</venue><pages>191-197</pages><year>2019</year><type>Conference and Workshop Papers</type><key>conf/aaai/TalafhaA19</key><ee>http://ceur-ws.org/Vol-2328/4_7_paper_32.pdf</ee><url>https://dblp.org/rec/conf/aaai/TalafhaA19</url></info>
<url>URL#709965</url>
</hit>
<hit score="1" id="709985">
<info><authors><author pid="136/3648">Thomas James Z. Tiam-Lee</author><author pid="25/1457">Kaoru Sumi</author></authors><title>Emotional Experience of Students Interacting with a System for Learning Programming.</title><venue>AffCon@AAAI</venue><pages>72-79</pages><year>2019</year><type>Conference and Workshop Papers</type><key>conf/aaai/Tiam-LeeS19</key><ee>http://ceur-ws.org/Vol-2328/3_1_paper_14.pdf</ee><url>https://dblp.org/rec/conf/aaai/Tiam-LeeS19</url></info>
<url>URL#709985</url>
</hit>
<hit score="1" id="709996">
<info><authors><author pid="210/3365">Johnny Torres</author><author pid="17/4961">Carmen Vaca</author></authors><title>CL-Aff Deep semisupervised clustering.</title><venue>AffCon@AAAI</venue><pages>171-180</pages><year>2019</year><type>Conference and Workshop Papers</type><key>conf/aaai/TorresV19</key><ee>http://ceur-ws.org/Vol-2328/4_5_paper_30.pdf</ee><url>https://dblp.org/rec/conf/aaai/TorresV19</url></info>
<url>URL#709996</url>
</hit>
<hit score="1" id="710128">
<info><authors><author pid="238/2378">Weizhao Xin</author><author pid="i/DianaInkpen">Diana Inkpen</author></authors><title>Happiness Ingredients Detection using Multi-Task Deep Learning.</title><venue>AffCon@AAAI</venue><pages>164-170</pages><year>2019</year><type>Conference and Workshop Papers</type><key>conf/aaai/XinI19</key><ee>http://ceur-ws.org/Vol-2328/4_4_paper_26.pdf</ee><url>https://dblp.org/rec/conf/aaai/XinI19</url></info>
<url>URL#710128</url>
</hit>
<hit score="1" id="887120">
<info><authors><author pid="83/9923">Niyati Chhaya</author><author pid="62/8212">Kokil Jaidka</author><author pid="120/2076">Atanu R. Sinha</author><author pid="u/LyleHUngar">Lyle Ungar</author></authors><title>Proceedings of the 2nd Workshop on Affective Content Analysis (AffCon 2019) co-located with Thirty-Third AAAI Conference on Artificial Intelligence (AAAI 2019), Honolulu, USA, January 27, 2019.</title><venue>AffCon@AAAI</venue><venue>CEUR Workshop Proceedings</venue><volume>2328</volume><publisher>CEUR-WS.org</publisher><year>2019</year><type>Editorship</type><key>conf/aaai/2019affcon</key><ee>http://ceur-ws.org/Vol-2328</ee><url>https://dblp.org/rec/conf/aaai/2019affcon</url></info>
<url>URL#887120</url>
</hit>
</hits>
</result>
