<?xml version="1.0" encoding="UTF-8"?>
<result>
<query id="308707">:facetid:toc:db\"/\"conf\"/\"aaai\"/\"keg2019\".\"bht</query>
<status code="200">OK</status>
<time unit="msecs">125.67</time>
<completions total="1" computed="1" sent="1">
<c sc="12" dc="12" oc="12" id="18218002">:facetid:toc:db/conf/aaai/keg2019.bht</c>
</completions>
<hits total="12" computed="12" sent="12" first="0">
<hit score="1" id="709023">
<info><authors><author pid="230/8095">Henry Bendekgey</author></authors><title>Clustering Player Strategies from Variable-Length Game Logs in Dominion.</title><venue>KEG@AAAI</venue><pages>64-69</pages><year>2019</year><type>Conference and Workshop Papers</type><key>conf/aaai/Bendekgey19</key><ee>http://ceur-ws.org/Vol-2313/KEG_2019_paper_4.pdf</ee><url>https://dblp.org/rec/conf/aaai/Bendekgey19</url></info>
<url>URL#709023</url>
</hit>
<hit score="1" id="709048">
<info><authors><author pid="173/5050">Alexander Braylan</author><author pid="m/RistoMiikkulainen">Risto Miikkulainen</author></authors><title>Discretization of Game Space by Environment Attributes.</title><venue>KEG@AAAI</venue><pages>76-80</pages><year>2019</year><type>Conference and Workshop Papers</type><key>conf/aaai/BraylanM19</key><ee>http://ceur-ws.org/Vol-2313/KEG_2019_paper_6.pdf</ee><url>https://dblp.org/rec/conf/aaai/BraylanM19</url></info>
<url>URL#709048</url>
</hit>
<hit score="1" id="709051">
<info><authors><author pid="95/10457">Joseph Alexander Brown</author><author pid="198/1646">Hamna Aslam</author><author pid="190/7355">Munir Makhmutov</author><author pid="17/5631">Giancarlo Succi</author></authors><title>Intuitive Rules Design Evaluation Methods and Case Study.</title><venue>KEG@AAAI</venue><pages>35-42</pages><year>2019</year><type>Conference and Workshop Papers</type><key>conf/aaai/BrownAMS19</key><ee>http://ceur-ws.org/Vol-2313/KEG_2019_paper_2.pdf</ee><url>https://dblp.org/rec/conf/aaai/BrownAMS19</url></info>
<url>URL#709051</url>
</hit>
<hit score="1" id="709054">
<info><authors><author pid="54/3492">Cameron Browne</author><author pid="195/5774">Dennis J. N. J. Soemers</author><author pid="145/2739">Éric Piette</author></authors><title>Strategic Features for General Games.</title><venue>KEG@AAAI</venue><pages>70-75</pages><year>2019</year><type>Conference and Workshop Papers</type><key>conf/aaai/BrowneSP19</key><ee>http://ceur-ws.org/Vol-2313/KEG_2019_paper_8.pdf</ee><url>https://dblp.org/rec/conf/aaai/BrowneSP19</url></info>
<url>URL#709054</url>
</hit>
<hit score="1" id="709443">
<info><authors><author pid="201/5384">Pavan Kantharaju</author><author pid="o/SantiagoOntanon">Santiago Ontañón</author><author pid="88/4021">Christopher W. Geib</author></authors><title>Extracting CCGs for Plan Recognition in RTS Games.</title><venue>KEG@AAAI</venue><pages>9-16</pages><year>2019</year><type>Conference and Workshop Papers</type><key>conf/aaai/KantharajuOG19</key><ee>http://ceur-ws.org/Vol-2313/KEG_2019_paper_5.pdf</ee><url>https://dblp.org/rec/conf/aaai/KantharajuOG19</url></info>
<url>URL#709443</url>
</hit>
<hit score="1" id="709600">
<info><authors><author pid="183/6567">Zhiyu Lin</author><author pid="r/MarkORiedl">Mark Riedl</author><author pid="224/2014">Kyle Xiao</author></authors><title>GenerationMania - Learning to Semantically Choreograph.</title><venue>KEG@AAAI</venue><pages>51-57</pages><year>2019</year><type>Conference and Workshop Papers</type><key>conf/aaai/LinRX19</key><ee>http://ceur-ws.org/Vol-2313/KEG_2019_paper_13.pdf</ee><url>https://dblp.org/rec/conf/aaai/LinRX19</url></info>
<url>URL#709600</url>
</hit>
<hit score="1" id="709684">
<info><authors><author pid="148/0511">Tiago Machado</author><author pid="171/6814">Daniel Gopstein</author><author pid="32/6571">Andy Nealen</author><author pid="47/767">Julian Togelius</author></authors><title>Kwiri - What, When, Where and Who - Everything You Ever Wanted to Know About Your Game But Didn&apos;t Know How to Ask.</title><venue>KEG@AAAI</venue><pages>43-50</pages><year>2019</year><type>Conference and Workshop Papers</type><key>conf/aaai/MachadoGNT19</key><ee>http://ceur-ws.org/Vol-2313/KEG_2019_paper_7.pdf</ee><url>https://dblp.org/rec/conf/aaai/MachadoGNT19</url></info>
<url>URL#709684</url>
</hit>
<hit score="1" id="709796">
<info><authors><author pid="175/9617">Jacob Rafati</author><author pid="89/6084">David C. Noelle</author></authors><title>Unsupervised Methods For Subgoal Discovery During Intrinsic Motivation in Model-Free Hierarchical Reinforcement Learning.</title><venue>KEG@AAAI</venue><pages>17-25</pages><year>2019</year><type>Conference and Workshop Papers</type><key>conf/aaai/RafatiN19</key><ee>http://ceur-ws.org/Vol-2313/KEG_2019_paper_10.pdf</ee><url>https://dblp.org/rec/conf/aaai/RafatiN19</url></info>
<url>URL#709796</url>
</hit>
<hit score="1" id="709936">
<info><authors><author pid="18/991">Nathan Sturtevant</author></authors><title>Exploring EPCG in The Witness.</title><venue>KEG@AAAI</venue><pages>58-63</pages><year>2019</year><type>Conference and Workshop Papers</type><key>conf/aaai/Sturtevant19</key><ee>http://ceur-ws.org/Vol-2313/KEG_2019_paper_12.pdf</ee><url>https://dblp.org/rec/conf/aaai/Sturtevant19</url></info>
<url>URL#709936</url>
</hit>
<hit score="1" id="710161">
<info><authors><author pid="178/8606">Zuozhi Yang</author><author pid="o/SantiagoOntanon">Santiago Ontañón</author></authors><title>Extracting Policies from Replays to Improve MCTS in Real Time Strategy Games.</title><venue>KEG@AAAI</venue><pages>2-8</pages><year>2019</year><type>Conference and Workshop Papers</type><key>conf/aaai/YangO19</key><ee>http://ceur-ws.org/Vol-2313/KEG_2019_paper_3.pdf</ee><url>https://dblp.org/rec/conf/aaai/YangO19</url></info>
<url>URL#710161</url>
</hit>
<hit score="1" id="710208">
<info><authors><author pid="223/2701">Zeping Zhan</author><author pid="229/3576">Batu Aytemiz</author><author pid="88/2052">Adam M. Smith</author></authors><title>Taking the Scenic Route - Automatic Exploration for Videogames.</title><venue>KEG@AAAI</venue><pages>26-34</pages><year>2019</year><type>Conference and Workshop Papers</type><key>conf/aaai/ZhanAS19</key><ee>http://ceur-ws.org/Vol-2313/KEG_2019_paper_9.pdf</ee><url>https://dblp.org/rec/conf/aaai/ZhanAS19</url></info>
<url>URL#710208</url>
</hit>
<hit score="1" id="887121">
<info><authors><author pid="176/5400">Matthew Guzdial</author><author pid="138/4653">Joseph C. Osborn</author><author pid="151/2600">Sam Snodgrass</author></authors><title>Proceedings of the 2nd Workshop on Knowledge Extraction from Games co-located with 33rd AAAI Conference on Artificial Intelligence, KEG@AAAI 2019, Honolulu, Hawaii, January 27th, 2019.</title><venue>KEG@AAAI</venue><venue>CEUR Workshop Proceedings</venue><volume>2313</volume><publisher>CEUR-WS.org</publisher><year>2019</year><type>Editorship</type><key>conf/aaai/2019keg</key><ee>http://ceur-ws.org/Vol-2313</ee><url>https://dblp.org/rec/conf/aaai/2019keg</url></info>
<url>URL#887121</url>
</hit>
</hits>
</result>
