<?xml version="1.0" encoding="UTF-8"?>
<result>
<query id="309661">:facetid:toc:db\"/\"conf\"/\"aaai\"/\"safeai2020\".\"bht</query>
<status code="200">OK</status>
<time unit="msecs">101.05</time>
<completions total="1" computed="1" sent="1">
<c sc="25" dc="25" oc="25" id="18218022">:facetid:toc:db/conf/aaai/safeai2020.bht</c>
</completions>
<hits total="25" computed="25" sent="25" first="0">
<hit score="1" id="315341">
<info><authors><author pid="167/8988">Kamran Alipour</author><author pid="59/5292">Jürgen P. Schulze</author><author pid="59/179">Yi Yao</author><author pid="236/2383">Avi Ziskind</author><author pid="236/5230">Giedrius Burachas</author></authors><title>A Study on Multimodal and Interactive Explanations for Visual Question Answering.</title><venue>SafeAI@AAAI</venue><pages>54-62</pages><year>2020</year><type>Conference and Workshop Papers</type><key>conf/aaai/AlipourSYZB20</key><ee>http://ceur-ws.org/Vol-2560/paper44.pdf</ee><url>https://dblp.org/rec/conf/aaai/AlipourSYZB20</url></info>
<url>URL#315341</url>
</hit>
<hit score="1" id="315371">
<info><authors><author pid="225/5241">Michiel A. Bakker</author><author pid="251/8738">Humberto Riverón Valdés</author><author pid="251/8700">Duy Patrick Tu</author><author pid="g/PKrishnaGummadi">Krishna P. Gummadi</author><author pid="02/3069">Kush R. Varshney</author><author pid="73/8324">Adrian Weller</author><author pid="p/AlexPentland">Alex Pentland</author></authors><title>Fair Enough - Improving Fairness in Budget-Constrained Decision Making Using Confidence Thresholds.</title><venue>SafeAI@AAAI</venue><pages>41-53</pages><year>2020</year><type>Conference and Workshop Papers</type><key>conf/aaai/BakkerVTGVWP20</key><ee>http://ceur-ws.org/Vol-2560/paper24.pdf</ee><url>https://dblp.org/rec/conf/aaai/BakkerVTGVWP20</url></info>
<url>URL#315371</url>
</hit>
<hit score="1" id="315389">
<info><authors><author pid="172/2715">Vahid Behzadan</author><author pid="87/5617">Ibrahim M. Baggili</author></authors><title>Founding The Domain of AI Forensics.</title><venue>SafeAI@AAAI</venue><pages>31-35</pages><year>2020</year><type>Conference and Workshop Papers</type><key>conf/aaai/BehzadanB20</key><ee>http://ceur-ws.org/Vol-2560/paper53.pdf</ee><url>https://dblp.org/rec/conf/aaai/BehzadanB20</url></info>
<url>URL#315389</url>
</hit>
<hit score="1" id="315437">
<info><authors><author pid="259/5707">John Burden</author><author pid="h/JoseHernandezOrallo">José Hernández-Orallo</author></authors><title>Exploring AI Safety in Degrees - Generality, Capability and Control.</title><venue>SafeAI@AAAI</venue><pages>36-40</pages><year>2020</year><type>Conference and Workshop Papers</type><key>conf/aaai/BurdenH20</key><ee>http://ceur-ws.org/Vol-2560/paper21.pdf</ee><url>https://dblp.org/rec/conf/aaai/BurdenH20</url></info>
<url>URL#315437</url>
</hit>
<hit score="1" id="315610">
<info><authors><author pid="75/5747">Ewen Denney</author><author pid="30/1320">Ganesh Pai</author><author pid="03/685">Colin Smith</author></authors><title>Hazard Contribution Modes of Machine Learning Components.</title><venue>SafeAI@AAAI</venue><pages>14-22</pages><year>2020</year><type>Conference and Workshop Papers</type><key>conf/aaai/DenneyPS20</key><ee>http://ceur-ws.org/Vol-2560/paper41.pdf</ee><url>https://dblp.org/rec/conf/aaai/DenneyPS20</url></info>
<url>URL#315610</url>
</hit>
<hit score="1" id="315619">
<info><authors><author pid="259/5990">Botty Dimanov</author><author pid="207/7955">Umang Bhatt</author><author pid="41/1392">Mateja Jamnik</author><author pid="73/8324">Adrian Weller</author></authors><title>You Shouldn&apos;t Trust Me - Learning Models Which Conceal Unfairness From Multiple Explanation Methods.</title><venue>SafeAI@AAAI</venue><pages>63-73</pages><year>2020</year><type>Conference and Workshop Papers</type><key>conf/aaai/DimanovBJW20</key><ee>http://ceur-ws.org/Vol-2560/paper8.pdf</ee><url>https://dblp.org/rec/conf/aaai/DimanovBJW20</url></info>
<url>URL#315619</url>
</hit>
<hit score="1" id="315633">
<info><authors><author pid="172/1017">Melanie Ducoffe</author><author pid="07/9672">Sébastien Gerchinovitz</author><author pid="232/4104">Jayant Sen Gupta</author></authors><title>A High Probability Safety Guarantee for Shifted Neural Network Surrogates.</title><venue>SafeAI@AAAI</venue><pages>74-82</pages><year>2020</year><type>Conference and Workshop Papers</type><key>conf/aaai/DucoffeGG20</key><ee>http://ceur-ws.org/Vol-2560/paper11.pdf</ee><url>https://dblp.org/rec/conf/aaai/DucoffeGG20</url></info>
<url>URL#315633</url>
</hit>
<hit score="1" id="315734">
<info><authors><author pid="236/4881">Ashish Gaurav</author><author pid="226/0867">Sachin Vernekar</author><author pid="59/3622">Jaeyoung Lee</author><author pid="159/3608">Vahdat Abdelzad</author><author pid="72/6806">Krzysztof Czarnecki</author><author pid="26/5698">Sean Sedwards</author></authors><title>Simple Continual Learning Strategies for Safer Classifers.</title><venue>SafeAI@AAAI</venue><pages>96-104</pages><year>2020</year><type>Conference and Workshop Papers</type><key>conf/aaai/GauravVLSACS20</key><ee>http://ceur-ws.org/Vol-2560/paper6.pdf</ee><url>https://dblp.org/rec/conf/aaai/GauravVLSACS20</url></info>
<url>URL#315734</url>
</hit>
<hit score="1" id="315834">
<info><authors><author pid="246/2285">Maximilian Henne</author><author pid="246/2212">Adrian Schwaiger</author><author pid="143/9305">Karsten Roscher</author><author pid="51/1748">Gereon Weiss</author></authors><title>Benchmarking Uncertainty Estimation Methods for Deep Learning With Safety-Related Metrics.</title><venue>SafeAI@AAAI</venue><pages>83-90</pages><year>2020</year><type>Conference and Workshop Papers</type><key>conf/aaai/HenneSRW20</key><ee>http://ceur-ws.org/Vol-2560/paper35.pdf</ee><url>https://dblp.org/rec/conf/aaai/HenneSRW20</url></info>
<url>URL#315834</url>
</hit>
<hit score="1" id="315953">
<info><authors><author pid="259/5966">Sarthak Jindal</author><author pid="216/5035">Raghav Sood</author><author pid="75/3512">Richa Singh 0001</author><author pid="58/323">Mayank Vatsa</author><author pid="65/2136-2">Tanmoy Chakraborty 0002</author></authors><title>NewsBag - A Benchmark Multimodal Dataset for Fake News Detection.</title><venue>SafeAI@AAAI</venue><pages>138-145</pages><year>2020</year><type>Conference and Workshop Papers</type><key>conf/aaai/JindalS0V020</key><ee>http://ceur-ws.org/Vol-2560/paper27.pdf</ee><url>https://dblp.org/rec/conf/aaai/JindalS0V020</url></info>
<url>URL#315953</url>
</hit>
<hit score="1" id="315969">
<info><authors><author pid="166/1648">Kazuya Kakizaki</author><author pid="174/0452">Kosuke Yoshida</author></authors><title>Adversarial Image Translation - Unrestricted Adversarial Examples in Face Recognition Systems.</title><venue>SafeAI@AAAI</venue><pages>6-13</pages><year>2020</year><type>Conference and Workshop Papers</type><key>conf/aaai/KakizakiY20</key><ee>http://ceur-ws.org/Vol-2560/paper4.pdf</ee><url>https://dblp.org/rec/conf/aaai/KakizakiY20</url></info>
<url>URL#315969</url>
</hit>
<hit score="1" id="315974">
<info><authors><author pid="254/2890">Ryo Kamoi</author><author pid="45/6189">Kei Kobayashi</author></authors><title>Out-of-Distribution Detection with Likelihoods Assigned by Deep Generative Models Using Multimodal Prior Distributions.</title><venue>SafeAI@AAAI</venue><pages>113-116</pages><year>2020</year><type>Conference and Workshop Papers</type><key>conf/aaai/KamoiK20</key><ee>http://ceur-ws.org/Vol-2560/paper2.pdf</ee><url>https://dblp.org/rec/conf/aaai/KamoiK20</url></info>
<url>URL#315974</url>
</hit>
<hit score="1" id="316005">
<info><authors><author pid="02/596">Jin-Young Kim</author><author pid="88/2576">Sung-Bae Cho</author></authors><title>Fair Representation for Safe Artificial Intelligence via Adversarial Learning of Unbiased Information Bottleneck.</title><venue>SafeAI@AAAI</venue><pages>105-112</pages><year>2020</year><type>Conference and Workshop Papers</type><key>conf/aaai/KimC20</key><ee>http://ceur-ws.org/Vol-2560/paper5.pdf</ee><url>https://dblp.org/rec/conf/aaai/KimC20</url></info>
<url>URL#316005</url>
</hit>
<hit score="1" id="316028">
<info><authors><author pid="136/6061">Vojtech Kovarík</author><author pid="206/6605">Ryan Carey</author></authors><title>(When) Is Truth-telling Favored in AI Debate?</title><venue>SafeAI@AAAI</venue><pages>128-137</pages><year>2020</year><type>Conference and Workshop Papers</type><key>conf/aaai/KovarikC20</key><ee>http://ceur-ws.org/Vol-2560/paper3.pdf</ee><url>https://dblp.org/rec/conf/aaai/KovarikC20</url></info>
<url>URL#316028</url>
</hit>
<hit score="1" id="316047">
<info><authors><author pid="223/6633">Imane Lamrani</author><author pid="86/2304">Ayan Banerjee</author><author pid="g/SandeepKSGupta">Sandeep K. S. Gupta</author></authors><title>Toward Operational Safety Verification Via Hybrid Automata Mining Using I/O Traces of AI-Enabled CPS.</title><venue>SafeAI@AAAI</venue><pages>186-194</pages><year>2020</year><type>Conference and Workshop Papers</type><key>conf/aaai/LamraniBG20</key><ee>http://ceur-ws.org/Vol-2560/paper26.pdf</ee><url>https://dblp.org/rec/conf/aaai/LamraniBG20</url></info>
<url>URL#316047</url>
</hit>
<hit score="1" id="316243">
<info><authors><author pid="69/4672">Lifeng Liu</author><author pid="77/2498">Yingxuan Zhu</author><author pid="271/1435">Tim Tingqiu Yuan</author><author pid="33/5448">Jian Li</author></authors><title>Continuous Safe Learning Based on First Principles and Constraints for Autonomous Driving.</title><venue>SafeAI@AAAI</venue><pages>170-177</pages><year>2020</year><type>Conference and Workshop Papers</type><key>conf/aaai/LiuZYL20</key><ee>http://ceur-ws.org/Vol-2560/paper29.pdf</ee><url>https://dblp.org/rec/conf/aaai/LiuZYL20</url></info>
<url>URL#316243</url>
</hit>
<hit score="1" id="316325">
<info><authors><author pid="155/4739">Sina Mohseni</author><author pid="255/6045">Mandar Pitale</author><author pid="97/4322">Vasu Singh</author><author pid="119/4026">Zhangyang Wang</author></authors><title>Practical Solutions for Machine Learning Safety in Autonomous Vehicles.</title><venue>SafeAI@AAAI</venue><pages>162-169</pages><year>2020</year><type>Conference and Workshop Papers</type><key>conf/aaai/MohseniPSW20</key><ee>http://ceur-ws.org/Vol-2560/paper40.pdf</ee><url>https://dblp.org/rec/conf/aaai/MohseniPSW20</url></info>
<url>URL#316325</url>
</hit>
<hit score="1" id="316423">
<info><authors><author pid="198/1562">Chiara Picardi</author><author pid="27/8933">Colin Paterson</author><author pid="84/2232">Richard Hawkins</author><author pid="15/2194">Radu Calinescu</author><author pid="98/575">Ibrahim Habli</author></authors><title>Assurance Argument Patterns and Processes for Machine Learning in Safety-Related Systems.</title><venue>SafeAI@AAAI</venue><pages>23-30</pages><year>2020</year><type>Conference and Workshop Papers</type><key>conf/aaai/PicardiPHCH20</key><ee>http://ceur-ws.org/Vol-2560/paper17.pdf</ee><url>https://dblp.org/rec/conf/aaai/PicardiPHCH20</url></info>
<url>URL#316423</url>
</hit>
<hit score="1" id="316429">
<info><authors><author pid="238/0186">Bharat Prakash</author><author pid="27/9826">Nicholas R. Waytowich</author><author pid="155/2122">Ashwinkumar Ganesan</author><author pid="34/3824">Tim Oates</author><author pid="33/2194">Tinoosh Mohsenin</author></authors><title>Guiding Safe Reinforcement Learning Policies Using Structured Language Constraints.</title><venue>SafeAI@AAAI</venue><pages>153-161</pages><year>2020</year><type>Conference and Workshop Papers</type><key>conf/aaai/PrakashWGOM20</key><ee>http://ceur-ws.org/Vol-2560/paper38.pdf</ee><url>https://dblp.org/rec/conf/aaai/PrakashWGOM20</url></info>
<url>URL#316429</url>
</hit>
<hit score="1" id="316489">
<info><authors><author pid="00/1125">Rick Salay</author><author pid="72/6806">Krzysztof Czarnecki</author><author pid="248/3287">Maria Soledad Elli</author><author pid="220/7783">Ignacio J. Alvarez</author><author pid="26/5698">Sean Sedwards</author><author pid="242/4626">Jack Weast</author></authors><title>PURSS - Towards Perceptual Uncertainty Aware Responsibility Sensitive Safety with ML.</title><venue>SafeAI@AAAI</venue><pages>91-95</pages><year>2020</year><type>Conference and Workshop Papers</type><key>conf/aaai/SalayCEASW20</key><ee>http://ceur-ws.org/Vol-2560/paper34.pdf</ee><url>https://dblp.org/rec/conf/aaai/SalayCEASW20</url></info>
<url>URL#316489</url>
</hit>
<hit score="1" id="316512">
<info><authors><author pid="255/5387">Ignacio Serna</author><author pid="91/7421">Aythami Morales</author><author pid="97/4330">Julian Fiérrez</author><author pid="c/ManuelCebrian">Manuel Cebrián</author><author pid="162/0083">Nick Obradovich</author><author pid="17/525">Iyad Rahwan</author></authors><title>Algorithmic Discrimination - Formulation and Exploration in Deep Learning-based Face Biometrics.</title><venue>SafeAI@AAAI</venue><pages>146-152</pages><year>2020</year><type>Conference and Workshop Papers</type><key>conf/aaai/SernaMFCOR20</key><ee>http://ceur-ws.org/Vol-2560/paper10.pdf</ee><url>https://dblp.org/rec/conf/aaai/SernaMFCOR20</url></info>
<url>URL#316512</url>
</hit>
<hit score="1" id="316688">
<info><authors><author pid="94/9187">Dmitry Vengertsev</author><author pid="05/7251">Elena Sherman</author></authors><title>Recurrent Neural Network Properties and their Verification with Monte Carlo Techniques.</title><venue>SafeAI@AAAI</venue><pages>178-185</pages><year>2020</year><type>Conference and Workshop Papers</type><key>conf/aaai/VengertsevS20</key><ee>http://ceur-ws.org/Vol-2560/paper39.pdf</ee><url>https://dblp.org/rec/conf/aaai/VengertsevS20</url></info>
<url>URL#316688</url>
</hit>
<hit score="1" id="316703">
<info><authors><author pid="116/6226">Carroll L. Wainwright</author><author pid="79/417">Peter Eckersley</author></authors><title>SafeLife 1.0 - Exploring Side Effects in Complex Environments.</title><venue>SafeAI@AAAI</venue><pages>117-127</pages><year>2020</year><type>Conference and Workshop Papers</type><key>conf/aaai/WainwrightE20</key><ee>http://ceur-ws.org/Vol-2560/paper46.pdf</ee><url>https://dblp.org/rec/conf/aaai/WainwrightE20</url></info>
<url>URL#316703</url>
</hit>
<hit score="1" id="316863">
<info><authors><author pid="96/2401">Bowei Xi</author><author pid="74/3270">Yujie Chen</author><author pid="61/7710">Fei Fan</author><author pid="203/5343">Zhan Tu</author><author pid="33/2032">Xinyan Deng</author></authors><title>Bio-Inspired Adversarial Attack Against Deep Neural Networks.</title><venue>SafeAI@AAAI</venue><pages>1-5</pages><year>2020</year><type>Conference and Workshop Papers</type><key>conf/aaai/XiCFTD20</key><ee>http://ceur-ws.org/Vol-2560/paper15.pdf</ee><url>https://dblp.org/rec/conf/aaai/XiCFTD20</url></info>
<url>URL#316863</url>
</hit>
<hit score="1" id="469209">
<info><authors><author pid="04/4931">Huáscar Espinoza</author><author pid="h/JoseHernandezOrallo">José Hernández-Orallo</author><author pid="259/5665">Xin Cynthia Chen</author><author pid="233/2180">Seán S. ÓhÉigeartaigh</author><author pid="60/5414-1">Xiaowei Huang 0001</author><author pid="42/4207">Mauricio Castillo-Effen</author><author pid="246/2111">Richard Mallah</author><author pid="61/3573">John McDermid</author></authors><title>Proceedings of the Workshop on Artificial Intelligence Safety, co-located with 34th AAAI Conference on Artificial Intelligence, SafeAI@AAAI 2020, New York City, NY, USA, February 7, 2020.</title><venue>SafeAI@AAAI</venue><venue>CEUR Workshop Proceedings</venue><volume>2560</volume><publisher>CEUR-WS.org</publisher><year>2020</year><type>Editorship</type><key>conf/aaai/2020safeai</key><ee>http://ceur-ws.org/Vol-2560</ee><url>https://dblp.org/rec/conf/aaai/2020safeai</url></info>
<url>URL#469209</url>
</hit>
</hits>
</result>
