<?xml version="1.0" encoding="UTF-8"?>
<result>
<query id="309739">:facetid:toc:db\"/\"conf\"/\"aaai\"/\"affcon2020\".\"bht</query>
<status code="200">OK</status>
<time unit="msecs">107.65</time>
<completions total="1" computed="1" sent="1">
<c sc="18" dc="18" oc="18" id="18217978">:facetid:toc:db/conf/aaai/affcon2020.bht</c>
</completions>
<hits total="18" computed="18" sent="18" first="0">
<hit score="1" id="315269">
<info><authors><author pid="184/3732">Victoria Lin 0001</author><author pid="00/10781">Jeffrey M. Girard</author><author pid="31/739">Louis-Philippe Morency</author></authors><title>Context-Dependent Models for Predicting and Characterizing Facial Expressiveness.</title><venue>AffCon@AAAI</venue><pages>11-28</pages><year>2020</year><type>Conference and Workshop Papers</type><key>conf/aaai/0001GM20</key><ee>http://ceur-ws.org/Vol-2614/AffCon20_session1_context.pdf</ee><url>https://dblp.org/rec/conf/aaai/0001GM20</url></info>
<url>URL#315269</url>
</hit>
<hit score="1" id="315332">
<info><authors><author pid="267/6395">Chandan Akiti</author><author pid="42/8717">Sarah Michele Rajtmajer</author><author pid="s/AnnaCinziaSquicciarini">Anna Cinzia Squicciarini</author></authors><title>Contextual representation of self-disclosure and supportiveness in short text.</title><venue>AffCon@AAAI</venue><pages>179-206</pages><year>2020</year><type>Conference and Workshop Papers</type><key>conf/aaai/AkitiRS20</key><ee>http://ceur-ws.org/Vol-2614/AffCon20_session4_contextual.pdf</ee><url>https://dblp.org/rec/conf/aaai/AkitiRS20</url></info>
<url>URL#315332</url>
</hit>
<hit score="1" id="315377">
<info><authors><author pid="238/0999">Cristian-Paul Bara</author><author pid="156/6734">Michalis Papakostas</author><author pid="m/RadaMihalcea">Rada Mihalcea</author></authors><title>A Deep Learning Approach Towards Multimodal Stress Detection.</title><venue>AffCon@AAAI</venue><pages>67-81</pages><year>2020</year><type>Conference and Workshop Papers</type><key>conf/aaai/BaraPM20</key><ee>http://ceur-ws.org/Vol-2614/AffCon20_session1_deeplearning.pdf</ee><url>https://dblp.org/rec/conf/aaai/BaraPM20</url></info>
<url>URL#315377</url>
</hit>
<hit score="1" id="315462">
<info><authors><author pid="116/4705">Sanga Chaki</author><author pid="267/6397">Pranjal Doshi</author><author pid="128/3157">Priyadarshi Patnaik</author><author pid="64/6249">Sourangshu Bhattacharya</author></authors><title>Attentive RNNs for Continuous-time Emotion Prediction in Music Clips.</title><venue>AffCon@AAAI</venue><pages>36-46</pages><year>2020</year><type>Conference and Workshop Papers</type><key>conf/aaai/ChakiDPB20</key><ee>http://ceur-ws.org/Vol-2614/AffCon20_session1_attentive.pdf</ee><url>https://dblp.org/rec/conf/aaai/ChakiDPB20</url></info>
<url>URL#315462</url>
</hit>
<hit score="1" id="315500">
<info><authors><author pid="41/10690">Feiyang Chen</author><author pid="230/4481">Ziqian Luo</author><author pid="39/706">Yanyan Xu</author><author pid="62/8051">Dengfeng Ke</author></authors><title>Complementary Fusion of Multi-Features and Multi-Modalities in Sentiment Analysis.</title><venue>AffCon@AAAI</venue><pages>82-99</pages><year>2020</year><type>Conference and Workshop Papers</type><key>conf/aaai/ChenLXK20</key><ee>http://ceur-ws.org/Vol-2614/AffCon20_session1_complementary.pdf</ee><url>https://dblp.org/rec/conf/aaai/ChenLXK20</url></info>
<url>URL#315500</url>
</hit>
<hit score="1" id="315515">
<info><authors><author pid="230/3663">Jiaao Chen</author><author pid="63/5298">Yuwei Wu</author><author pid="70/11145">Diyi Yang</author></authors><title>Semi-supervised Models via Data Augmentation for Classifying Interactive Affective Responses.</title><venue>AffCon@AAAI</venue><pages>151-160</pages><year>2020</year><type>Conference and Workshop Papers</type><key>conf/aaai/ChenWY20</key><ee>http://ceur-ws.org/Vol-2614/AffCon20_session4_semisupervised.pdf</ee><url>https://dblp.org/rec/conf/aaai/ChenWY20</url></info>
<url>URL#315515</url>
</hit>
<hit score="1" id="315545">
<info><authors><author pid="83/9923">Niyati Chhaya</author><author pid="62/8212">Kokil Jaidka</author><author pid="23/6392">Jennifer Healey</author><author pid="u/LyleHUngar">Lyle Ungar</author><author pid="120/2076">Atanu R. Sinha</author></authors><title>Editorial for the 3rd Workshop on Affective Content Analysis (AffCon) at AAAI 2020.</title><venue>AffCon@AAAI</venue><pages>1-10</pages><year>2020</year><type>Conference and Workshop Papers</type><key>conf/aaai/ChhayaJHUS20</key><ee>http://ceur-ws.org/Vol-2614/AffCon20_session1_editorial.pdf</ee><url>https://dblp.org/rec/conf/aaai/ChhayaJHUS20</url></info>
<url>URL#315545</url>
</hit>
<hit score="1" id="315673">
<info><authors><author pid="249/3301">Kexin Feng</author><author pid="59/10649">Theodora Chaspari</author></authors><title>A Siamese Neural Network with Modified Distance Loss For Transfer Learning in Speech Emotion Recognition Kexin Feng.</title><venue>AffCon@AAAI</venue><pages>29-35</pages><year>2020</year><type>Conference and Workshop Papers</type><key>conf/aaai/FengC20</key><ee>http://ceur-ws.org/Vol-2614/AffCon20_session1_siamese.pdf</ee><url>https://dblp.org/rec/conf/aaai/FengC20</url></info>
<url>URL#315673</url>
</hit>
<hit score="1" id="315691">
<info><authors><author pid="267/6398">Hortense Fong</author><author pid="88/5106">Vineet Kumar</author></authors><title>Using Domain Knowledge to Enhance Deep Learning for Emotional Intelligence.</title><venue>AffCon@AAAI</venue><pages>148-150</pages><year>2020</year><type>Conference and Workshop Papers</type><key>conf/aaai/FongK20</key><ee>http://ceur-ws.org/Vol-2614/AffCon20_session4_using.pdf</ee><url>https://dblp.org/rec/conf/aaai/FongK20</url></info>
<url>URL#315691</url>
</hit>
<hit score="1" id="315892">
<info><authors><author pid="267/6396">Jiwung Hyun</author><author pid="58/2569">Byung-Chull Bae</author><author pid="73/5670">Yun-Gyung Cheong</author></authors><title>[CL-AFF Shared Task] Multi-label Text Classification Using an Emotion Embedding Model.</title><venue>AffCon@AAAI</venue><pages>169-178</pages><year>2020</year><type>Conference and Workshop Papers</type><key>conf/aaai/HyunBC20</key><ee>http://ceur-ws.org/Vol-2614/AffCon20_session4_multilabel.pdf</ee><url>https://dblp.org/rec/conf/aaai/HyunBC20</url></info>
<url>URL#315892</url>
</hit>
<hit score="1" id="315904">
<info><authors><author pid="62/8212">Kokil Jaidka</author><author pid="243/5708">Iknoor Singh</author><author pid="27/967">Jiahui Liu</author><author pid="83/9923">Niyati Chhaya</author><author pid="u/LyleHUngar">Lyle Ungar</author></authors><title>A report of the CL-Aff OffMyChest Shared Task - Modeling Supportiveness and Disclosure.</title><venue>AffCon@AAAI</venue><pages>118-129</pages><year>2020</year><type>Conference and Workshop Papers</type><key>conf/aaai/JaidkaSLCU20</key><ee>http://ceur-ws.org/Vol-2614/AffCon20_session3_claffoverview.pdf</ee><url>https://dblp.org/rec/conf/aaai/JaidkaSLCU20</url></info>
<url>URL#315904</url>
</hit>
<hit score="1" id="315914">
<info><authors><author pid="145/7732">Natasha Jaques</author></authors><title>Reinforcement learning from Affective Cues in Dialogue.</title><venue>AffCon@AAAI</venue><year>2020</year><type>Conference and Workshop Papers</type><key>conf/aaai/Jaques20</key><url>https://dblp.org/rec/conf/aaai/Jaques20</url></info>
<url>URL#315914</url>
</hit>
<hit score="1" id="316395">
<info><authors><author pid="250/9698">Kartikey Pant</author><author pid="259/1713">Tanvi Dadu</author><author pid="134/6779">Radhika Mamidi</author></authors><title>BERT-based Ensembles for Modeling Disclosure and Support in Conversational Social Media Text.</title><venue>AffCon@AAAI</venue><pages>130-139</pages><year>2020</year><type>Conference and Workshop Papers</type><key>conf/aaai/PantDM20</key><ee>http://ceur-ws.org/Vol-2614/AffCon20_session3_bertbased.pdf</ee><url>https://dblp.org/rec/conf/aaai/PantDM20</url></info>
<url>URL#316395</url>
</hit>
<hit score="1" id="316505">
<info><authors><author pid="185/6469">Annika Marie Schoene</author><author pid="87/11122">Alexander P. Turner</author><author pid="63/8341">Nina Dethlefs</author></authors><title>Bidirectional Dilated LSTM with Attention for Fine-grained Emotion Classification in Tweets.</title><venue>AffCon@AAAI</venue><pages>100-117</pages><year>2020</year><type>Conference and Workshop Papers</type><key>conf/aaai/SchoeneTD20</key><ee>http://ceur-ws.org/Vol-2614/AffCon20_session2_bidirectional.pdf</ee><url>https://dblp.org/rec/conf/aaai/SchoeneTD20</url></info>
<url>URL#316505</url>
</hit>
<hit score="1" id="316620">
<info><authors><author pid="122/8030">Baohua Sun</author><author pid="20/2970">Lin Yang</author><author pid="201/2366">Hao Sha</author><author pid="38/1685">Michael Lin</author></authors><title>Multi-modal Sentiment Analysis using Super Characters Method on Low-power CNN Accelerator Device.</title><venue>AffCon@AAAI</venue><pages>161-168</pages><year>2020</year><type>Conference and Workshop Papers</type><key>conf/aaai/SunYSL20</key><ee>http://ceur-ws.org/Vol-2614/AffCon20_session4_multimodal.pdf</ee><url>https://dblp.org/rec/conf/aaai/SunYSL20</url></info>
<url>URL#316620</url>
</hit>
<hit score="1" id="316878">
<info><authors><author pid="238/2378">Weizhao Xin</author><author pid="i/DianaInkpen">Diana Inkpen</author></authors><title>Detecting Disclosure and Support via Deep Multi-Task Learning.</title><venue>AffCon@AAAI</venue><pages>140-147</pages><year>2020</year><type>Conference and Workshop Papers</type><key>conf/aaai/XinI20</key><ee>http://ceur-ws.org/Vol-2614/AffCon20_session3_detecting.pdf</ee><url>https://dblp.org/rec/conf/aaai/XinI20</url></info>
<url>URL#316878</url>
</hit>
<hit score="1" id="316898">
<info><authors><author pid="37/8542">Jiaming Xu</author><author pid="43/2474">Bo Tang</author><author pid="82/1364">Xiao Liu</author><author pid="55/4477">Feiyu Xiong</author></authors><title>Automatic Aspect-Based Sentiment Analysis (AABSA) from Customer Reviews.</title><venue>AffCon@AAAI</venue><pages>47-66</pages><year>2020</year><type>Conference and Workshop Papers</type><key>conf/aaai/XuTLX20</key><ee>http://ceur-ws.org/Vol-2614/AffCon20_session1_automatically.pdf</ee><url>https://dblp.org/rec/conf/aaai/XuTLX20</url></info>
<url>URL#316898</url>
</hit>
<hit score="1" id="469208">
<info><authors><author pid="83/9923">Niyati Chhaya</author><author pid="62/8212">Kokil Jaidka</author><author pid="23/6392">Jennifer Healey</author><author pid="u/LyleHUngar">Lyle Ungar</author><author pid="120/2076">Atanu R. Sinha</author></authors><title>Proceedings of the 3rd Workshop on Affective Content Analysis (AffCon 2020) co-located with Thirty-Fourth AAAI Conference on Artificial Intelligence (AAAI 2020), New York, USA, February 7, 2020.</title><venue>AffCon@AAAI</venue><venue>CEUR Workshop Proceedings</venue><volume>2614</volume><publisher>CEUR-WS.org</publisher><year>2020</year><type>Editorship</type><key>conf/aaai/2020affcon</key><ee>http://ceur-ws.org/Vol-2614</ee><url>https://dblp.org/rec/conf/aaai/2020affcon</url></info>
<url>URL#469208</url>
</hit>
</hits>
</result>
