<?xml version="1.0" encoding="UTF-8"?>
<result>
<query id="81167">:facetid:toc:db\"/\"conf\"/\"mlhc\"/\"mlhc2020\".\"bht</query>
<status code="200">OK</status>
<time unit="msecs">125.62</time>
<completions total="1" computed="1" sent="1">
<c sc="42" dc="42" oc="42" id="18287245">:facetid:toc:db/conf/mlhc/mlhc2020.bht</c>
</completions>
<hits total="42" computed="42" sent="42" first="0">
<hit score="1" id="438989">
<info><authors><author pid="90/6959-4">Yuan Luo 0004</author><author pid="135/0231">Chengsheng Mao</author></authors><title>ScanMap - Supervised Confounding Aware Non-negative Matrix Factorization for Polygenic Risk Modeling.</title><venue>MLHC</venue><pages>27-45</pages><year>2020</year><type>Conference and Workshop Papers</type><key>conf/mlhc/0004M20</key><ee>http://proceedings.mlr.press/v126/luo20a.html</ee><url>https://dblp.org/rec/conf/mlhc/0004M20</url></info>
<url>URL#438989</url>
</hit>
<hit score="1" id="438990">
<info><authors><author pid="213/6980">George-Alexandru Adam</author><author pid="88/1509">Chun-Hao Kingsley Chang</author><author pid="18/3992">Benjamin Haibe-Kains</author><author pid="06/3543">Anna Goldenberg</author></authors><title>Hidden Risks of Machine Learning Applied to Healthcare - Unintended Feedback Loops Between Models and Future Data Causing Model Degradation.</title><venue>MLHC</venue><pages>710-731</pages><year>2020</year><type>Conference and Workshop Papers</type><key>conf/mlhc/AdamCHG20</key><ee>http://proceedings.mlr.press/v126/adam20a.html</ee><url>https://dblp.org/rec/conf/mlhc/AdamCHG20</url></info>
<url>URL#438990</url>
</hit>
<hit score="1" id="438991">
<info><authors><author pid="224/9609">Riddhiman Adib</author><author pid="28/4363">Paul M. Griffin</author><author pid="a/SheikhIqbalAhamed">Sheikh Iqbal Ahamed</author><author pid="44/9837">Mohammad Adibuzzaman</author></authors><title>A Causally Formulated Hazard Ratio Estimation through Backdoor Adjustment on Structural Causal Model.</title><venue>MLHC</venue><pages>376-396</pages><year>2020</year><type>Conference and Workshop Papers</type><key>conf/mlhc/AdibGAA20</key><ee>http://proceedings.mlr.press/v126/adib20a.html</ee><url>https://dblp.org/rec/conf/mlhc/AdibGAA20</url></info>
<url>URL#438991</url>
</hit>
<hit score="1" id="438992">
<info><authors><author pid="211/7671">Monica Agrawal</author><author pid="199/4867">Chloe O&apos;Connell</author><author pid="271/4715">Yasmin Fatemi</author><author pid="271/4271">Ariel Levy</author><author pid="270/0683">David Sontag</author></authors><title>Robust Benchmarking for Machine Learning of Clinical Entity Extraction.</title><venue>MLHC</venue><pages>928-949</pages><year>2020</year><type>Conference and Workshop Papers</type><key>conf/mlhc/AgrawalOFLS20</key><ee>http://proceedings.mlr.press/v126/agrawal20a.html</ee><url>https://dblp.org/rec/conf/mlhc/AgrawalOFLS20</url></info>
<url>URL#438992</url>
</hit>
<hit score="1" id="438993">
<info><authors><author pid="279/5401">Srikesh Arunajadai</author><author pid="279/5403">Lulu Lee</author><author pid="279/5418">Tom Haskell</author></authors><title>Addressing Sample Size Challenges in Linked Data Through Data Fusion.</title><venue>MLHC</venue><pages>352-375</pages><year>2020</year><type>Conference and Workshop Papers</type><key>conf/mlhc/ArunajadaiLH20</key><ee>http://proceedings.mlr.press/v126/arunajadai20a.html</ee><url>https://dblp.org/rec/conf/mlhc/ArunajadaiLH20</url></info>
<url>URL#438993</url>
</hit>
<hit score="1" id="438994">
<info><authors><author pid="188/5136">Hari Bandi</author><author pid="31/1258">Dimitris Bertsimas</author></authors><title>Optimizing Influenza Vaccine Composition - From Predictions to Prescriptions.</title><venue>MLHC</venue><pages>121-142</pages><year>2020</year><type>Conference and Workshop Papers</type><key>conf/mlhc/BandiB20</key><ee>http://proceedings.mlr.press/v126/bandi20a.html</ee><url>https://dblp.org/rec/conf/mlhc/BandiB20</url></info>
<url>URL#438994</url>
</hit>
<hit score="1" id="438995">
<info><authors><author pid="144/4886">Oswald Barral</author><author pid="55/3869">Hyeju Jang</author><author pid="279/5420">Sally Newton-Mason</author><author pid="279/5416">Sheetal Shajan</author><author pid="279/5408">Thomas Soroski</author><author pid="30/3994">Giuseppe Carenini</author><author pid="34/5056">Cristina Conati</author><author pid="199/5437">Thalia Shoshana Field</author></authors><title>Non-Invasive Classification of Alzheimer&apos;s Disease Using Eye Tracking and Language.</title><venue>MLHC</venue><pages>813-841</pages><year>2020</year><type>Conference and Workshop Papers</type><key>conf/mlhc/BarralJNSSCCF20</key><ee>http://proceedings.mlr.press/v126/barral20a.html</ee><url>https://dblp.org/rec/conf/mlhc/BarralJNSSCCF20</url></info>
<url>URL#438995</url>
</hit>
<hit score="1" id="438996">
<info><authors><author pid="273/3871">Tom Beer</author><author pid="273/4149">Bar Eini-Porat</author><author pid="225/9108">Sebastian Goodfellow</author><author pid="10/11026">Danny Eytan</author><author pid="87/7049">Uri Shalit</author></authors><title>Using deep networks for scientific discovery in physiological signals.</title><venue>MLHC</venue><pages>685-709</pages><year>2020</year><type>Conference and Workshop Papers</type><key>conf/mlhc/BeerEGES20</key><ee>http://proceedings.mlr.press/v126/beer20a.html</ee><url>https://dblp.org/rec/conf/mlhc/BeerEGES20</url></info>
<url>URL#438996</url>
</hit>
<hit score="1" id="438997">
<info><authors><author pid="121/1833">George H. Chen</author></authors><title>Deep Kernel Survival Analysis and Subject-Specific Survival Time Prediction Intervals.</title><venue>MLHC</venue><pages>537-565</pages><year>2020</year><type>Conference and Workshop Papers</type><key>conf/mlhc/Chen20</key><ee>http://proceedings.mlr.press/v126/chen20a.html</ee><url>https://dblp.org/rec/conf/mlhc/Chen20</url></info>
<url>URL#438997</url>
</hit>
<hit score="1" id="438998">
<info><authors><author pid="180/0789">Matthew Engelhard</author><author pid="262/3955">Samuel Berchuck</author><author pid="262/3738">Joshua D&apos;Arcy</author><author pid="27/3207">Ricardo Henao</author></authors><title>Neural Conditional Event Time Models.</title><venue>MLHC</venue><pages>223-244</pages><year>2020</year><type>Conference and Workshop Papers</type><key>conf/mlhc/EngelhardBDH20</key><ee>http://proceedings.mlr.press/v126/engelhard20a.html</ee><url>https://dblp.org/rec/conf/mlhc/EngelhardBDH20</url></info>
<url>URL#438998</url>
</hit>
<hit score="1" id="438999">
<info><authors><author pid="179/2886">Ian Fox</author><author pid="248/1602">Joyce Lee</author><author pid="181/6937">Rodica Pop-Busui</author><author pid="63/10451">Jenna Wiens</author></authors><title>Deep Reinforcement Learning for Closed-Loop Blood Glucose Control.</title><venue>MLHC</venue><pages>508-536</pages><year>2020</year><type>Conference and Workshop Papers</type><key>conf/mlhc/FoxLPW20</key><ee>http://proceedings.mlr.press/v126/fox20a.html</ee><url>https://dblp.org/rec/conf/mlhc/FoxLPW20</url></info>
<url>URL#438999</url>
</hit>
<hit score="1" id="439000">
<info><authors><author pid="177/1788">Lovedeep Gondara</author><author pid="w/KeWang">Ke Wang 0001</author></authors><title>Differentially Private Survival Function Estimation.</title><venue>MLHC</venue><pages>271-291</pages><year>2020</year><type>Conference and Workshop Papers</type><key>conf/mlhc/Gondara020</key><ee>http://proceedings.mlr.press/v126/gondara20a.html</ee><url>https://dblp.org/rec/conf/mlhc/Gondara020</url></info>
<url>URL#439000</url>
</hit>
<hit score="1" id="439001">
<info><authors><author pid="16/7856">Divya Gopinath</author><author pid="211/7671">Monica Agrawal</author><author pid="239/7897">Luke S. Murray</author><author pid="62/11507">Steven Horng</author><author pid="k/DavidRKarger">David R. Karger</author><author pid="12/673">David A. Sontag</author></authors><title>Fast, Structured Clinical Documentation via Contextual Autocomplete.</title><venue>MLHC</venue><pages>842-870</pages><year>2020</year><type>Conference and Workshop Papers</type><key>conf/mlhc/GopinathAMHKS20</key><ee>http://proceedings.mlr.press/v126/gopinath20a.html</ee><url>https://dblp.org/rec/conf/mlhc/GopinathAMHKS20</url></info>
<url>URL#439001</url>
</hit>
<hit score="1" id="439002">
<info><authors><author pid="217/5079">Hadia Hameed</author><author pid="02/522">Samantha Kleinberg</author></authors><title>Comparing Machine Learning Techniques for Blood Glucose Forecasting Using Free-living and Patient Generated Data.</title><venue>MLHC</venue><pages>871-894</pages><year>2020</year><type>Conference and Workshop Papers</type><key>conf/mlhc/HameedK20</key><ee>http://proceedings.mlr.press/v126/hameed20a.html</ee><url>https://dblp.org/rec/conf/mlhc/HameedK20</url></info>
<url>URL#439002</url>
</hit>
<hit score="1" id="439003">
<info><authors><author pid="184/8466">Stefan Hegselmann</author><author pid="71/7447">Thomas Volkert</author><author pid="279/5394">Hendrik Ohlenburg</author><author pid="279/5392">Antje Gottschalk</author><author pid="d/MartinDugas">Martin Dugas</author><author pid="279/5397">Christian Ertmer</author></authors><title>An Evaluation of the Doctor-Interpretability of Generalized Additive Models with Interactions.</title><venue>MLHC</venue><pages>46-79</pages><year>2020</year><type>Conference and Workshop Papers</type><key>conf/mlhc/HegselmannVOGDE20</key><ee>http://proceedings.mlr.press/v126/hegselmann20a.html</ee><url>https://dblp.org/rec/conf/mlhc/HegselmannVOGDE20</url></info>
<url>URL#439003</url>
</hit>
<hit score="1" id="439004">
<info><authors><author pid="230/3730">Szu-Yeu Hu</author><author pid="05/10699">Shuhang Wang</author><author pid="168/4615">Wei-Hung Weng</author><author pid="42/634">Jingchao Wang</author><author pid="40/485">Xiaohong Wang</author><author pid="261/2949">Arinc Ozturk</author><author pid="18/701">Quan Li</author><author pid="209/3351">Viksit Kumar</author><author pid="208/2676">Anthony E. Samir</author></authors><title>Self-Supervised Pretraining with DICOM metadata in Ultrasound Imaging.</title><venue>MLHC</venue><pages>732-749</pages><year>2020</year><type>Conference and Workshop Papers</type><key>conf/mlhc/HuWWWWOLKS20</key><ee>http://proceedings.mlr.press/v126/hu20a.html</ee><url>https://dblp.org/rec/conf/mlhc/HuWWWWOLKS20</url></info>
<url>URL#439004</url>
</hit>
<hit score="1" id="439005">
<info><authors><author pid="279/5396">Dmitry Yu. Isaev</author><author pid="279/5391">Dmitry Tchapyjnikov</author><author pid="279/5407">C. Michael Cotten</author><author pid="92/9194">David Tanaka</author><author pid="87/2515">Natalia Martínez</author><author pid="154/1944">Martín Bertrán</author><author pid="82/5175">Guillermo Sapiro</author><author pid="65/1911">David Carlson</author></authors><title>Attention-Based Network for Weak Labels in Neonatal Seizure Detection.</title><venue>MLHC</venue><pages>479-507</pages><year>2020</year><type>Conference and Workshop Papers</type><key>conf/mlhc/IsaevTCTMBSC20</key><ee>http://proceedings.mlr.press/v126/isaev20a.html</ee><url>https://dblp.org/rec/conf/mlhc/IsaevTCTMBSC20</url></info>
<url>URL#439005</url>
</hit>
<hit score="1" id="439006">
<info><authors><author pid="274/6919">Sarah Jabbour</author><author pid="274/6841">David Fouhey</author><author pid="274/6783">Ella Kazerooni</author><author pid="233/3832">Michael W. Sjoding</author><author pid="63/10451">Jenna Wiens</author></authors><title>Deep Learning Applied to Chest X-Rays - Exploiting and Preventing Shortcuts.</title><venue>MLHC</venue><pages>750-782</pages><year>2020</year><type>Conference and Workshop Papers</type><key>conf/mlhc/JabbourFKSW20</key><ee>http://proceedings.mlr.press/v126/jabbour20a.html</ee><url>https://dblp.org/rec/conf/mlhc/JabbourFKSW20</url></info>
<url>URL#439006</url>
</hit>
<hit score="1" id="439007">
<info><authors><author pid="254/2931">Aakash Kaku</author><author pid="70/9675">Avinash Parnandi 0001</author><author pid="263/3994">Anita Venkatesan</author><author pid="263/4036">Natasha Pandit</author><author pid="208/1781">Heidi M. Schambra</author><author pid="77/11141">Carlos Fernandez-Granda</author></authors><title>Towards data-driven stroke rehabilitation via wearable sensors and deep learning.</title><venue>MLHC</venue><pages>143-171</pages><year>2020</year><type>Conference and Workshop Papers</type><key>conf/mlhc/KakuPVPSF20</key><ee>http://proceedings.mlr.press/v126/kaku20a.html</ee><url>https://dblp.org/rec/conf/mlhc/KakuPVPSF20</url></info>
<url>URL#439007</url>
</hit>
<hit score="1" id="439008">
<info><authors><author pid="83/7296">Mijung Kim</author><author pid="232/2053">Ho-min Park</author><author pid="279/5411">Jae Yoon Kim</author><author pid="03/9196">Seong Hwan Kim</author><author pid="279/5417">Sofie Hoeke</author><author pid="62/1393">Wesley De Neve</author></authors><title>MRI-based Diagnosis of Rotator Cuff Tears using Deep Learning and Weighted Linear Combinations.</title><venue>MLHC</venue><pages>292-308</pages><year>2020</year><type>Conference and Workshop Papers</type><key>conf/mlhc/KimPKKHN20</key><ee>http://proceedings.mlr.press/v126/kim20a.html</ee><url>https://dblp.org/rec/conf/mlhc/KimPKKHN20</url></info>
<url>URL#439008</url>
</hit>
<hit score="1" id="439009">
<info><authors><author pid="251/9496">Justin R. Lovelace</author><author pid="245/9218">Nathan C. Hurley</author><author pid="59/2819">Adrian D. Haimovich</author><author pid="60/10226">Bobak J. Mortazavi</author></authors><title>Dynamically Extracting Outcome-Specific Problem Lists from Clinical Notes with Guided Multi-Headed Attention.</title><venue>MLHC</venue><pages>245-270</pages><year>2020</year><type>Conference and Workshop Papers</type><key>conf/mlhc/LovelaceHHM20</key><ee>http://proceedings.mlr.press/v126/lovelace20a.html</ee><url>https://dblp.org/rec/conf/mlhc/LovelaceHHM20</url></info>
<url>URL#439009</url>
</hit>
<hit score="1" id="439010">
<info><authors><author pid="178/6868">Diyuan Lu</author><author pid="02/3463">Sebastian Bauer</author><author pid="267/5565">Valentin Neubert</author><author pid="267/5329">Lara Sophie Costard</author><author pid="267/5598">Felix Rosenow</author><author pid="24/2918">Jochen Triesch</author></authors><title>Towards Early Diagnosis of Epilepsy from EEG Data.</title><venue>MLHC</venue><pages>80-96</pages><year>2020</year><type>Conference and Workshop Papers</type><key>conf/mlhc/LuBNCRT20</key><ee>http://proceedings.mlr.press/v126/lu20a.html</ee><url>https://dblp.org/rec/conf/mlhc/LuBNCRT20</url></info>
<url>URL#439010</url>
</hit>
<hit score="1" id="439011">
<info><authors><author pid="218/6984">Matthew B. A. McDermott</author><author pid="172/9733">Tzu-Ming Harry Hsu</author><author pid="168/4615">Wei-Hung Weng</author><author pid="145/6563">Marzyeh Ghassemi</author><author pid="11/6043">Peter Szolovits</author></authors><title>CheXpert++ - Approximating the CheXpert Labeler for Speed, Differentiability, and Probabilistic Output.</title><venue>MLHC</venue><pages>913-927</pages><year>2020</year><type>Conference and Workshop Papers</type><key>conf/mlhc/McDermottHWGS20</key><ee>http://proceedings.mlr.press/v126/mcdermott20a.html</ee><url>https://dblp.org/rec/conf/mlhc/McDermottHWGS20</url></info>
<url>URL#439011</url>
</hit>
<hit score="1" id="439012">
<info><authors><author pid="262/6563">Denis Jered McInerney</author><author pid="262/6553">Borna Dabiri</author><author pid="262/5979">Anne-Sophie Touret</author><author pid="262/6511">Geoffrey Young</author><author pid="137/3263">Jan-Willem van de Meent</author><author pid="00/8247">Byron C. Wallace</author></authors><title>Query-Focused EHR Summarization to Aid Imaging Diagnosis.</title><venue>MLHC</venue><pages>632-659</pages><year>2020</year><type>Conference and Workshop Papers</type><key>conf/mlhc/McInerneyDTYMW20</key><ee>http://proceedings.mlr.press/v126/mcinerney20a.html</ee><url>https://dblp.org/rec/conf/mlhc/McInerneyDTYMW20</url></info>
<url>URL#439012</url>
</hit>
<hit score="1" id="439013">
<info><authors><author pid="190/7517">Andrew C. Miller</author><author pid="122/3118">Nicholas J. Foti</author><author pid="68/1212">Emily B. Fox</author></authors><title>Learning Insulin-Glucose Dynamics in the Wild.</title><venue>MLHC</venue><pages>172-197</pages><year>2020</year><type>Conference and Workshop Papers</type><key>conf/mlhc/MillerFF20</key><ee>http://proceedings.mlr.press/v126/miller20a.html</ee><url>https://dblp.org/rec/conf/mlhc/MillerFF20</url></info>
<url>URL#439013</url>
</hit>
<hit score="1" id="439014">
<info><authors><author pid="279/5395">Do June Min</author><author pid="53/9684">Verónica Pérez-Rosas</author><author pid="279/5389">Shihchen Kuo</author><author pid="279/5410">William H. Herman</author><author pid="m/RadaMihalcea">Rada Mihalcea</author></authors><title>UPSTAGE - Unsupervised Context Augmentation for Utterance Classification in Patient-Provider Communication.</title><venue>MLHC</venue><pages>895-912</pages><year>2020</year><type>Conference and Workshop Papers</type><key>conf/mlhc/MinPKHM20</key><ee>http://proceedings.mlr.press/v126/min20a.html</ee><url>https://dblp.org/rec/conf/mlhc/MinPKHM20</url></info>
<url>URL#439014</url>
</hit>
<hit score="1" id="439015">
<info><authors><author pid="215/4374">James Mullenbach</author><author pid="198/2760">Jordan Swartz</author><author pid="192/2483">T. Greg McKelvey</author><author pid="92/2557">Hui Dai</author><author pid="12/673">David A. Sontag</author></authors><title>Knowledge Base Completion for Constructing Problem-Oriented Medical Records.</title><venue>MLHC</venue><pages>198-222</pages><year>2020</year><type>Conference and Workshop Papers</type><key>conf/mlhc/MullenbachSMDS20</key><ee>http://proceedings.mlr.press/v126/mullenbach20a.html</ee><url>https://dblp.org/rec/conf/mlhc/MullenbachSMDS20</url></info>
<url>URL#439015</url>
</hit>
<hit score="1" id="439016">
<info><authors><author pid="211/7072">Samaneh Nasiri</author><author pid="72/5989">Gari D. Clifford</author></authors><title>Attentive Adversarial Network for Large-Scale Sleep Staging.</title><venue>MLHC</venue><pages>457-478</pages><year>2020</year><type>Conference and Workshop Papers</type><key>conf/mlhc/NasiriC20</key><ee>http://proceedings.mlr.press/v126/nasiri20a.html</ee><url>https://dblp.org/rec/conf/mlhc/NasiriC20</url></info>
<url>URL#439016</url>
</hit>
<hit score="1" id="439017">
<info><authors><author pid="230/8548">Bret Nestor</author><author pid="279/5400">Liam G. McCoy</author><author pid="279/5399">Amol Verma</author><author pid="211/6741">Chloé Pou-Prom</author><author pid="279/5405">Joshua Murray</author><author pid="279/5412">Sebnem Kuzulugil</author><author pid="44/2435">David Dai</author><author pid="127/5047">Muhammad Mamdani</author><author pid="06/3543">Anna Goldenberg</author><author pid="145/6563">Marzyeh Ghassemi</author></authors><title>Preparing a Clinical Support Model for Silent Mode in General Internal Medicine.</title><venue>MLHC</venue><pages>950-972</pages><year>2020</year><type>Conference and Workshop Papers</type><key>conf/mlhc/NestorMVPMKDMGG20</key><ee>http://proceedings.mlr.press/v126/nestor20a.html</ee><url>https://dblp.org/rec/conf/mlhc/NestorMVPMKDMGG20</url></info>
<url>URL#439017</url>
</hit>
<hit score="1" id="439018">
<info><authors><author pid="279/5414">A. Demetri Pananos</author><author pid="l/DanielJLizotte">Daniel J. Lizotte</author></authors><title>Comparisons Between Hamiltonian Monte Carlo and Maximum A Posteriori For A Bayesian Model For Apixaban Induction Dose &amp; Dose Personalization.</title><venue>MLHC</venue><pages>397-417</pages><year>2020</year><type>Conference and Workshop Papers</type><key>conf/mlhc/PananosL20</key><ee>http://proceedings.mlr.press/v126/pananos20a.html</ee><url>https://dblp.org/rec/conf/mlhc/PananosL20</url></info>
<url>URL#439018</url>
</hit>
<hit score="1" id="439019">
<info><authors><author pid="169/9812">Sonali Parbhoo</author><author pid="218/6640">Mario Wieser</author><author pid="23/1185-1">Volker Roth 0001</author><author pid="64/7056">Finale Doshi-Velez</author></authors><title>Transfer Learning from Well-Curated to Less-Resourced Populations with HIV.</title><venue>MLHC</venue><pages>589-609</pages><year>2020</year><type>Conference and Workshop Papers</type><key>conf/mlhc/ParbhooW0D20</key><ee>http://proceedings.mlr.press/v126/parbhoo20a.html</ee><url>https://dblp.org/rec/conf/mlhc/ParbhooW0D20</url></info>
<url>URL#439019</url>
</hit>
<hit score="1" id="439020">
<info><authors><author pid="203/8480">Asif Rahman</author><author pid="183/6897">Yale Chang</author><author pid="176/2914">Bryan Conroy</author><author pid="176/2848">Minnan Xu-Wilson</author></authors><title>Phenotyping with Prior Knowledge using Patient Similarity.</title><venue>MLHC</venue><pages>331-351</pages><year>2020</year><type>Conference and Workshop Papers</type><key>conf/mlhc/RahmanCCX20</key><ee>http://proceedings.mlr.press/v126/rahman20a.html</ee><url>https://dblp.org/rec/conf/mlhc/RahmanCCX20</url></info>
<url>URL#439020</url>
</hit>
<hit score="1" id="439021">
<info><authors><author pid="279/5404">Shems Saleh</author><author pid="211/6980">William Boag</author><author pid="192/1850">Lauren Erdman</author><author pid="148/5539">Tristan Naumann</author></authors><title>Clinical Collabsheets - 53 Questions to Guide a Clinical Collaboration.</title><venue>MLHC</venue><pages>783-812</pages><year>2020</year><type>Conference and Workshop Papers</type><key>conf/mlhc/SalehBEN20</key><ee>http://proceedings.mlr.press/v126/saleh20a.html</ee><url>https://dblp.org/rec/conf/mlhc/SalehBEN20</url></info>
<url>URL#439021</url>
</hit>
<hit score="1" id="439022">
<info><authors><author pid="270/1742">Benjamin Schloss</author><author pid="154/8530">Sandeep Konam</author></authors><title>Towards an Automated SOAP Note - Classifying Utterances from Medical Conversations.</title><venue>MLHC</venue><pages>610-631</pages><year>2020</year><type>Conference and Workshop Papers</type><key>conf/mlhc/SchlossK20</key><ee>http://proceedings.mlr.press/v126/schloss20a.html</ee><url>https://dblp.org/rec/conf/mlhc/SchlossK20</url></info>
<url>URL#439022</url>
</hit>
<hit score="1" id="439023">
<info><authors><author pid="209/7306">Kristen A. Severson</author><author pid="279/5409">Lana M. Chahine</author><author pid="279/5390">Luba Smolensky</author><author pid="80/26">Kenney Ng</author><author pid="06/259">Jianying Hu</author><author pid="58/5138">Soumya Ghosh</author></authors><title>Personalized Input-Output Hidden Markov Models for Disease Progression Modeling.</title><venue>MLHC</venue><pages>309-330</pages><year>2020</year><type>Conference and Workshop Papers</type><key>conf/mlhc/SeversonCSNHG20</key><ee>http://proceedings.mlr.press/v126/severson20a.html</ee><url>https://dblp.org/rec/conf/mlhc/SeversonCSNHG20</url></info>
<url>URL#439023</url>
</hit>
<hit score="1" id="439024">
<info><authors><author pid="53/5153">Uri Shaham</author><author pid="149/0142">Tom Zahavy</author><author pid="251/9648">Cesar Caraballo</author><author pid="251/9603">Shiwani Mahajan</author><author pid="262/3592">Daisy Massey</author><author pid="74/6384">Harlan M. Krumholz</author></authors><title>Learning to Ask Medical Questions using Reinforcement Learning.</title><venue>MLHC</venue><pages>2-26</pages><year>2020</year><type>Conference and Workshop Papers</type><key>conf/mlhc/ShahamZCMMK20</key><ee>http://proceedings.mlr.press/v126/shaham20a.html</ee><url>https://dblp.org/rec/conf/mlhc/ShahamZCMMK20</url></info>
<url>URL#439024</url>
</hit>
<hit score="1" id="439025">
<info><authors><author pid="254/1233">Shijing Si</author><author pid="06/2293">Rui Wang</author><author pid="267/9619">Jedrek Wosik</author><author pid="55/2270">Hao Zhang</author><author pid="129/7931">David Dov</author><author pid="05/3838-2">Guoyin Wang 0002</author><author pid="23/2168">Lawrence Carin</author></authors><title>Students Need More Attention - BERT-based Attention Model for Small Data with Application to Automatic Patient Message Triage.</title><venue>MLHC</venue><pages>436-456</pages><year>2020</year><type>Conference and Workshop Papers</type><key>conf/mlhc/SiWWZD0C20</key><ee>http://proceedings.mlr.press/v126/si20a.html</ee><url>https://dblp.org/rec/conf/mlhc/SiWWZD0C20</url></info>
<url>URL#439025</url>
</hit>
<hit score="1" id="439026">
<info><authors><author pid="230/3558">Yifeng Tao</author><author pid="279/5421">Shuangxia Ren</author><author pid="186/5549">Michael Q. Ding</author><author pid="77/4437">Russell Schwartz</author><author pid="64/3270">Xinghua Lu</author></authors><title>Predicting Drug Sensitivity of Cancer Cell Lines via Collaborative Filtering with Contextual Attention.</title><venue>MLHC</venue><pages>660-684</pages><year>2020</year><type>Conference and Workshop Papers</type><key>conf/mlhc/TaoRDSL20</key><ee>http://proceedings.mlr.press/v126/tao20a.html</ee><url>https://dblp.org/rec/conf/mlhc/TaoRDSL20</url></info>
<url>URL#439026</url>
</hit>
<hit score="1" id="439027">
<info><authors><author pid="72/131">Lida Zhang</author><author pid="245/9218">Nathan C. Hurley</author><author pid="208/3649">Bassem Ibrahim</author><author pid="247/5898">Erica S. Spatz</author><author pid="74/6384">Harlan M. Krumholz</author><author pid="03/3147">Roozbeh Jafari</author><author pid="60/10226">Bobak Jack Mortazavi</author></authors><title>Developing Personalized Models of Blood Pressure Estimation from Wearable Sensors Data Using Minimally-trained Domain Adversarial Neural Networks.</title><venue>MLHC</venue><pages>97-120</pages><year>2020</year><type>Conference and Workshop Papers</type><key>conf/mlhc/ZhangHISKJM20</key><ee>http://proceedings.mlr.press/v126/zhang20a.html</ee><url>https://dblp.org/rec/conf/mlhc/ZhangHISKJM20</url></info>
<url>URL#439027</url>
</hit>
<hit score="1" id="439028">
<info><authors><author pid="69/65">Dongyu Zhang</author><author pid="249/3344">Jidapa Thadajarassiri</author><author pid="167/6611">Cansu Sen</author><author pid="r/EARundensteiner">Elke A. Rundensteiner</author></authors><title>Time-Aware Transformer-based Network for Clinical Notes Series Prediction.</title><venue>MLHC</venue><pages>566-588</pages><year>2020</year><type>Conference and Workshop Papers</type><key>conf/mlhc/ZhangTSR20</key><ee>http://proceedings.mlr.press/v126/zhang20c.html</ee><url>https://dblp.org/rec/conf/mlhc/ZhangTSR20</url></info>
<url>URL#439028</url>
</hit>
<hit score="1" id="439029">
<info><authors><author pid="152/4749">Renyu Zhang</author><author pid="91/1081">Christopher Weber</author><author pid="99/2304">Robert Grossman</author><author pid="46/2390">Aly A. Khan</author></authors><title>Evaluating and interpreting caption prediction for histopathology images.</title><venue>MLHC</venue><pages>418-435</pages><year>2020</year><type>Conference and Workshop Papers</type><key>conf/mlhc/ZhangWGK20</key><ee>http://proceedings.mlr.press/v126/zhang20b.html</ee><url>https://dblp.org/rec/conf/mlhc/ZhangWGK20</url></info>
<url>URL#439029</url>
</hit>
<hit score="1" id="477756">
<info><authors><author pid="64/7056">Finale Doshi-Velez</author><author pid="65/4163">Jim Fackler</author><author pid="21/2011">Ken Jung</author><author pid="31/8372">David C. Kale</author><author pid="97/7057">Rajesh Ranganath</author><author pid="00/8247">Byron C. Wallace</author><author pid="63/10451">Jenna Wiens</author></authors><title>Proceedings of the Machine Learning for Healthcare Conference, MLHC 2020, 7-8 August 2020, Virtual Event, Durham, NC, USA.</title><venue>MLHC</venue><venue>Proceedings of Machine Learning Research</venue><volume>126</volume><publisher>PMLR</publisher><year>2020</year><type>Editorship</type><key>conf/mlhc/2020</key><ee>http://proceedings.mlr.press/v126/</ee><url>https://dblp.org/rec/conf/mlhc/2020</url></info>
<url>URL#477756</url>
</hit>
</hits>
</result>
