<?xml version="1.0" encoding="UTF-8"?>
<result>
<query id="285783">:facetid:toc:db\"/\"conf\"/\"nips\"/\"mlini2011\".\"bht</query>
<status code="200">OK</status>
<time unit="msecs">110.18</time>
<completions total="1" computed="1" sent="1">
<c sc="33" dc="33" oc="33" id="18251292">:facetid:toc:db/conf/nips/mlini2011.bht</c>
</completions>
<hits total="33" computed="33" sent="33" first="0">
<hit score="1" id="3055113">
<info><authors><author pid="15/366">Georg Langs</author><author pid="r/IrinaRish">Irina Rish</author><author pid="69/3654">Moritz Grosse-Wentrup</author><author pid="21/3894">Brian Murphy</author></authors><title>Machine Learning and Interpretation in Neuroimaging - International Workshop, MLINI 2011, Held at NIPS 2011, Sierra Nevada, Spain, December 16-17, 2011, Revised Selected and Invited Contributions</title><venue>MLINI</venue><venue>Lecture Notes in Computer Science</venue><volume>7263</volume><publisher>Springer</publisher><year>2012</year><type>Editorship</type><key>conf/nips/2011mlini</key><doi>10.1007/978-3-642-34713-9</doi><ee>https://doi.org/10.1007/978-3-642-34713-9</ee><url>https://dblp.org/rec/conf/nips/2011mlini</url></info>
<url>URL#3055113</url>
</hit>
<hit score="1" id="3268250">
<info><authors><author pid="83/10407">Trine Julie Abrahamsen</author><author pid="80/3468">Lars Kai Hansen</author></authors><title>Restoring the Generalizability of SVM Based Decoding in High Dimensional Neuroimage Data.</title><venue>MLINI</venue><pages>256-263</pages><year>2011</year><type>Conference and Workshop Papers</type><key>conf/nips/AbrahamsenH11</key><doi>10.1007/978-3-642-34713-9_32</doi><ee>https://doi.org/10.1007/978-3-642-34713-9_32</ee><url>https://dblp.org/rec/conf/nips/AbrahamsenH11</url></info>
<url>URL#3268250</url>
</hit>
<hit score="1" id="3268260">
<info><authors><author pid="121/1820">Kasper Winther Andersen</author><author pid="32/6932">Kristoffer Hougaard Madsen</author><author pid="98/10736">Hartwig R. Siebner</author><author pid="80/3468">Lars Kai Hansen</author><author pid="69/1866">Morten Mørup</author></authors><title>Identification of Functional Clusters in the Striatum Using Infinite Relational Modeling.</title><venue>MLINI</venue><pages>226-233</pages><year>2011</year><type>Conference and Workshop Papers</type><key>conf/nips/AndersenMSHM11</key><doi>10.1007/978-3-642-34713-9_29</doi><ee>https://doi.org/10.1007/978-3-642-34713-9_29</ee><url>https://dblp.org/rec/conf/nips/AndersenMSHM11</url></info>
<url>URL#3268260</url>
</hit>
<hit score="1" id="3268261">
<info><authors><author pid="53/11381">Ariana E. Anderson</author><author pid="121/1822">Dianna Han</author><author pid="52/11381">Pamela K. Douglas</author><author pid="121/1836">Jennifer Bramen</author><author pid="89/8273">Mark S. Cohen</author></authors><title>Real-Time Functional MRI Classification of Brain States Using Markov-SVM Hybrid Models - Peering Inside the rt-fMRI Black Box.</title><venue>MLINI</venue><pages>242-255</pages><year>2011</year><type>Conference and Workshop Papers</type><key>conf/nips/AndersonHDBC11</key><doi>10.1007/978-3-642-34713-9_31</doi><ee>https://doi.org/10.1007/978-3-642-34713-9_31</ee><url>https://dblp.org/rec/conf/nips/AndersonHDBC11</url></info>
<url>URL#3268261</url>
</hit>
<hit score="1" id="3268269">
<info><authors><author pid="20/7577">Ali Bahramisharif</author><author pid="12/6565">Marcel A. J. van Gerven</author><author pid="09/9450">Jan-Mathijs Schoffelen</author><author pid="g/ZoubinGhahramani">Zoubin Ghahramani</author><author pid="03/1145">Tom Heskes</author></authors><title>The Dynamic Beamformer.</title><venue>MLINI</venue><pages>148-155</pages><year>2011</year><type>Conference and Workshop Papers</type><key>conf/nips/BahramisharifGSGH11</key><doi>10.1007/978-3-642-34713-9_19</doi><ee>https://doi.org/10.1007/978-3-642-34713-9_19</ee><url>https://dblp.org/rec/conf/nips/BahramisharifGSGH11</url></info>
<url>URL#3268269</url>
</hit>
<hit score="1" id="3268274">
<info><authors><author pid="05/3961">Felix Bießmann</author><author pid="40/8935">Yusuke Murayama</author><author pid="58/77">Nikos K. Logothetis</author><author pid="m/KRMuller">Klaus-Robert Müller</author><author pid="23/3214">Frank C. Meinecke</author></authors><title>Non-separable Spatiotemporal Brain Hemodynamics Contain Neural Information.</title><venue>MLINI</venue><pages>140-147</pages><year>2011</year><type>Conference and Workshop Papers</type><key>conf/nips/BiessmannMLMM11</key><doi>10.1007/978-3-642-34713-9_18</doi><ee>https://doi.org/10.1007/978-3-642-34713-9_18</ee><url>https://dblp.org/rec/conf/nips/BiessmannMLMM11</url></info>
<url>URL#3268274</url>
</hit>
<hit score="1" id="3268288">
<info><authors><author pid="30/5379">Michael A. Casey</author><author pid="59/9954-1">Jessica Thompson 0001</author><author pid="121/1817">Olivia Kang</author><author pid="44/8398">Rajeev D. S. Raizada</author><author pid="67/8273">Thalia Wheatley</author></authors><title>Population Codes Representing Musical Timbre for High-Level fMRI Categorization of Music Genres.</title><venue>MLINI</venue><pages>34-41</pages><year>2011</year><type>Conference and Workshop Papers</type><key>conf/nips/CaseyTKRW11</key><doi>10.1007/978-3-642-34713-9_5</doi><ee>https://doi.org/10.1007/978-3-642-34713-9_5</ee><url>https://dblp.org/rec/conf/nips/CaseyTKRW11</url></info>
<url>URL#3268288</url>
</hit>
<hit score="1" id="3268289">
<info><authors><author pid="121/1843">Maxime Cauchoix</author><author pid="121/1828">Ali Bilgin Arslan</author><author pid="121/1829">Denis Fize</author><author pid="20/358">Thomas Serre</author></authors><title>The Neural Dynamics of Visual Processing in Monkey Extrastriate Cortex - A Comparison between Univariate and Multivariate Techniques.</title><venue>MLINI</venue><pages>164-171</pages><year>2011</year><type>Conference and Workshop Papers</type><key>conf/nips/CauchoixAFS11</key><doi>10.1007/978-3-642-34713-9_21</doi><ee>https://doi.org/10.1007/978-3-642-34713-9_21</ee><url>https://dblp.org/rec/conf/nips/CauchoixAFS11</url></info>
<url>URL#3268289</url>
</hit>
<hit score="1" id="3268291">
<info><authors><author pid="53/9013">Kai-min Kevin Chang</author><author pid="21/3894">Brian Murphy</author><author pid="85/7225">Marcel Adam Just</author></authors><title>A Latent Feature Analysis of the Neural Representation of Conceptual Knowledge.</title><venue>MLINI</venue><pages>234-241</pages><year>2011</year><type>Conference and Workshop Papers</type><key>conf/nips/ChangMJ11</key><doi>10.1007/978-3-642-34713-9_30</doi><ee>https://doi.org/10.1007/978-3-642-34713-9_30</ee><url>https://dblp.org/rec/conf/nips/ChangMJ11</url></info>
<url>URL#3268291</url>
</hit>
<hit score="1" id="3268294">
<info><authors><author pid="121/1833">George H. Chen</author><author pid="36/9284">Evelina Fedorenko</author><author pid="28/4665">Nancy Kanwisher</author><author pid="g/PolinaGolland">Polina Golland</author></authors><title>Deformation-Invariant Sparse Coding for Modeling Spatial Variability of Functional Patterns in the Brain.</title><venue>MLINI</venue><pages>68-75</pages><year>2011</year><type>Conference and Workshop Papers</type><key>conf/nips/ChenFKG11</key><doi>10.1007/978-3-642-34713-9_9</doi><ee>https://doi.org/10.1007/978-3-642-34713-9_9</ee><url>https://dblp.org/rec/conf/nips/ChenFKG11</url></info>
<url>URL#3268294</url>
</hit>
<hit score="1" id="3268306">
<info><authors><author pid="d/JustinDauwels">Justin Dauwels</author><author pid="74/2568-2">Hang Yu 0002</author><author pid="120/7192">Xueou Wang</author><author pid="32/3033">François B. Vialatte</author><author pid="121/1823">Charles-François Vincent Latchoumane</author><author pid="83/2720">Jaeseung Jeong</author><author pid="c/AndrzejCichocki">Andrzej Cichocki</author></authors><title>Inferring Brain Networks through Graphical Models with Hidden Variables.</title><venue>MLINI</venue><pages>194-201</pages><year>2011</year><type>Conference and Workshop Papers</type><key>conf/nips/DauwelsYWVLJC11</key><doi>10.1007/978-3-642-34713-9_25</doi><ee>https://doi.org/10.1007/978-3-642-34713-9_25</ee><url>https://dblp.org/rec/conf/nips/DauwelsYWVLJC11</url></info>
<url>URL#3268306</url>
</hit>
<hit score="1" id="3268309">
<info><authors><author pid="26/1217">Fani Deligianni</author><author pid="36/7585">Gaël Varoquaux</author><author pid="62/2019">Bertrand Thirion</author><author pid="21/43">Emma C. Robinson</author><author pid="91/6655">David J. Sharp</author><author pid="25/5623">A. David Edwards</author><author pid="69/2478">Daniel Rueckert</author></authors><title>Relating Brain Functional Connectivity to Anatomical Connections - Model Selection.</title><venue>MLINI</venue><pages>178-185</pages><year>2011</year><type>Conference and Workshop Papers</type><key>conf/nips/DeligianniVTRSER11</key><doi>10.1007/978-3-642-34713-9_23</doi><ee>https://doi.org/10.1007/978-3-642-34713-9_23</ee><url>https://dblp.org/rec/conf/nips/DeligianniVTRSER11</url></info>
<url>URL#3268309</url>
</hit>
<hit score="1" id="3268319">
<info><authors><author pid="121/1811">Orla M. Doyle</author><author pid="81/8256">Mitul A. Mehta</author><author pid="02/3075">Michael J. Brammer</author><author pid="17/2034">Adam J. Schwarz</author><author pid="73/11220">Sara De Simoni</author><author pid="74/10749">Andre F. Marquand</author></authors><title>Data-Driven Modeling of BOLD Drug Response Curves Using Gaussian Process Learning.</title><venue>MLINI</venue><pages>210-217</pages><year>2011</year><type>Conference and Workshop Papers</type><key>conf/nips/DoyleMBSSM11</key><doi>10.1007/978-3-642-34713-9_27</doi><ee>https://doi.org/10.1007/978-3-642-34713-9_27</ee><url>https://dblp.org/rec/conf/nips/DoyleMBSSM11</url></info>
<url>URL#3268319</url>
</hit>
<hit score="1" id="3268327">
<info><authors><author pid="49/10030">Joset A. Etzel</author><author pid="116/3860">Michael W. Cole</author><author pid="88/5663">Todd S. Braver</author></authors><title>Looking Outside the Searchlight.</title><venue>MLINI</venue><pages>26-33</pages><year>2011</year><type>Conference and Workshop Papers</type><key>conf/nips/EtzelCB11</key><doi>10.1007/978-3-642-34713-9_4</doi><ee>https://doi.org/10.1007/978-3-642-34713-9_4</ee><url>https://dblp.org/rec/conf/nips/EtzelCB11</url></info>
<url>URL#3268327</url>
</hit>
<hit score="1" id="3268345">
<info><authors><author pid="121/1800">Nico S. Gorbach</author><author pid="121/1803">Silvan Siep</author><author pid="53/5156">Jenia Jitsev</author><author pid="121/1844">Corina Melzer</author><author pid="46/480">Marc Tittgemeyer</author></authors><title>Information-Theoretic Connectivity-Based Cortex Parcellation.</title><venue>MLINI</venue><pages>186-193</pages><year>2011</year><type>Conference and Workshop Papers</type><key>conf/nips/GorbachSJMT11</key><doi>10.1007/978-3-642-34713-9_24</doi><ee>https://doi.org/10.1007/978-3-642-34713-9_24</ee><url>https://dblp.org/rec/conf/nips/GorbachSJMT11</url></info>
<url>URL#3268345</url>
</hit>
<hit score="1" id="3268346">
<info><authors><author pid="15/7980">Alexandre Gramfort</author><author pid="36/7585">Gaël Varoquaux</author><author pid="62/2019">Bertrand Thirion</author></authors><title>Beyond Brain Reading - Randomized Sparsity and Clustering to Simultaneously Predict and Identify.</title><venue>MLINI</venue><pages>9-16</pages><year>2011</year><type>Conference and Workshop Papers</type><key>conf/nips/GramfortVT11</key><doi>10.1007/978-3-642-34713-9_2</doi><ee>https://doi.org/10.1007/978-3-642-34713-9_2</ee><url>https://dblp.org/rec/conf/nips/GramfortVT11</url></info>
<url>URL#3268346</url>
</hit>
<hit score="1" id="3268351">
<info><authors><author pid="121/1841">Toke Jansen Hansen</author><author pid="80/3468">Lars Kai Hansen</author><author pid="32/6932">Kristoffer Hougaard Madsen</author></authors><title>Decoding Complex Cognitive States Online by Manifold Regularization in Real-Time fMRI.</title><venue>MLINI</venue><pages>76-83</pages><year>2011</year><type>Conference and Workshop Papers</type><key>conf/nips/HansenHM11</key><doi>10.1007/978-3-642-34713-9_10</doi><ee>https://doi.org/10.1007/978-3-642-34713-9_10</ee><url>https://dblp.org/rec/conf/nips/HansenHM11</url></info>
<url>URL#3268351</url>
</hit>
<hit score="1" id="3268352">
<info><authors><author pid="79/3707">Stefan Haufe</author><author pid="53/2262">Vadim V. Nikulin</author><author pid="11/2008">Guido Nolte</author><author pid="m/KRMuller">Klaus-Robert Müller</author></authors><title>Pitfalls in EEG-Based Brain Effective Connectivity Analysis.</title><venue>MLINI</venue><pages>202-209</pages><year>2011</year><type>Conference and Workshop Papers</type><key>conf/nips/HaufeNNM11</key><doi>10.1007/978-3-642-34713-9_26</doi><ee>https://doi.org/10.1007/978-3-642-34713-9_26</ee><url>https://dblp.org/rec/conf/nips/HaufeNNM11</url></info>
<url>URL#3268352</url>
</hit>
<hit score="1" id="3268358">
<info><authors><author pid="96/7426">Chris Hinrichs</author><author pid="121/1832">N. Maritza Dowling</author><author pid="49/8273">Sterling C. Johnson</author><author pid="26/1810">Vikas Singh</author></authors><title>MKL-Based Sample Enrichment and Customized Outcomes Enable Smaller AD Clinical Trials.</title><venue>MLINI</venue><pages>124-131</pages><year>2011</year><type>Conference and Workshop Papers</type><key>conf/nips/HinrichsDJS11</key><doi>10.1007/978-3-642-34713-9_16</doi><ee>https://doi.org/10.1007/978-3-642-34713-9_16</ee><url>https://dblp.org/rec/conf/nips/HinrichsDJS11</url></info>
<url>URL#3268358</url>
</hit>
<hit score="1" id="3268372">
<info><authors><author pid="44/7405">Shahar Jamshy</author><author pid="121/1804">Omri Perez</author><author pid="78/2927">Yehezkel Yeshurun</author><author pid="82/7490">Talma Hendler</author><author pid="87/4330">Nathan Intrator</author></authors><title>Searchlight Based Feature Extraction.</title><venue>MLINI</venue><pages>17-25</pages><year>2011</year><type>Conference and Workshop Papers</type><key>conf/nips/JamshyPYHI11</key><doi>10.1007/978-3-642-34713-9_3</doi><ee>https://doi.org/10.1007/978-3-642-34713-9_3</ee><url>https://dblp.org/rec/conf/nips/JamshyPYHI11</url></info>
<url>URL#3268372</url>
</hit>
<hit score="1" id="3268384">
<info><authors><author pid="47/4766">David B. Keator</author></authors><title>Modality Neutral Techniques for Brain Image Understanding.</title><venue>MLINI</venue><pages>84-92</pages><year>2011</year><type>Conference and Workshop Papers</type><key>conf/nips/Keator11</key><doi>10.1007/978-3-642-34713-9_11</doi><ee>https://doi.org/10.1007/978-3-642-34713-9_11</ee><url>https://dblp.org/rec/conf/nips/Keator11</url></info>
<url>URL#3268384</url>
</hit>
<hit score="1" id="3268393">
<info><authors><author pid="63/11218">Sivan Kinreich</author><author pid="18/11226">Ilana Podlipsky</author><author pid="87/4330">Nathan Intrator</author><author pid="82/7490">Talma Hendler</author></authors><title>Categorized EEG Neurofeedback Performance Unveils Simultaneous fMRI Deep Brain Activation.</title><venue>MLINI</venue><pages>108-115</pages><year>2011</year><type>Conference and Workshop Papers</type><key>conf/nips/KinreichPIH11</key><doi>10.1007/978-3-642-34713-9_14</doi><ee>https://doi.org/10.1007/978-3-642-34713-9_14</ee><url>https://dblp.org/rec/conf/nips/KinreichPIH11</url></info>
<url>URL#3268393</url>
</hit>
<hit score="1" id="3268403">
<info><authors><author pid="32/1601">Miika Koskinen</author></authors><title>Finding Consistencies in MEG Responses to Repeated Natural Speech.</title><venue>MLINI</venue><pages>101-107</pages><year>2011</year><type>Conference and Workshop Papers</type><key>conf/nips/Koskinen11</key><doi>10.1007/978-3-642-34713-9_13</doi><ee>https://doi.org/10.1007/978-3-642-34713-9_13</ee><url>https://dblp.org/rec/conf/nips/Koskinen11</url></info>
<url>URL#3268403</url>
</hit>
<hit score="1" id="3268411">
<info><authors><author pid="121/1830">Philip P. Kwok</author><author pid="57/6075">Olga Ciccarelli</author><author pid="28/10740">Declan T. Chard</author><author pid="85/10744">David H. Miller</author><author pid="37/6152">Daniel C. Alexander</author></authors><title>Predicting Clinically Definite Multiple Sclerosis from Onset Using SVM.</title><venue>MLINI</venue><pages>116-123</pages><year>2011</year><type>Conference and Workshop Papers</type><key>conf/nips/KwokCCMA11</key><doi>10.1007/978-3-642-34713-9_15</doi><ee>https://doi.org/10.1007/978-3-642-34713-9_15</ee><url>https://dblp.org/rec/conf/nips/KwokCCMA11</url></info>
<url>URL#3268411</url>
</hit>
<hit score="1" id="3268448">
<info><authors><author pid="18/5228">Vincent Michel</author><author pid="15/7980">Alexandre Gramfort</author><author pid="33/2851">Evelyn Eger</author><author pid="36/7585">Gaël Varoquaux</author><author pid="62/2019">Bertrand Thirion</author></authors><title>A Comparative Study of Algorithms for Intra- and Inter-subjects fMRI Decoding.</title><venue>MLINI</venue><pages>1-8</pages><year>2011</year><type>Conference and Workshop Papers</type><key>conf/nips/MichelGEVT11</key><doi>10.1007/978-3-642-34713-9_1</doi><ee>https://doi.org/10.1007/978-3-642-34713-9_1</ee><url>https://dblp.org/rec/conf/nips/MichelGEVT11</url></info>
<url>URL#3268448</url>
</hit>
<hit score="1" id="3268460">
<info><authors><author pid="13/2659">Emanuele Olivetti</author><author pid="121/1840">Susanne Greiner</author><author pid="57/831">Paolo Avesani</author></authors><title>Induction in Neuroscience with Classification - Issues and Solutions.</title><venue>MLINI</venue><pages>42-50</pages><year>2011</year><type>Conference and Workshop Papers</type><key>conf/nips/OlivettiGA11</key><doi>10.1007/978-3-642-34713-9_6</doi><ee>https://doi.org/10.1007/978-3-642-34713-9_6</ee><url>https://dblp.org/rec/conf/nips/OlivettiGA11</url></info>
<url>URL#3268460</url>
</hit>
<hit score="1" id="3268469">
<info><authors><author pid="88/5156">Emilio Parrado-Hernández</author><author pid="89/5819">Vanessa Gómez-Verdejo</author><author pid="06/3329">Manel Martínez-Ramón</author><author pid="121/1825">Pino Alonso</author><author pid="55/9939">Jesús Pujol</author><author pid="116/2347">José M. Menchón</author><author pid="116/2621">Narcís Cardoner</author><author pid="116/2652">Carles Soriano-Mas</author></authors><title>Identification of OCD-Relevant Brain Areas through Multivariate Feature Selection.</title><venue>MLINI</venue><pages>60-67</pages><year>2011</year><type>Conference and Workshop Papers</type><key>conf/nips/Parrado-HernandezGRAPMCS11</key><doi>10.1007/978-3-642-34713-9_8</doi><ee>https://doi.org/10.1007/978-3-642-34713-9_8</ee><url>https://dblp.org/rec/conf/nips/Parrado-HernandezGRAPMCS11</url></info>
<url>URL#3268469</url>
</hit>
<hit score="1" id="3268482">
<info><authors><author pid="116/4354">Pavan Ramkumar</author><author pid="70/5459">Sebastian Pannasch</author><author pid="57/1133">Bruce C. Hansen</author><author pid="85/11303">Adam M. Larson</author><author pid="67/4029">Lester C. Loschky</author></authors><title>How Does the Brain Represent Visual Scenes? A Neuromagnetic Scene Categorization Study.</title><venue>MLINI</venue><pages>93-100</pages><year>2011</year><type>Conference and Workshop Papers</type><key>conf/nips/RamkumarPHLL11</key><doi>10.1007/978-3-642-34713-9_12</doi><ee>https://doi.org/10.1007/978-3-642-34713-9_12</ee><url>https://dblp.org/rec/conf/nips/RamkumarPHLL11</url></info>
<url>URL#3268482</url>
</hit>
<hit score="1" id="3268490">
<info><authors><author pid="121/1834">Jane M. Rondina</author><author pid="59/41">John Shawe-Taylor</author><author pid="78/2039">Janaina Mourão Miranda</author></authors><title>A New Feature Selection Method Based on Stability Theory - Exploring Parameters Space to Evaluate Classification Accuracy in Neuroimaging Data.</title><venue>MLINI</venue><pages>51-59</pages><year>2011</year><type>Conference and Workshop Papers</type><key>conf/nips/RondinaSM11</key><doi>10.1007/978-3-642-34713-9_7</doi><ee>https://doi.org/10.1007/978-3-642-34713-9_7</ee><url>https://dblp.org/rec/conf/nips/RondinaSM11</url></info>
<url>URL#3268490</url>
</hit>
<hit score="1" id="3268491">
<info><authors><author pid="94/420">Evangelos Roussos</author><author pid="84/328">Steven Roberts</author><author pid="d/IngridDaubechies">Ingrid Daubechies</author></authors><title>Variational Bayesian Learning of Sparse Representations and Its Application in Functional Neuroimaging.</title><venue>MLINI</venue><pages>218-225</pages><year>2011</year><type>Conference and Workshop Papers</type><key>conf/nips/RoussosRD11</key><doi>10.1007/978-3-642-34713-9_28</doi><ee>https://doi.org/10.1007/978-3-642-34713-9_28</ee><url>https://dblp.org/rec/conf/nips/RoussosRD11</url></info>
<url>URL#3268491</url>
</hit>
<hit score="1" id="3268513">
<info><authors><author pid="65/2822">Diego Sona</author><author pid="57/831">Paolo Avesani</author><author pid="121/1821">Stefano Magon</author><author pid="121/1802">Gianpaolo Basso</author><author pid="08/10570">Gabriele Miceli</author></authors><title>Pairwise Analysis for Longitudinal fMRI Studies.</title><venue>MLINI</venue><pages>132-139</pages><year>2011</year><type>Conference and Workshop Papers</type><key>conf/nips/SonaAMBM11</key><doi>10.1007/978-3-642-34713-9_17</doi><ee>https://doi.org/10.1007/978-3-642-34713-9_17</ee><url>https://dblp.org/rec/conf/nips/SonaAMBM11</url></info>
<url>URL#3268513</url>
</hit>
<hit score="1" id="3268539">
<info><authors><author pid="36/7585">Gaël Varoquaux</author><author pid="62/2019">Bertrand Thirion</author></authors><title>Statistical Learning for Resting-State fMRI - Successes and Challenges.</title><venue>MLINI</venue><pages>172-177</pages><year>2011</year><type>Conference and Workshop Papers</type><key>conf/nips/VaroquauxT11</key><doi>10.1007/978-3-642-34713-9_22</doi><ee>https://doi.org/10.1007/978-3-642-34713-9_22</ee><url>https://dblp.org/rec/conf/nips/VaroquauxT11</url></info>
<url>URL#3268539</url>
</hit>
<hit score="1" id="3268561">
<info><authors><author pid="121/1818">Hans J. P. Wouters</author><author pid="12/6565">Marcel A. J. van Gerven</author><author pid="59/8740">Matthias Sebastian Treder</author><author pid="03/1145">Tom Heskes</author><author pid="20/7577">Ali Bahramisharif</author></authors><title>Covert Attention as a Paradigm for Subject-Independent Brain-Computer Interfacing.</title><venue>MLINI</venue><pages>156-163</pages><year>2011</year><type>Conference and Workshop Papers</type><key>conf/nips/WoutersGTHB11</key><doi>10.1007/978-3-642-34713-9_20</doi><ee>https://doi.org/10.1007/978-3-642-34713-9_20</ee><url>https://dblp.org/rec/conf/nips/WoutersGTHB11</url></info>
<url>URL#3268561</url>
</hit>
</hits>
</result>
