<?xml version="1.0" encoding="UTF-8"?>
<result>
<query id="285165">:facetid:toc:db\"/\"conf\"/\"nips\"/\"mlini2014\".\"bht</query>
<status code="200">OK</status>
<time unit="msecs">106.99</time>
<completions total="1" computed="1" sent="1">
<c sc="14" dc="14" oc="14" id="18251293">:facetid:toc:db/conf/nips/mlini2014.bht</c>
</completions>
<hits total="14" computed="14" sent="14" first="0">
<hit score="1" id="1923777">
<info><authors><author pid="r/IrinaRish">Irina Rish</author><author pid="15/366">Georg Langs</author><author pid="125/4359">Leila Wehbe</author><author pid="79/6762">Guillermo A. Cecchi</author><author pid="53/9013">Kai-min Kevin Chang</author><author pid="21/3894">Brian Murphy</author></authors><title>Machine Learning and Interpretation in Neuroimaging - 4th International Workshop, MLINI 2014, Held at NIPS 2014, Montreal, QC, Canada, December 13, 2014, Revised Selected Papers</title><venue>MLINI@NIPS</venue><venue>Lecture Notes in Computer Science</venue><volume>9444</volume><publisher>Springer</publisher><year>2016</year><type>Editorship</type><key>conf/nips/2014mlini</key><doi>10.1007/978-3-319-45174-9</doi><ee>https://doi.org/10.1007/978-3-319-45174-9</ee><url>https://dblp.org/rec/conf/nips/2014mlini</url></info>
<url>URL#1923777</url>
</hit>
<hit score="1" id="2474047">
<info><authors><author pid="158/0079">Danilo Benozzo</author><author pid="13/2659">Emanuele Olivetti</author><author pid="57/831">Paolo Avesani</author></authors><title>Classification-Based Causality Detection in Time Series.</title><venue>MLINI@NIPS</venue><pages>85-93</pages><year>2014</year><type>Conference and Workshop Papers</type><key>conf/nips/BenozzoOA14</key><doi>10.1007/978-3-319-45174-9_9</doi><ee>https://doi.org/10.1007/978-3-319-45174-9_9</ee><url>https://dblp.org/rec/conf/nips/BenozzoOA14</url></info>
<url>URL#2474047</url>
</hit>
<hit score="1" id="2474064">
<info><authors><author pid="169/3954">Facundo Carrillo</author><author pid="182/2104">Natalia Mota</author><author pid="47/6583">Mauro Copelli</author><author pid="94/8093">Sidarta Ribeiro</author><author pid="71/9223">Mariano Sigman</author><author pid="79/6762">Guillermo A. Cecchi</author><author pid="52/9520">Diego Fernández Slezak</author></authors><title>Automated Speech Analysis for Psychosis Evaluation.</title><venue>MLINI@NIPS</venue><pages>31-39</pages><year>2014</year><type>Conference and Workshop Papers</type><key>conf/nips/CarrilloMCRSCS14</key><doi>10.1007/978-3-319-45174-9_4</doi><ee>https://doi.org/10.1007/978-3-319-45174-9_4</ee><url>https://dblp.org/rec/conf/nips/CarrilloMCRSCS14</url></info>
<url>URL#2474064</url>
</hit>
<hit score="1" id="2474083">
<info><authors><author pid="c/MichaelHCoen">Michael H. Coen</author><author pid="01/8412">M. Hidayath Ansari</author><author pid="98/11403">Barbara B. Bendlin</author></authors><title>Predicting Short-Term Cognitive Change from Longitudinal Neuroimaging Analysis.</title><venue>MLINI@NIPS</venue><pages>107-114</pages><year>2014</year><type>Conference and Workshop Papers</type><key>conf/nips/CoenAB14</key><doi>10.1007/978-3-319-45174-9_11</doi><ee>https://doi.org/10.1007/978-3-319-45174-9_11</ee><url>https://dblp.org/rec/conf/nips/CoenAB14</url></info>
<url>URL#2474083</url>
</hit>
<hit score="1" id="2474144">
<info><authors><author pid="41/9125">Ahmed Hefny</author><author pid="50/5703">Robert E. Kass</author><author pid="k/SanjeevKhanna">Sanjeev Khanna</author><author pid="74/6003">Matthew A. Smith</author><author pid="41/487">Geoffrey J. Gordon</author></authors><title>Fast and Improved SLEX Analysis of High-Dimensional Time Series.</title><venue>MLINI@NIPS</venue><pages>94-103</pages><year>2014</year><type>Conference and Workshop Papers</type><key>conf/nips/HefnyKKSG14</key><doi>10.1007/978-3-319-45174-9_10</doi><ee>https://doi.org/10.1007/978-3-319-45174-9_10</ee><url>https://dblp.org/rec/conf/nips/HefnyKKSG14</url></info>
<url>URL#2474144</url>
</hit>
<hit score="1" id="2474167">
<info><authors><author pid="118/8375">Biao Jie</author><author pid="31/3804">Xi Jiang</author><author pid="129/8187">Chen Zu</author><author pid="03/2763">Daoqiang Zhang</author></authors><title>The New Graph Kernels on Connectivity Networks for Identification of MCI.</title><venue>MLINI@NIPS</venue><pages>12-20</pages><year>2014</year><type>Conference and Workshop Papers</type><key>conf/nips/JieJZZ14</key><doi>10.1007/978-3-319-45174-9_2</doi><ee>https://doi.org/10.1007/978-3-319-45174-9_2</ee><url>https://dblp.org/rec/conf/nips/JieJZZ14</url></info>
<url>URL#2474167</url>
</hit>
<hit score="1" id="2474175">
<info><authors><author pid="134/1827">Seyed Mostafa Kia</author><author pid="76/4186">Sandro Vega-Pons</author><author pid="13/2659">Emanuele Olivetti</author><author pid="57/831">Paolo Avesani</author></authors><title>Multi-Task Learning for Interpretation of Brain Decoding Models.</title><venue>MLINI@NIPS</venue><pages>3-11</pages><year>2014</year><type>Conference and Workshop Papers</type><key>conf/nips/KiaVOA14</key><doi>10.1007/978-3-319-45174-9_1</doi><ee>https://doi.org/10.1007/978-3-319-45174-9_1</ee><url>https://dblp.org/rec/conf/nips/KiaVOA14</url></info>
<url>URL#2474175</url>
</hit>
<hit score="1" id="2474257">
<info><authors><author pid="168/2835">João M. Monteiro</author><author pid="40/3759">Anil Rao</author><author pid="20/3439">John Ashburner</author><author pid="59/41">John Shawe-Taylor</author><author pid="78/2039">Janaina Mourão Miranda</author></authors><title>Leveraging Clinical Data to Enhance Localization of Brain Atrophy.</title><venue>MLINI@NIPS</venue><pages>60-68</pages><year>2014</year><type>Conference and Workshop Papers</type><key>conf/nips/MonteiroRASM14</key><doi>10.1007/978-3-319-45174-9_7</doi><ee>https://doi.org/10.1007/978-3-319-45174-9_7</ee><url>https://dblp.org/rec/conf/nips/MonteiroRASM14</url></info>
<url>URL#2474257</url>
</hit>
<hit score="1" id="2474271">
<info><authors><author pid="158/0047">Thien Bao Nguyen</author><author pid="13/2659">Emanuele Olivetti</author><author pid="57/831">Paolo Avesani</author></authors><title>Mapping Tractography Across Subjects.</title><venue>MLINI@NIPS</venue><pages>21-28</pages><year>2014</year><type>Conference and Workshop Papers</type><key>conf/nips/NguyenOA14</key><doi>10.1007/978-3-319-45174-9_3</doi><ee>https://doi.org/10.1007/978-3-319-45174-9_3</ee><url>https://dblp.org/rec/conf/nips/NguyenOA14</url></info>
<url>URL#2474271</url>
</hit>
<hit score="1" id="2474321">
<info><authors><author pid="39/2892">Raif M. Rustamov</author><author pid="g/LeonidasJGuibas">Leonidas J. Guibas</author></authors><title>Hyperalignment of Multi-subject fMRI Data by Synchronized Projections.</title><venue>MLINI@NIPS</venue><pages>115-121</pages><year>2014</year><type>Conference and Workshop Papers</type><key>conf/nips/RustamovG14</key><doi>10.1007/978-3-319-45174-9_12</doi><ee>https://doi.org/10.1007/978-3-319-45174-9_12</ee><url>https://dblp.org/rec/conf/nips/RustamovG14</url></info>
<url>URL#2474321</url>
</hit>
<hit score="1" id="2474418">
<info><authors><author pid="181/2848">Ying Yang</author><author pid="36/1880">Michael J. Tarr</author><author pid="50/5703">Robert E. Kass</author></authors><title>Estimating Learning Effects - A Short-Time Fourier Transform Regression Model for MEG Source Localization.</title><venue>MLINI@NIPS</venue><pages>69-82</pages><year>2014</year><type>Conference and Workshop Papers</type><key>conf/nips/YangTK14</key><doi>10.1007/978-3-319-45174-9_8</doi><ee>https://doi.org/10.1007/978-3-319-45174-9_8</ee><url>https://dblp.org/rec/conf/nips/YangTK14</url></info>
<url>URL#2474418</url>
</hit>
<hit score="1" id="2474425">
<info><authors><author pid="70/6865">Jonathan Young</author><author pid="04/7426">Marc Modat</author><author pid="17/7426">Manuel Jorge Cardoso</author><author pid="20/3439">John Ashburner</author><author pid="40/2838">Sébastien Ourselin</author></authors><title>An Oblique Approach to Prediction of Conversion to Alzheimer&apos;s Disease with Multikernel Gaussian Processes.</title><venue>MLINI@NIPS</venue><pages>122-128</pages><year>2014</year><type>Conference and Workshop Papers</type><key>conf/nips/YoungMCAO14</key><doi>10.1007/978-3-319-45174-9_13</doi><ee>https://doi.org/10.1007/978-3-319-45174-9_13</ee><url>https://dblp.org/rec/conf/nips/YoungMCAO14</url></info>
<url>URL#2474425</url>
</hit>
<hit score="1" id="2474437">
<info><authors><author pid="148/9615">Shunan Zhao</author><author pid="36/6505">Frank Rudzicz</author></authors><title>Combining Different Modalities in Classifying Phonological Categories.</title><venue>MLINI@NIPS</venue><pages>40-48</pages><year>2014</year><type>Conference and Workshop Papers</type><key>conf/nips/ZhaoR14</key><doi>10.1007/978-3-319-45174-9_5</doi><ee>https://doi.org/10.1007/978-3-319-45174-9_5</ee><url>https://dblp.org/rec/conf/nips/ZhaoR14</url></info>
<url>URL#2474437</url>
</hit>
<hit score="1" id="2474453">
<info><authors><author pid="129/8187">Chen Zu</author><author pid="118/8375">Biao Jie</author><author pid="60/5111">Songcan Chen</author><author pid="03/2763">Daoqiang Zhang</author></authors><title>Label-Alignment-Based Multi-Task Feature Selection for Multimodal Classification of Brain Disease.</title><venue>MLINI@NIPS</venue><pages>51-59</pages><year>2014</year><type>Conference and Workshop Papers</type><key>conf/nips/ZuJCZ14</key><doi>10.1007/978-3-319-45174-9_6</doi><ee>https://doi.org/10.1007/978-3-319-45174-9_6</ee><url>https://dblp.org/rec/conf/nips/ZuJCZ14</url></info>
<url>URL#2474453</url>
</hit>
</hits>
</result>
