<?xml version="1.0" encoding="UTF-8"?>
<result>
<query id="284903">:facetid:toc:db\"/\"conf\"/\"nips\"/\"fe2015\".\"bht</query>
<status code="200">OK</status>
<time unit="msecs">117.70</time>
<completions total="1" computed="1" sent="1">
<c sc="20" dc="20" oc="20" id="18251288">:facetid:toc:db/conf/nips/fe2015.bht</c>
</completions>
<hits total="20" computed="20" sent="20" first="0">
<hit score="1" id="2186751">
<info><authors><author pid="164/5733">Hassan Ashtiani</author><author pid="71/4226-1">Ali Ghodsi 0001</author></authors><title>A Dimension-Independent Generalization Bound for Kernel Supervised Principal Component Analysis.</title><venue>FE@NIPS</venue><pages>19-29</pages><year>2015</year><type>Conference and Workshop Papers</type><key>conf/nips/AshtianiG15</key><ee>http://proceedings.mlr.press/v44/Ashtiani2015.html</ee><url>https://dblp.org/rec/conf/nips/AshtianiG15</url></info>
<url>URL#2186751</url>
</hit>
<hit score="1" id="2186754">
<info><authors><author pid="182/5849">Yuval Atzmon</author><author pid="87/7049">Uri Shalit</author><author pid="c/GalChechik">Gal Chechik</author></authors><title>Learning Sparse Metrics, One Feature at a Time.</title><venue>FE@NIPS</venue><pages>30-48</pages><year>2015</year><type>Conference and Workshop Papers</type><key>conf/nips/AtzmonSC15</key><ee>http://proceedings.mlr.press/v44/atzmon2015.html</ee><url>https://dblp.org/rec/conf/nips/AtzmonSC15</url></info>
<url>URL#2186754</url>
</hit>
<hit score="1" id="2186766">
<info><authors><author pid="82/7541">Elnaz Barshan</author><author pid="f/PWFieguth">Paul W. Fieguth</author></authors><title>Stage-wise Training - An Improved Feature Learning Strategy for Deep Models.</title><venue>FE@NIPS</venue><pages>49-59</pages><year>2015</year><type>Conference and Workshop Papers</type><key>conf/nips/BarshanF15</key><ee>http://proceedings.mlr.press/v44/Barshan2015.html</ee><url>https://dblp.org/rec/conf/nips/BarshanF15</url></info>
<url>URL#2186766</url>
</hit>
<hit score="1" id="2186794">
<info><authors><author pid="18/3298-1">Xue-wen Chen 0001</author><author pid="35/7590">Melih S. Aslan</author><author pid="57/10265">Kunlei Zhang</author><author pid="h/ThomasSHuang">Thomas S. Huang</author></authors><title>Learning Multi-channel Deep Feature Representations for Face Recognition.</title><venue>FE@NIPS</venue><pages>60-71</pages><year>2015</year><type>Conference and Workshop Papers</type><key>conf/nips/ChenAZH15</key><ee>http://proceedings.mlr.press/v44/chen15learning.html</ee><url>https://dblp.org/rec/conf/nips/ChenAZH15</url></info>
<url>URL#2186794</url>
</hit>
<hit score="1" id="2186814">
<info><authors><author pid="77/5783">Corinna Cortes</author><author pid="137/3282">Prasoon Goyal</author><author pid="125/2316">Vitaly Kuznetsov</author><author pid="03/5448">Mehryar Mohri</author></authors><title>Kernel Extraction via Voted Risk Minimization.</title><venue>FE@NIPS</venue><pages>72-89</pages><year>2015</year><type>Conference and Workshop Papers</type><key>conf/nips/CortesGKM15</key><ee>http://proceedings.mlr.press/v44/cortes15a.html</ee><url>https://dblp.org/rec/conf/nips/CortesGKM15</url></info>
<url>URL#2186814</url>
</hit>
<hit score="1" id="2186816">
<info><authors><author pid="39/6085">Xia Cui</author><author pid="20/6679-5">Ying Lu 0005</author><author pid="78/6382">Heng Peng</author></authors><title>A Computationally Efficient Method for Estimating Semi Parametric Regression Functions.</title><venue>FE@NIPS</venue><pages>90-102</pages><year>2015</year><type>Conference and Workshop Papers</type><key>conf/nips/CuiLP15</key><ee>http://proceedings.mlr.press/v44/CuiLuPeng15.html</ee><url>https://dblp.org/rec/conf/nips/CuiLP15</url></info>
<url>URL#2186816</url>
</hit>
<hit score="1" id="2186853">
<info><authors><author pid="69/9756">Dimitrios Giannakis</author><author pid="182/5668">Joanna Slawinska</author><author pid="122/3155">Zhizhen Zhao</author></authors><title>Spatiotemporal Feature Extraction with Data-Driven Koopman Operators.</title><venue>FE@NIPS</venue><pages>103-115</pages><year>2015</year><type>Conference and Workshop Papers</type><key>conf/nips/GiannakisSZ15</key><ee>http://proceedings.mlr.press/v44/giannakis15.html</ee><url>https://dblp.org/rec/conf/nips/GiannakisSZ15</url></info>
<url>URL#2186853</url>
</hit>
<hit score="1" id="2186885">
<info><authors><author pid="72/8513">Furong Huang</author><author pid="25/1529">Animashree Anandkumar</author></authors><title>Convolutional Dictionary Learning through Tensor Factorization.</title><venue>FE@NIPS</venue><pages>116-129</pages><year>2015</year><type>Conference and Workshop Papers</type><key>conf/nips/HuangA15</key><ee>http://proceedings.mlr.press/v44/huang15convolutional.html</ee><url>https://dblp.org/rec/conf/nips/HuangA15</url></info>
<url>URL#2186885</url>
</hit>
<hit score="1" id="2186896">
<info><authors><author pid="93/8332">Majid Janzamin</author><author pid="66/8332">Hanie Sedghi</author><author pid="138/5755">U. N. Niranjan</author><author pid="25/1529">Animashree Anandkumar</author></authors><title>FEAST at Play - Feature ExtrAction using Score function Tensors.</title><venue>FE@NIPS</venue><pages>130-144</pages><year>2015</year><type>Conference and Workshop Papers</type><key>conf/nips/JanzaminSNA15</key><ee>http://proceedings.mlr.press/v44/janzamin2015.html</ee><url>https://dblp.org/rec/conf/nips/JanzaminSNA15</url></info>
<url>URL#2186896</url>
</hit>
<hit score="1" id="2186905">
<info><authors><author pid="95/7056">Melih Kandemir</author><author pid="18/4529">Fred A. Hamprecht</author></authors><title>The Deep Feed-Forward Gaussian Process - An Effective Generalization to Covariance Priors.</title><venue>FE@NIPS</venue><pages>145-159</pages><year>2015</year><type>Conference and Workshop Papers</type><key>conf/nips/KandemirH15</key><ee>http://proceedings.mlr.press/v44/kandemir15jmlr.html</ee><url>https://dblp.org/rec/conf/nips/KandemirH15</url></info>
<url>URL#2186905</url>
</hit>
<hit score="1" id="2186912">
<info><authors><author pid="57/7027">Minyoung Kim</author><author pid="57/1402">Luca Rigazio</author></authors><title>Deep Clustered Convolutional Kernels.</title><venue>FE@NIPS</venue><pages>160-172</pages><year>2015</year><type>Conference and Workshop Papers</type><key>conf/nips/KimR15</key><ee>http://proceedings.mlr.press/v44/kim2015a.html</ee><url>https://dblp.org/rec/conf/nips/KimR15</url></info>
<url>URL#2186912</url>
</hit>
<hit score="1" id="2186943">
<info><authors><author pid="29/10147">Yunwen Lei</author><author pid="54/7546">Alexander Binder</author><author pid="118/4739">Ürün Dogan</author><author pid="73/2217">Marius Kloft</author></authors><title>Theory and Algorithms for the Localized Setting of Learning Kernels.</title><venue>FE@NIPS</venue><pages>173-195</pages><year>2015</year><type>Conference and Workshop Papers</type><key>conf/nips/LeiBDK15</key><ee>http://proceedings.mlr.press/v44/LeiBinDogKlo15.html</ee><url>https://dblp.org/rec/conf/nips/LeiBDK15</url></info>
<url>URL#2186943</url>
</hit>
<hit score="1" id="2186951">
<info><authors><author pid="144/6087">Yixuan Li</author><author pid="31/9882">Jason Yosinski</author><author pid="49/2799">Jeff Clune</author><author pid="l/HodLipson">Hod Lipson</author><author pid="h/JohnEHopcroft">John E. Hopcroft</author></authors><title>Convergent Learning - Do different neural networks learn the same representations?</title><venue>FE@NIPS</venue><pages>196-212</pages><year>2015</year><type>Conference and Workshop Papers</type><key>conf/nips/LiYCLH15</key><ee>http://proceedings.mlr.press/v44/li15convergent.html</ee><url>https://dblp.org/rec/conf/nips/LiYCLH15</url></info>
<url>URL#2186951</url>
</hit>
<hit score="1" id="2186966">
<info><authors><author pid="172/0908">Kin Gwn Lore</author><author pid="180/5772">Daniel Stoecklein</author><author pid="54/7818">Michael Davies</author><author pid="90/8130">Baskar Ganapathysubramanian</author><author pid="33/7053">Soumik Sarkar</author></authors><title>Hierarchical Feature Extraction for Efficient Design of Microfluidic Flow Patterns.</title><venue>FE@NIPS</venue><pages>213-225</pages><year>2015</year><type>Conference and Workshop Papers</type><key>conf/nips/LoreSDGS15</key><ee>http://proceedings.mlr.press/v44/lore15.html</ee><url>https://dblp.org/rec/conf/nips/LoreSDGS15</url></info>
<url>URL#2186966</url>
</hit>
<hit score="1" id="2186983">
<info><authors><author pid="03/5448">Mehryar Mohri</author><author pid="97/4479">Afshin Rostamizadeh</author><author pid="168/8434">Dmitry Storcheus</author></authors><title>Generalization Bounds for Supervised Dimensionality Reduction.</title><venue>FE@NIPS</venue><pages>226-241</pages><year>2015</year><type>Conference and Workshop Papers</type><key>conf/nips/MohriRS15</key><ee>http://proceedings.mlr.press/v44/mohri2015generalization.html</ee><url>https://dblp.org/rec/conf/nips/MohriRS15</url></info>
<url>URL#2186983</url>
</hit>
<hit score="1" id="2187039">
<info><authors><author pid="172/1422">Henry W. J. Reeve</author><author pid="93/2057-1">Gavin Brown 0001</author></authors><title>Modular Autoencoders for Ensemble Feature Extraction.</title><venue>FE@NIPS</venue><pages>242-259</pages><year>2015</year><type>Conference and Workshop Papers</type><key>conf/nips/ReeveB15</key><ee>http://proceedings.mlr.press/v44/reeve15a.html</ee><url>https://dblp.org/rec/conf/nips/ReeveB15</url></info>
<url>URL#2187039</url>
</hit>
<hit score="1" id="2187070">
<info><authors><author pid="22/4711">Gil I. Shamir</author></authors><title>Minimum description length (MDL) regularization for online learning.</title><venue>FE@NIPS</venue><pages>260-276</pages><year>2015</year><type>Conference and Workshop Papers</type><key>conf/nips/Shamir15</key><ee>http://proceedings.mlr.press/v44/shamir15.html</ee><url>https://dblp.org/rec/conf/nips/Shamir15</url></info>
<url>URL#2187070</url>
</hit>
<hit score="1" id="2187093">
<info><authors><author pid="168/8434">Dmitry Storcheus</author><author pid="97/4479">Afshin Rostamizadeh</author><author pid="66/6804">Sanjiv Kumar</author></authors><title>A Survey of Modern Questions and Challenges in Feature Extraction.</title><venue>FE@NIPS</venue><pages>1-18</pages><year>2015</year><type>Conference and Workshop Papers</type><key>conf/nips/StorcheusRK15</key><ee>http://proceedings.mlr.press/v44/storcheus2015survey.html</ee><url>https://dblp.org/rec/conf/nips/StorcheusRK15</url></info>
<url>URL#2187093</url>
</hit>
<hit score="1" id="2187145">
<info><authors><author pid="182/5805">Jonathan P. Williams</author><author pid="20/6679">Ying Lu</author></authors><title>Covariance Selection in the Linear Mixed Effect Mode.</title><venue>FE@NIPS</venue><pages>277-291</pages><year>2015</year><type>Conference and Workshop Papers</type><key>conf/nips/WilliamsL15</key><ee>http://proceedings.mlr.press/v44/Williams2015.html</ee><url>https://dblp.org/rec/conf/nips/WilliamsL15</url></info>
<url>URL#2187145</url>
</hit>
<hit score="1" id="2225225">
<info><title>Proceedings of the 1st Workshop on Feature Extraction - Modern Questions and Challenges, FE 2015, co-located with the 29th Annual Conference on Neural Information Processing Systems (NIPS 2015), Montreal, Canada, December 11-12, 2015.</title><venue>FE@NIPS</venue><venue>JMLR Workshop and Conference Proceedings</venue><volume>44</volume><publisher>JMLR.org</publisher><year>2015</year><type>Editorship</type><key>conf/nips/2015fe</key><ee>http://proceedings.mlr.press/v44/</ee><url>https://dblp.org/rec/conf/nips/2015fe</url></info>
<url>URL#2225225</url>
</hit>
</hits>
</result>
