<?xml version="1.0" encoding="UTF-8"?>
<result>
<query id="284643">:facetid:toc:db\"/\"conf\"/\"nips\"/\"tsw2016\".\"bht</query>
<status code="200">OK</status>
<time unit="msecs">114.18</time>
<completions total="1" computed="1" sent="1">
<c sc="7" dc="7" oc="7" id="18251329">:facetid:toc:db/conf/nips/tsw2016.bht</c>
</completions>
<hits total="7" computed="7" sent="7" first="0">
<hit score="1" id="1607818">
<info><authors><author pid="126/5222">Oren Anava</author><author pid="60/2707">Azadeh Khaleghi</author><author pid="85/5102">Marco Cuturi</author><author pid="125/2316">Vitaly Kuznetsov</author><author pid="59/407">Alexander Rakhlin</author></authors><title>Proceedings of the NIPS 2016 Time Series Workshop, co-located with the 30th Annual Conference on Neural Information Processing Systems (NIPS 2016), Barcelona, Spain, December 9, 2016</title><venue>NIPS Time Series Workshop</venue><venue>JMLR Workshop and Conference Proceedings</venue><volume>55</volume><publisher>JMLR.org</publisher><year>2017</year><type>Editorship</type><key>conf/nips/2016tsw</key><ee>http://proceedings.mlr.press/v55/</ee><url>https://dblp.org/rec/conf/nips/2016tsw</url></info>
<url>URL#1607818</url>
</hit>
<hit score="1" id="1882976">
<info><authors><author pid="208/0867">Muhammad J. Amjad</author><author pid="73/3881">Devavrat Shah</author></authors><title>Trading Bitcoin and Online Time Series Prediction.</title><venue>NIPS Time Series Workshop</venue><pages>1-15</pages><year>2016</year><type>Conference and Workshop Papers</type><key>conf/nips/AmjadS16</key><ee>http://proceedings.mlr.press/v55/amjad16.html</ee><url>https://dblp.org/rec/conf/nips/AmjadS16</url></info>
<url>URL#1882976</url>
</hit>
<hit score="1" id="1883259">
<info><authors><author pid="122/5081">Qunwei Li</author><author pid="132/8938">Bhavya Kailkhura</author><author pid="16/7803">Jayaraman J. Thiagarajan</author><author pid="74/9671">Zhenliang Zhang</author><author pid="v/PKVarshney">Pramod K. Varshney</author></authors><title>Influential Node Detection in Implicit Social Networks using Multi-task Gaussian Copula Models.</title><venue>NIPS Time Series Workshop</venue><pages>27-37</pages><year>2016</year><type>Conference and Workshop Papers</type><key>conf/nips/LiKTZV16</key><ee>http://proceedings.mlr.press/v55/li16.html</ee><url>https://dblp.org/rec/conf/nips/LiKTZV16</url></info>
<url>URL#1883259</url>
</hit>
<hit score="1" id="1883290">
<info><authors><author pid="46/4719">Chen Luo</author><author pid="63/9828">Anshumali Shrivastava</author></authors><title>SSH (Sketch, Shingle, &amp; Hash) for Indexing Massive-Scale Time Series.</title><venue>NIPS Time Series Workshop</venue><pages>38-58</pages><year>2016</year><type>Conference and Workshop Papers</type><key>conf/nips/LuoS16</key><ee>http://proceedings.mlr.press/v55/luo16.html</ee><url>https://dblp.org/rec/conf/nips/LuoS16</url></info>
<url>URL#1883290</url>
</hit>
<hit score="1" id="1883302">
<info><authors><author pid="164/5998">Gautier Marti</author><author pid="183/0902">Sébastien Andler</author><author pid="n/FrankNielsen">Frank Nielsen</author><author pid="164/6091">Philippe Donnat</author></authors><title>Exploring and measuring non-linear correlations - Copulas, Lightspeed Transportation and Clustering.</title><venue>NIPS Time Series Workshop</venue><pages>59-69</pages><year>2016</year><type>Conference and Workshop Papers</type><key>conf/nips/MartiAND16</key><ee>http://proceedings.mlr.press/v55/marti16.html</ee><url>https://dblp.org/rec/conf/nips/MartiAND16</url></info>
<url>URL#1883302</url>
</hit>
<hit score="1" id="1883377">
<info><authors><author pid="172/3856">Marina Riabiz</author><author pid="132/4818">Tohid Ardeshiri</author><author pid="g/SimonJGodsill">Simon J. Godsill</author></authors><title>A central limit theorem with application to inference in \(\alpha\)-stable regression models.</title><venue>NIPS Time Series Workshop</venue><pages>70-82</pages><year>2016</year><type>Conference and Workshop Papers</type><key>conf/nips/RiabizAG16</key><ee>http://proceedings.mlr.press/v55/riabiz16.html</ee><url>https://dblp.org/rec/conf/nips/RiabizAG16</url></info>
<url>URL#1883377</url>
</hit>
<hit score="1" id="1883446">
<info><authors><author pid="47/8581">Souhaib Ben Taieb</author></authors><title>Sparse and Smooth Adjustments for Coherent Forecasts in Temporal Aggregation of Time Series.</title><venue>NIPS Time Series Workshop</venue><pages>16-26</pages><year>2016</year><type>Conference and Workshop Papers</type><key>conf/nips/Taieb16</key><ee>http://proceedings.mlr.press/v55/bentaieb16.html</ee><url>https://dblp.org/rec/conf/nips/Taieb16</url></info>
<url>URL#1883446</url>
</hit>
</hits>
</result>
