<?xml version="1.0" encoding="UTF-8"?>
<result>
<query id="284507">:facetid:toc:db\"/\"conf\"/\"nips\"/\"coco2016\".\"bht</query>
<status code="200">OK</status>
<time unit="msecs">103.13</time>
<completions total="1" computed="1" sent="1">
<c sc="11" dc="11" oc="11" id="18251285">:facetid:toc:db/conf/nips/coco2016.bht</c>
</completions>
<hits total="11" computed="11" sent="11" first="0">
<hit score="1" id="1882973">
<info><authors><author pid="192/0532">Raquel G. Alhama</author><author pid="67/1016">Willem H. Zuidema</author></authors><title>Pre-Wiring and Pre-Training - What Does a Neural Network Need to Learn Truly General Identity Rules?</title><venue>CoCo@NIPS</venue><year>2016</year><type>Conference and Workshop Papers</type><key>conf/nips/AlhamaZ16</key><ee>http://ceur-ws.org/Vol-1773/CoCoNIPS_2016_paper4.pdf</ee><url>https://dblp.org/rec/conf/nips/AlhamaZ16</url></info>
<url>URL#1882973</url>
</hit>
<hit score="1" id="1882978">
<info><authors><author pid="32/9125">Daniel Andrade</author><author pid="54/5260">Bing Bai</author><author pid="72/9735">Ramkumar Rajendran</author><author pid="05/8160">Yotaro Watanabe</author></authors><title>Analogy-Based Reasoning with Memory Networks for Future Prediction.</title><venue>CoCo@NIPS</venue><year>2016</year><type>Conference and Workshop Papers</type><key>conf/nips/AndradeBRW16</key><ee>http://ceur-ws.org/Vol-1773/CoCoNIPS_2016_paper3.pdf</ee><url>https://dblp.org/rec/conf/nips/AndradeBRW16</url></info>
<url>URL#1882978</url>
</hit>
<hit score="1" id="1883164">
<info><authors><author pid="30/2130">Stefan Heinrich</author><author pid="57/6298">Cornelius Weber</author><author pid="03/3914">Stefan Wermter</author><author pid="178/8590">Ruobing Xie</author><author pid="161/0001">Yankai Lin</author><author pid="53/3245-1">Zhiyuan Liu 0001</author></authors><title>Crossmodal Language Grounding, Learning, and Teaching.</title><venue>CoCo@NIPS</venue><year>2016</year><type>Conference and Workshop Papers</type><key>conf/nips/HeinrichWWXLL16</key><ee>http://ceur-ws.org/Vol-1773/CoCoNIPS_2016_paper5.pdf</ee><url>https://dblp.org/rec/conf/nips/HeinrichWWXLL16</url></info>
<url>URL#1883164</url>
</hit>
<hit score="1" id="1883252">
<info><authors><author pid="54/683">Robert A. Legenstein</author><author pid="p/CHPapadimitriou">Christos H. Papadimitriou</author><author pid="v/SantoshVempala">Santosh S. Vempala</author><author pid="m/WolfgangMaass">Wolfgang Maass 0001</author></authors><title>Variable Binding through Assemblies in Spiking Neural Networks.</title><venue>CoCo@NIPS</venue><year>2016</year><type>Conference and Workshop Papers</type><key>conf/nips/LegensteinPVM16</key><ee>http://ceur-ws.org/Vol-1773/CoCoNIPS_2016_paper1.pdf</ee><url>https://dblp.org/rec/conf/nips/LegensteinPVM16</url></info>
<url>URL#1883252</url>
</hit>
<hit score="1" id="1883317">
<info><authors><author pid="124/0220">Clément Moulin-Frier</author><author pid="132/4311">Xerxes D. Arsiwalla</author><author pid="138/0478">Jordi-Ysard Puigbo</author><author pid="13/7991">Martí Sánchez-Fibla</author><author pid="95/5995">Armin Duff</author><author pid="05/3968">Paul F. M. J. Verschure</author></authors><title>Top-Down and Bottom-Up Interactions between Low-Level Reactive Control and Symbolic Rule Learning in Embodied Agents.</title><venue>CoCo@NIPS</venue><year>2016</year><type>Conference and Workshop Papers</type><key>conf/nips/Moulin-FrierAPS16</key><ee>http://ceur-ws.org/Vol-1773/CoCoNIPS_2016_paper8.pdf</ee><url>https://dblp.org/rec/conf/nips/Moulin-FrierAPS16</url></info>
<url>URL#1883317</url>
</hit>
<hit score="1" id="1883330">
<info><authors><author pid="29/6538">Tri Nguyen</author><author pid="190/7345">Mir Rosenberg</author><author pid="165/6299">Xia Song</author><author pid="92/5339">Jianfeng Gao</author><author pid="166/1601">Saurabh Tiwary</author><author pid="190/7314">Rangan Majumder</author><author pid="31/1974-1">Li Deng 0001</author></authors><title>MS MARCO - A Human Generated MAchine Reading COmprehension Dataset.</title><venue>CoCo@NIPS</venue><year>2016</year><type>Conference and Workshop Papers</type><key>conf/nips/NguyenRSGTMD16</key><ee>http://ceur-ws.org/Vol-1773/CoCoNIPS_2016_paper9.pdf</ee><url>https://dblp.org/rec/conf/nips/NguyenRSGTMD16</url></info>
<url>URL#1883330</url>
</hit>
<hit score="1" id="1883392">
<info><authors><author pid="157/0501">Sarmimala Saikia</author><author pid="16/4559">Lovekesh Vig</author><author pid="75/6930-1">Ashwin Srinivasan 0001</author><author pid="54/3265">Gautam Shroff</author><author pid="97/5792">Puneet Agarwal</author><author pid="192/0528">Richa Rawat</author></authors><title>Neuro-Symbolic EDA-Based Optimization Using ILP-Enhanced DBNs.</title><venue>CoCo@NIPS</venue><year>2016</year><type>Conference and Workshop Papers</type><key>conf/nips/SaikiaVSSAR16</key><ee>http://ceur-ws.org/Vol-1773/CoCoNIPS_2016_paper7.pdf</ee><url>https://dblp.org/rec/conf/nips/SaikiaVSSAR16</url></info>
<url>URL#1883392</url>
</hit>
<hit score="1" id="1883397">
<info><authors><author pid="192/0515">Sanjoy Sarkar</author><author pid="25/6604">Tillman Weyde</author><author pid="26/4820">Artur S. d&apos;Avila Garcez</author><author pid="s/GregoryGSlabaugh">Gregory G. Slabaugh</author><author pid="184/8210">Simo Dragicevic</author><author pid="184/8281">Chris Percy</author></authors><title>Accuracy and Interpretability Trade-Offs in Machine Learning Applied to Safer Gambling.</title><venue>CoCo@NIPS</venue><year>2016</year><type>Conference and Workshop Papers</type><key>conf/nips/SarkarWGSDP16</key><ee>http://ceur-ws.org/Vol-1773/CoCoNIPS_2016_paper10.pdf</ee><url>https://dblp.org/rec/conf/nips/SarkarWGSDP16</url></info>
<url>URL#1883397</url>
</hit>
<hit score="1" id="1883414">
<info><authors><author pid="37/9376">Yelong Shen</author><author pid="25/9874">Po-Sen Huang</author><author pid="92/5339">Jianfeng Gao</author><author pid="79/2536">Weizhu Chen</author></authors><title>ReasoNet - Learning to Stop Reading in Machine Comprehension.</title><venue>CoCo@NIPS</venue><year>2016</year><type>Conference and Workshop Papers</type><key>conf/nips/ShenHGC16</key><ee>http://ceur-ws.org/Vol-1773/CoCoNIPS_2016_paper2.pdf</ee><url>https://dblp.org/rec/conf/nips/ShenHGC16</url></info>
<url>URL#1883414</url>
</hit>
<hit score="1" id="1883461">
<info><authors><author pid="132/9571">Sara Veldhoen</author><author pid="184/8838">Dieuwke Hupkes</author><author pid="67/1016">Willem H. Zuidema</author></authors><title>Diagnostic Classifiers Revealing how Neural Networks Process Hierarchical Structure.</title><venue>CoCo@NIPS</venue><year>2016</year><type>Conference and Workshop Papers</type><key>conf/nips/VeldhoenHZ16</key><ee>http://ceur-ws.org/Vol-1773/CoCoNIPS_2016_paper6.pdf</ee><url>https://dblp.org/rec/conf/nips/VeldhoenHZ16</url></info>
<url>URL#1883461</url>
</hit>
<hit score="1" id="1923780">
<info><authors><author pid="61/7871">Tarek Richard Besold</author><author pid="49/4572">Antoine Bordes</author><author pid="26/4820">Artur S. d&apos;Avila Garcez</author><author pid="150/8612">Greg Wayne</author></authors><title>Proceedings of the Workshop on Cognitive Computation - Integrating neural and symbolic approaches 2016 co-located with the 30th Annual Conference on Neural Information Processing Systems (NIPS 2016), Barcelona, Spain, December 9, 2016.</title><venue>CoCo@NIPS</venue><venue>CEUR Workshop Proceedings</venue><volume>1773</volume><publisher>CEUR-WS.org</publisher><year>2016</year><type>Editorship</type><key>conf/nips/2016coco</key><ee>http://ceur-ws.org/Vol-1773</ee><url>https://dblp.org/rec/conf/nips/2016coco</url></info>
<url>URL#1923780</url>
</hit>
</hits>
</result>
