<?xml version="1.0" encoding="UTF-8"?>
<result>
<query id="283768">:facetid:toc:db\"/\"conf\"/\"nips\"/\"csw2020\".\"bht</query>
<status code="200">OK</status>
<time unit="msecs">118.38</time>
<completions total="1" computed="1" sent="1">
<c sc="7" dc="7" oc="7" id="18251286">:facetid:toc:db/conf/nips/csw2020.bht</c>
</completions>
<hits total="7" computed="7" sent="7" first="0">
<hit score="1" id="436615">
<info><authors><author pid="261/9528">Olubayo Adekanmbi</author><author pid="261/9112">Wuraola Fisayo Oyewusi</author><author pid="281/3775">Ezekiel Ogundepo</author></authors><title>Real-Time Crowdsourcing of Health Data in a Low-Income Country - A Case Study of Human Data Supply on Malaria First-Line Treatment Policy Tracking in Nigeria.</title><venue>CSW@NeurIPS</venue><pages>14-18</pages><year>2020</year><type>Conference and Workshop Papers</type><key>conf/nips/AdekanmbiOO20</key><ee>http://ceur-ws.org/Vol-2736/paper3.pdf</ee><url>https://dblp.org/rec/conf/nips/AdekanmbiOO20</url></info>
<url>URL#436615</url>
</hit>
<hit score="1" id="437095">
<info><authors><author pid="130/0365">Ujwal Gadiraju</author><author pid="12/1198-28">Jie Yang 0028</author></authors><title>What Can Crowd Computing Do for the Next Generation of AI Systems?</title><venue>CSW@NeurIPS</venue><pages>7-13</pages><year>2020</year><type>Conference and Workshop Papers</type><key>conf/nips/Gadiraju020</key><ee>http://ceur-ws.org/Vol-2736/paper2.pdf</ee><url>https://dblp.org/rec/conf/nips/Gadiraju020</url></info>
<url>URL#437095</url>
</hit>
<hit score="1" id="437426">
<info><authors><author pid="206/6421">Evgeny Krivosheev</author><author pid="280/3502">Burcu Sayin</author><author pid="12/2920">Alessandro Bozzon</author><author pid="84/963">Zoltán Szlávik</author></authors><title>Active Learning from Crowd in Document Screening.</title><venue>CSW@NeurIPS</venue><pages>19-25</pages><year>2020</year><type>Conference and Workshop Papers</type><key>conf/nips/KrivosheevSBS20</key><ee>http://ceur-ws.org/Vol-2736/paper4.pdf</ee><url>https://dblp.org/rec/conf/nips/KrivosheevSBS20</url></info>
<url>URL#437426</url>
</hit>
<hit score="1" id="437851">
<info><authors><author pid="210/5795">Sihang Qiu</author><author pid="130/0365">Ujwal Gadiraju</author><author pid="12/2920">Alessandro Bozzon</author><author pid="h/GeertJanHouben">Geert-Jan Houben</author></authors><title>Conversational Crowdsourcing.</title><venue>CSW@NeurIPS</venue><pages>1-6</pages><year>2020</year><type>Conference and Workshop Papers</type><key>conf/nips/QiuGBH20</key><ee>http://ceur-ws.org/Vol-2736/paper1.pdf</ee><url>https://dblp.org/rec/conf/nips/QiuGBH20</url></info>
<url>URL#437851</url>
</hit>
<hit score="1" id="438079">
<info><authors><author pid="281/3807">Andrea Tocchetti</author><author pid="b/MarcoBrambilla">Marco Brambilla 0001</author></authors><title>A Gamified Crowdsourcing Framework for Data-Driven Co-Creation of Policy Making and Social Foresight.</title><venue>CSW@NeurIPS</venue><pages>34-44</pages><year>2020</year><type>Conference and Workshop Papers</type><key>conf/nips/Tocchetti020</key><ee>http://ceur-ws.org/Vol-2736/paper6.pdf</ee><url>https://dblp.org/rec/conf/nips/Tocchetti020</url></info>
<url>URL#438079</url>
</hit>
<hit score="1" id="438125">
<info><authors><author pid="279/3220">Libuse Hannah Veprek</author><author pid="279/3247">Patricia Seymour</author><author pid="49/9399">Pietro Michelucci</author></authors><title>Human Computation Requires and Enables a New Approach to Ethics.</title><venue>CSW@NeurIPS</venue><pages>26-33</pages><year>2020</year><type>Conference and Workshop Papers</type><key>conf/nips/VeprekSM20</key><ee>http://ceur-ws.org/Vol-2736/paper5.pdf</ee><url>https://dblp.org/rec/conf/nips/VeprekSM20</url></info>
<url>URL#438125</url>
</hit>
<hit score="1" id="470986">
<info><authors><author pid="148/4508">Dmitry Ustalov</author><author pid="c/FabioCasati">Fabio Casati</author><author pid="157/6372">Alexey Drutsa</author><author pid="256/9284">Daria Baidakova</author></authors><title>Proceedings of the Crowd Science Workshop - Remoteness, Fairness, and Mechanisms as Challenges of Data Supply by Humans for Automation co-located with 34th Conference on Neural Information Processing Systems, CSWs@NeurIPS 2020, Vancouver, BC, Canada / Online Event, December 11, 2020.</title><venue>CSW@NeurIPS</venue><venue>CEUR Workshop Proceedings</venue><volume>2736</volume><publisher>CEUR-WS.org</publisher><year>2020</year><type>Editorship</type><key>conf/nips/2020csw</key><ee>http://ceur-ws.org/Vol-2736</ee><url>https://dblp.org/rec/conf/nips/2020csw</url></info>
<url>URL#470986</url>
</hit>
</hits>
</result>
