<?xml version="1.0" encoding="UTF-8"?>
<result>
<query id="710327">:facetid:toc:db\"/\"conf\"/\"icml\"/\"icml2011\".\"bht</query>
<status code="200">OK</status>
<time unit="msecs">136.35</time>
<completions total="1" computed="1" sent="1">
<c sc="153" dc="153" oc="153" id="18204063">:facetid:toc:db/conf/icml/icml2011.bht</c>
</completions>
<hits total="153" computed="153" sent="153" first="0">
<hit score="1" id="3220428">
<info><authors><author pid="24/4383">Alekh Agarwal</author><author pid="85/3290">Sahand N. Negahban</author><author pid="48/6396">Martin J. Wainwright</author></authors><title>Noisy matrix decomposition via convex relaxation - Optimal rates in high dimensions.</title><venue>ICML</venue><pages>1129-1136</pages><year>2011</year><type>Conference and Workshop Papers</type><key>conf/icml/AgarwalNW11</key><ee>https://icml.cc/2011/papers/572_icmlpaper.pdf</ee><url>https://dblp.org/rec/conf/icml/AgarwalNW11</url></info>
<url>URL#3220428</url>
</hit>
<hit score="1" id="3220429">
<info><authors><author pid="26/6680">Amrudin Agovic</author><author pid="82/4807">Arindam Banerjee 0001</author><author pid="14/4350">Snigdhansu Chatterjee</author></authors><title>Probabilistic Matrix Addition.</title><venue>ICML</venue><pages>1025-1032</pages><year>2011</year><type>Conference and Workshop Papers</type><key>conf/icml/AgovicBC11</key><ee>https://icml.cc/2011/papers/531_icmlpaper.pdf</ee><url>https://dblp.org/rec/conf/icml/AgovicBC11</url></info>
<url>URL#3220429</url>
</hit>
<hit score="1" id="3220430">
<info><authors><author pid="54/3202">Raman Arora</author><author pid="48/2553">Maya R. Gupta</author><author pid="20/10623">Amol Kapila</author><author pid="10/2309">Maryam Fazel</author></authors><title>Clustering by Left-Stochastic Matrix Factorization.</title><venue>ICML</venue><pages>761-768</pages><year>2011</year><type>Conference and Workshop Papers</type><key>conf/icml/AroraGKF11</key><ee>https://icml.cc/2011/papers/426_icmlpaper.pdf</ee><url>https://dblp.org/rec/conf/icml/AroraGKF11</url></info>
<url>URL#3220430</url>
</hit>
<hit score="1" id="3220431">
<info><authors><author pid="65/2779">Boris Babenko</author><author pid="87/5620">Nakul Verma</author><author pid="62/750">Piotr Dollár</author><author pid="b/SJBelongie">Serge J. Belongie</author></authors><title>Multiple Instance Learning with Manifold Bags.</title><venue>ICML</venue><pages>81-88</pages><year>2011</year><type>Conference and Workshop Papers</type><key>conf/icml/BabenkoVDB11</key><ee>https://icml.cc/2011/papers/74_icmlpaper.pdf</ee><url>https://dblp.org/rec/conf/icml/BabenkoVDB11</url></info>
<url>URL#3220431</url>
</hit>
<hit score="1" id="3220432">
<info><authors><author pid="82/5111">Monica Babes</author><author pid="73/1303">Vukosi N. Marivate</author><author pid="19/8399">Kaushik Subramanian</author><author pid="l/MLLittman">Michael L. Littman</author></authors><title>Apprenticeship Learning About Multiple Intentions.</title><venue>ICML</venue><pages>897-904</pages><year>2011</year><type>Conference and Workshop Papers</type><key>conf/icml/BabesMLS11</key><ee>https://icml.cc/2011/papers/478_icmlpaper.pdf</ee><url>https://dblp.org/rec/conf/icml/BabesMLS11</url></info>
<url>URL#3220432</url>
</hit>
<hit score="1" id="3220433">
<info><authors><author pid="30/10624">Simon Barthelmé</author><author pid="24/7601">Nicolas Chopin</author></authors><title>ABC-EP - Expectation Propagation for Likelihoodfree Bayesian Computation.</title><venue>ICML</venue><pages>289-296</pages><year>2011</year><type>Conference and Workshop Papers</type><key>conf/icml/BarthelmeC11</key><ee>https://icml.cc/2011/papers/217_icmlpaper.pdf</ee><url>https://dblp.org/rec/conf/icml/BarthelmeC11</url></info>
<url>URL#3220433</url>
</hit>
<hit score="1" id="3220434">
<info><authors><author pid="76/7404">Loris Bazzani</author><author pid="42/631">Nando de Freitas</author><author pid="86/3862">Hugo Larochelle</author><author pid="62/6790">Vittorio Murino</author><author pid="77/503">Jo-Anne Ting</author></authors><title>Learning attentional policies for tracking and recognition in video with deep networks.</title><venue>ICML</venue><pages>937-944</pages><year>2011</year><type>Conference and Workshop Papers</type><key>conf/icml/BazzaniFLMT11</key><ee>https://icml.cc/2011/papers/490_icmlpaper.pdf</ee><url>https://dblp.org/rec/conf/icml/BazzaniFLMT11</url></info>
<url>URL#3220434</url>
</hit>
<hit score="1" id="3220435">
<info><authors><author pid="38/1163">Wei Bi</author><author pid="k/JamesTinYauKwok">James T. Kwok</author></authors><title>MultiLabel Classification on Tree- and DAG-Structured Hierarchies.</title><venue>ICML</venue><pages>17-24</pages><year>2011</year><type>Conference and Workshop Papers</type><key>conf/icml/BiK11</key><ee>https://icml.cc/2011/papers/10_icmlpaper.pdf</ee><url>https://dblp.org/rec/conf/icml/BiK11</url></info>
<url>URL#3220435</url>
</hit>
<hit score="1" id="3220436">
<info><authors><author pid="21/1442">Joseph K. Bradley</author><author pid="42/8263">Aapo Kyrola</author><author pid="35/1070">Danny Bickson</author><author pid="38/769">Carlos Guestrin</author></authors><title>Parallel Coordinate Descent for L1-Regularized Loss Minimization.</title><venue>ICML</venue><pages>321-328</pages><year>2011</year><type>Conference and Workshop Papers</type><key>conf/icml/BradleyKBG11</key><ee>https://icml.cc/2011/papers/231_icmlpaper.pdf</ee><url>https://dblp.org/rec/conf/icml/BradleyKBG11</url></info>
<url>URL#3220436</url>
</hit>
<hit score="1" id="3220437">
<info><authors><author pid="40/10623">Céline Brouard</author><author pid="96/4104">Florence d&apos;Alché-Buc</author><author pid="07/3322">Marie Szafranski</author></authors><title>Semi-supervised Penalized Output Kernel Regression for Link Prediction.</title><venue>ICML</venue><pages>593-600</pages><year>2011</year><type>Conference and Workshop Papers</type><key>conf/icml/BrouarddS11</key><ee>https://icml.cc/2011/papers/367_icmlpaper.pdf</ee><url>https://dblp.org/rec/conf/icml/BrouarddS11</url></info>
<url>URL#3220437</url>
</hit>
<hit score="1" id="3220438">
<info><authors><author pid="20/1618">David Buffoni</author><author pid="125/1895">Clément Calauzènes</author><author pid="g/PatrickGallinari">Patrick Gallinari</author><author pid="79/3983">Nicolas Usunier</author></authors><title>Learning Scoring Functions with Order-Preserving Losses and Standardized Supervision.</title><venue>ICML</venue><pages>825-832</pages><year>2011</year><type>Conference and Workshop Papers</type><key>conf/icml/BuffoniCGU11</key><ee>https://icml.cc/2011/papers/447_icmlpaper.pdf</ee><url>https://dblp.org/rec/conf/icml/BuffoniCGU11</url></info>
<url>URL#3220438</url>
</hit>
<hit score="1" id="3220439">
<info><authors><author pid="09/1241">Tom Bylander</author></authors><title>Learning Linear Functions with Quadratic and Linear Multiplicative Updates.</title><venue>ICML</venue><pages>505-512</pages><year>2011</year><type>Conference and Workshop Papers</type><key>conf/icml/Bylander11</key><ee>https://icml.cc/2011/papers/339_icmlpaper.pdf</ee><url>https://dblp.org/rec/conf/icml/Bylander11</url></info>
<url>URL#3220439</url>
</hit>
<hit score="1" id="3220440">
<info><authors><author pid="46/127">Doran Chakraborty</author><author pid="s/PeterStone">Peter Stone</author></authors><title>Structure Learning in Ergodic Factored MDPs without Knowledge of the Transition Function&apos;s In-Degree.</title><venue>ICML</venue><pages>737-744</pages><year>2011</year><type>Conference and Workshop Papers</type><key>conf/icml/ChakrabortyS11</key><ee>https://icml.cc/2011/papers/418_icmlpaper.pdf</ee><url>https://dblp.org/rec/conf/icml/ChakrabortyS11</url></info>
<url>URL#3220440</url>
</hit>
<hit score="1" id="3220441">
<info><authors><author pid="50/10432">Haojun Chen</author><author pid="60/4397">David B. Dunson</author><author pid="23/2168">Lawrence Carin</author></authors><title>Topic Modeling with Nonparametric Markov Tree.</title><venue>ICML</venue><pages>377-384</pages><year>2011</year><type>Conference and Workshop Papers</type><key>conf/icml/ChenDC11</key><ee>https://icml.cc/2011/papers/262_icmlpaper.pdf</ee><url>https://dblp.org/rec/conf/icml/ChenDC11</url></info>
<url>URL#3220441</url>
</hit>
<hit score="1" id="3220442">
<info><authors><author pid="89/5615">Bo Chen</author><author pid="56/8108">Gungor Polatkan</author><author pid="82/5175">Guillermo Sapiro</author><author pid="60/4397">David B. Dunson</author><author pid="23/2168">Lawrence Carin</author></authors><title>The Hierarchical Beta Process for Convolutional Factor Analysis and Deep Learning.</title><venue>ICML</venue><pages>361-368</pages><year>2011</year><type>Conference and Workshop Papers</type><key>conf/icml/ChenPSDC11</key><ee>https://icml.cc/2011/papers/251_icmlpaper.pdf</ee><url>https://dblp.org/rec/conf/icml/ChenPSDC11</url></info>
<url>URL#3220442</url>
</hit>
<hit score="1" id="3220443">
<info><authors><author pid="78/4298">Minmin Chen</author><author pid="88/4801">Kilian Q. Weinberger</author><author pid="59/983">Yixin Chen</author></authors><title>Automatic Feature Decomposition for Single View Co-training.</title><venue>ICML</venue><pages>953-960</pages><year>2011</year><type>Conference and Workshop Papers</type><key>conf/icml/ChenWC11</key><ee>https://icml.cc/2011/papers/498_icmlpaper.pdf</ee><url>https://dblp.org/rec/conf/icml/ChenWC11</url></info>
<url>URL#3220443</url>
</hit>
<hit score="1" id="3220444">
<info><authors><author pid="15/1975-1">Yudong Chen 0001</author><author pid="35/2843">Huan Xu</author><author pid="96/5760">Constantine Caramanis</author><author pid="69/4911">Sujay Sanghavi</author></authors><title>Robust Matrix Completion and Corrupted Columns.</title><venue>ICML</venue><pages>873-880</pages><year>2011</year><type>Conference and Workshop Papers</type><key>conf/icml/ChenXCS11</key><ee>https://icml.cc/2011/papers/469_icmlpaper.pdf</ee><url>https://dblp.org/rec/conf/icml/ChenXCS11</url></info>
<url>URL#3220444</url>
</hit>
<hit score="1" id="3220445">
<info><authors><author pid="41/9736">KyungHyun Cho</author><author pid="50/6787">Tapani Raiko</author><author pid="85/5835">Alexander Ilin</author></authors><title>Enhanced Gradient and Adaptive Learning Rate for Training Restricted Boltzmann Machines.</title><venue>ICML</venue><pages>105-112</pages><year>2011</year><type>Conference and Workshop Papers</type><key>conf/icml/ChoRI11</key><ee>https://icml.cc/2011/papers/98_icmlpaper.pdf</ee><url>https://dblp.org/rec/conf/icml/ChoRI11</url></info>
<url>URL#3220445</url>
</hit>
<hit score="1" id="3220446">
<info><authors><author pid="21/165">Alexander Clark</author></authors><title>Inference of Inversion Transduction Grammars.</title><venue>ICML</venue><pages>201-208</pages><year>2011</year><type>Conference and Workshop Papers</type><key>conf/icml/Clark11</key><ee>https://icml.cc/2011/papers/175_icmlpaper.pdf</ee><url>https://dblp.org/rec/conf/icml/Clark11</url></info>
<url>URL#3220446</url>
</hit>
<hit score="1" id="3220447">
<info><authors><author pid="60/5515">Adam Coates</author><author pid="n/AndrewYNg">Andrew Y. Ng</author></authors><title>The Importance of Encoding Versus Training with Sparse Coding and Vector Quantization.</title><venue>ICML</venue><pages>921-928</pages><year>2011</year><type>Conference and Workshop Papers</type><key>conf/icml/CoatesN11</key><ee>https://icml.cc/2011/papers/485_icmlpaper.pdf</ee><url>https://dblp.org/rec/conf/icml/CoatesN11</url></info>
<url>URL#3220447</url>
</hit>
<hit score="1" id="3220448">
<info><authors><author pid="28/10623">Michele Cossalter</author><author pid="51/1293">Rong Yan</author><author pid="60/8208">Lu Zheng</author></authors><title>Adaptive Kernel Approximation for Large-Scale Non-Linear SVM Prediction.</title><venue>ICML</venue><pages>409-416</pages><year>2011</year><type>Conference and Workshop Papers</type><key>conf/icml/CossalterYZ11</key><ee>https://icml.cc/2011/papers/283_icmlpaper.pdf</ee><url>https://dblp.org/rec/conf/icml/CossalterYZ11</url></info>
<url>URL#3220448</url>
</hit>
<hit score="1" id="3220449">
<info><authors><author pid="56/1688">Aaron C. Courville</author><author pid="24/3129">James Bergstra</author><author pid="56/953">Yoshua Bengio</author></authors><title>Unsupervised Models of Images by Spikeand-Slab RBMs.</title><venue>ICML</venue><pages>1145-1152</pages><year>2011</year><type>Conference and Workshop Papers</type><key>conf/icml/CourvilleBB11</key><ee>https://icml.cc/2011/papers/591_icmlpaper.pdf</ee><url>https://dblp.org/rec/conf/icml/CourvilleBB11</url></info>
<url>URL#3220449</url>
</hit>
<hit score="1" id="3220450">
<info><authors><author pid="74/6961">Koby Crammer</author><author pid="56/5759">Claudio Gentile</author></authors><title>Multiclass Classification with Bandit Feedback using Adaptive Regularization.</title><venue>ICML</venue><pages>273-280</pages><year>2011</year><type>Conference and Workshop Papers</type><key>conf/icml/CrammerG11</key><ee>https://icml.cc/2011/papers/211_icmlpaper.pdf</ee><url>https://dblp.org/rec/conf/icml/CrammerG11</url></info>
<url>URL#3220450</url>
</hit>
<hit score="1" id="3220451">
<info><authors><author pid="85/5102">Marco Cuturi</author></authors><title>Fast Global Alignment Kernels.</title><venue>ICML</venue><pages>929-936</pages><year>2011</year><type>Conference and Workshop Papers</type><key>conf/icml/Cuturi11</key><ee>https://icml.cc/2011/papers/489_icmlpaper.pdf</ee><url>https://dblp.org/rec/conf/icml/Cuturi11</url></info>
<url>URL#3220451</url>
</hit>
<hit score="1" id="3220452">
<info><authors><author pid="83/6359">Abhimanyu Das</author><author pid="63/5749-1">David Kempe 0001</author></authors><title>Submodular meets Spectral - Greedy Algorithms for Subset Selection, Sparse Approximation and Dictionary Selection.</title><venue>ICML</venue><pages>1057-1064</pages><year>2011</year><type>Conference and Workshop Papers</type><key>conf/icml/DasK11</key><ee>https://icml.cc/2011/papers/542_icmlpaper.pdf</ee><url>https://dblp.org/rec/conf/icml/DasK11</url></info>
<url>URL#3220452</url>
</hit>
<hit score="1" id="3220453">
<info><authors><author pid="22/9988">Yann N. Dauphin</author><author pid="90/8576">Xavier Glorot</author><author pid="56/953">Yoshua Bengio</author></authors><title>Large-Scale Learning of Embeddings with Reconstruction Sampling.</title><venue>ICML</venue><pages>945-952</pages><year>2011</year><type>Conference and Workshop Papers</type><key>conf/icml/DauphinGB11</key><ee>https://icml.cc/2011/papers/491_icmlpaper.pdf</ee><url>https://dblp.org/rec/conf/icml/DauphinGB11</url></info>
<url>URL#3220453</url>
</hit>
<hit score="1" id="3220454">
<info><authors><author pid="76/5043">Marc Peter Deisenroth</author><author pid="83/5440">Carl Edward Rasmussen</author></authors><title>PILCO - A Model-Based and Data-Efficient Approach to Policy Search.</title><venue>ICML</venue><pages>465-472</pages><year>2011</year><type>Conference and Workshop Papers</type><key>conf/icml/DeisenrothR11</key><ee>https://icml.cc/2011/papers/323_icmlpaper.pdf</ee><url>https://dblp.org/rec/conf/icml/DeisenrothR11</url></info>
<url>URL#3220454</url>
</hit>
<hit score="1" id="3220455">
<info><authors><author pid="70/312">Ofer Dekel</author><author pid="g/RGiladBachrach">Ran Gilad-Bachrach</author><author pid="12/5897">Ohad Shamir</author><author pid="98/4025">Lin Xiao</author></authors><title>Optimal Distributed Online Prediction.</title><venue>ICML</venue><pages>713-720</pages><year>2011</year><type>Conference and Workshop Papers</type><key>conf/icml/DekelGSX11</key><ee>https://icml.cc/2011/papers/404_icmlpaper.pdf</ee><url>https://dblp.org/rec/conf/icml/DekelGSX11</url></info>
<url>URL#3220455</url>
</hit>
<hit score="1" id="3220456">
<info><authors><author pid="90/5161">Francesco Dinuzzo</author><author pid="58/2283">Cheng Soon Ong</author><author pid="78/1502">Peter V. Gehler</author><author pid="82/2008">Gianluigi Pillonetto</author></authors><title>Learning Output Kernels with Block Coordinate Descent.</title><venue>ICML</venue><pages>49-56</pages><year>2011</year><type>Conference and Workshop Papers</type><key>conf/icml/DinuzzoOGP11</key><ee>https://icml.cc/2011/papers/54_icmlpaper.pdf</ee><url>https://dblp.org/rec/conf/icml/DinuzzoOGP11</url></info>
<url>URL#3220456</url>
</hit>
<hit score="1" id="3220457">
<info><authors><author pid="64/7056">Finale Doshi</author><author pid="14/5737">David Wingate</author><author pid="t/JoshuaBTenenbaum">Joshua B. Tenenbaum</author><author pid="32/2668">Nicholas Roy</author></authors><title>Infinite Dynamic Bayesian Networks.</title><venue>ICML</venue><pages>913-920</pages><year>2011</year><type>Conference and Workshop Papers</type><key>conf/icml/DoshiWTR11</key><ee>https://icml.cc/2011/papers/483_icmlpaper.pdf</ee><url>https://dblp.org/rec/conf/icml/DoshiWTR11</url></info>
<url>URL#3220457</url>
</hit>
<hit score="1" id="3220458">
<info><authors><author pid="30/2146">Miroslav Dudík</author><author pid="77/4488">John Langford 0001</author><author pid="l/LihongLi">Lihong Li 0001</author></authors><title>Doubly Robust Policy Evaluation and Learning.</title><venue>ICML</venue><pages>1097-1104</pages><year>2011</year><type>Conference and Workshop Papers</type><key>conf/icml/DudikLL11</key><ee>https://icml.cc/2011/papers/554_icmlpaper.pdf</ee><url>https://dblp.org/rec/conf/icml/DudikLL11</url></info>
<url>URL#3220458</url>
</hit>
<hit score="1" id="3220459">
<info><authors><author pid="82/2305">Jacob Eisenstein</author><author pid="49/2951">Amr Ahmed</author><author pid="36/3855">Eric P. Xing</author></authors><title>Sparse Additive Generative Models of Text.</title><venue>ICML</venue><pages>1041-1048</pages><year>2011</year><type>Conference and Workshop Papers</type><key>conf/icml/EisensteinAX11</key><ee>https://icml.cc/2011/papers/534_icmlpaper.pdf</ee><url>https://dblp.org/rec/conf/icml/EisensteinAX11</url></info>
<url>URL#3220459</url>
</hit>
<hit score="1" id="3220460">
<info><authors><author pid="f/PeterAFlach">Peter A. Flach</author><author pid="h/JoseHernandezOrallo">José Hernández-Orallo</author><author pid="f/CesarFerri">Cèsar Ferri Ramirez</author></authors><title>A Coherent Interpretation of AUC as a Measure of Aggregated Classification Performance.</title><venue>ICML</venue><pages>657-664</pages><year>2011</year><type>Conference and Workshop Papers</type><key>conf/icml/FlachHR11</key><ee>https://icml.cc/2011/papers/385_icmlpaper.pdf</ee><url>https://dblp.org/rec/conf/icml/FlachHR11</url></info>
<url>URL#3220460</url>
</hit>
<hit score="1" id="3220461">
<info><authors><author pid="60/1691">Vojtech Franc</author><author pid="29/3337">Alexander Zien</author><author pid="97/119">Bernhard Schölkopf</author></authors><title>Support Vector Machines as Probabilistic Models.</title><venue>ICML</venue><pages>665-672</pages><year>2011</year><type>Conference and Workshop Papers</type><key>conf/icml/FrancZS11</key><ee>https://icml.cc/2011/papers/386_icmlpaper.pdf</ee><url>https://dblp.org/rec/conf/icml/FrancZS11</url></info>
<url>URL#3220461</url>
</hit>
<hit score="1" id="3220462">
<info><authors><author pid="48/7832">Victor Gabillon</author><author pid="36/321">Alessandro Lazaric</author><author pid="88/6389">Mohammad Ghavamzadeh</author><author pid="88/216">Bruno Scherrer</author></authors><title>Classification-based Policy Iteration with a Critic.</title><venue>ICML</venue><pages>1049-1056</pages><year>2011</year><type>Conference and Workshop Papers</type><key>conf/icml/GabillonLGS11</key><ee>https://icml.cc/2011/papers/541_icmlpaper.pdf</ee><url>https://dblp.org/rec/conf/icml/GabillonLGS11</url></info>
<url>URL#3220462</url>
</hit>
<hit score="1" id="3220463">
<info><authors><author pid="75/9989">Tianshi Gao</author><author pid="k/DaphneKoller">Daphne Koller</author></authors><title>Multiclass Boosting with Hinge Loss based on Output Coding.</title><venue>ICML</venue><pages>569-576</pages><year>2011</year><type>Conference and Workshop Papers</type><key>conf/icml/GaoK11</key><ee>https://icml.cc/2011/papers/356_icmlpaper.pdf</ee><url>https://dblp.org/rec/conf/icml/GaoK11</url></info>
<url>URL#3220463</url>
</hit>
<hit score="1" id="3220464">
<info><authors><author pid="44/7547">Dario García-García</author><author pid="06/1082">Ulrike von Luxburg</author><author pid="24/7253">Raúl Santos-Rodríguez</author></authors><title>Risk-Based Generalizations of f-divergences.</title><venue>ICML</venue><pages>417-424</pages><year>2011</year><type>Conference and Workshop Papers</type><key>conf/icml/Garcia-GarciaLS11</key><ee>https://icml.cc/2011/papers/288_icmlpaper.pdf</ee><url>https://dblp.org/rec/conf/icml/Garcia-GarciaLS11</url></info>
<url>URL#3220464</url>
</hit>
<hit score="1" id="3220465">
<info><authors><author pid="39/3250">Alborz Geramifard</author><author pid="64/7056">Finale Doshi</author><author pid="73/7034">Josh Redding</author><author pid="32/2668">Nicholas Roy</author><author pid="43/1256">Jonathan P. How</author></authors><title>Online Discovery of Feature Dependencies.</title><venue>ICML</venue><pages>881-888</pages><year>2011</year><type>Conference and Workshop Papers</type><key>conf/icml/GeramifardDRRH11</key><ee>https://icml.cc/2011/papers/473_icmlpaper.pdf</ee><url>https://dblp.org/rec/conf/icml/GeramifardDRRH11</url></info>
<url>URL#3220465</url>
</hit>
<hit score="1" id="3220466">
<info><authors><author pid="31/6421">Pascal Germain</author><author pid="59/6239">Alexandre Lacoste</author><author pid="29/718">François Laviolette</author><author pid="01/4590">Mario Marchand</author><author pid="65/4128">Sara Shanian</author></authors><title>A PAC-Bayes Sample-compression Approach to Kernel Methods.</title><venue>ICML</venue><pages>297-304</pages><year>2011</year><type>Conference and Workshop Papers</type><key>conf/icml/GermainLLMS11</key><ee>https://icml.cc/2011/papers/218_icmlpaper.pdf</ee><url>https://dblp.org/rec/conf/icml/GermainLLMS11</url></info>
<url>URL#3220466</url>
</hit>
<hit score="1" id="3220467">
<info><authors><author pid="35/5761">Sean Gerrish</author><author pid="86/1910">David M. Blei</author></authors><title>Predicting Legislative Roll Calls from Text.</title><venue>ICML</venue><pages>489-496</pages><year>2011</year><type>Conference and Workshop Papers</type><key>conf/icml/GerrishB11</key><ee>https://icml.cc/2011/papers/333_icmlpaper.pdf</ee><url>https://dblp.org/rec/conf/icml/GerrishB11</url></info>
<url>URL#3220467</url>
</hit>
<hit score="1" id="3220468">
<info><authors><author pid="88/6389">Mohammad Ghavamzadeh</author><author pid="36/321">Alessandro Lazaric</author><author pid="69/6815">Rémi Munos</author><author pid="92/794">Matthew W. Hoffman</author></authors><title>Finite-Sample Analysis of Lasso-TD.</title><venue>ICML</venue><pages>1177-1184</pages><year>2011</year><type>Conference and Workshop Papers</type><key>conf/icml/GhavamzadehLMH11</key><ee>https://icml.cc/2011/papers/601_icmlpaper.pdf</ee><url>https://dblp.org/rec/conf/icml/GhavamzadehLMH11</url></info>
<url>URL#3220468</url>
</hit>
<hit score="1" id="3220469">
<info><authors><author pid="90/8576">Xavier Glorot</author><author pid="49/4572">Antoine Bordes</author><author pid="56/953">Yoshua Bengio</author></authors><title>Domain Adaptation for Large-Scale Sentiment Classification - A Deep Learning Approach.</title><venue>ICML</venue><pages>513-520</pages><year>2011</year><type>Conference and Workshop Papers</type><key>conf/icml/GlorotBB11</key><ee>https://icml.cc/2011/papers/342_icmlpaper.pdf</ee><url>https://dblp.org/rec/conf/icml/GlorotBB11</url></info>
<url>URL#3220469</url>
</hit>
<hit score="1" id="3220470">
<info><authors><author pid="73/8260">Manuel Gomez-Rodriguez</author><author pid="63/9672">David Balduzzi</author><author pid="97/119">Bernhard Schölkopf</author></authors><title>Uncovering the Temporal Dynamics of Diffusion Networks.</title><venue>ICML</venue><pages>561-568</pages><year>2011</year><type>Conference and Workshop Papers</type><key>conf/icml/Gomez-RodriguezBS11</key><ee>https://icml.cc/2011/papers/354_icmlpaper.pdf</ee><url>https://dblp.org/rec/conf/icml/Gomez-RodriguezBS11</url></info>
<url>URL#3220470</url>
</hit>
<hit score="1" id="3220471">
<info><authors><author pid="89/1569">Stephen Gould</author></authors><title>Max-margin Learning for Lower Linear Envelope Potentials in Binary Markov Random Fields.</title><venue>ICML</venue><pages>193-200</pages><year>2011</year><type>Conference and Workshop Papers</type><key>conf/icml/Gould11</key><ee>https://icml.cc/2011/papers/171_icmlpaper.pdf</ee><url>https://dblp.org/rec/conf/icml/Gould11</url></info>
<url>URL#3220471</url>
</hit>
<hit score="1" id="3220472">
<info><authors><author pid="02/8412">Alexander Grubb</author><author pid="65/2021">Drew Bagnell</author></authors><title>Generalized Boosting Algorithms for Convex Optimization.</title><venue>ICML</venue><pages>1209-1216</pages><year>2011</year><type>Conference and Workshop Papers</type><key>conf/icml/GrubbB11</key><ee>https://icml.cc/2011/papers/626_icmlpaper.pdf</ee><url>https://dblp.org/rec/conf/icml/GrubbB11</url></info>
<url>URL#3220472</url>
</hit>
<hit score="1" id="3220473">
<info><authors><author pid="54/7820">Yue Guan</author><author pid="24/6000">Jennifer G. Dy</author><author pid="j/MichaelIJordan">Michael I. Jordan</author></authors><title>A Unified Probabilistic Model for Global and Local Unsupervised Feature Selection.</title><venue>ICML</venue><pages>1073-1080</pages><year>2011</year><type>Conference and Workshop Papers</type><key>conf/icml/GuanDJ11</key><ee>https://icml.cc/2011/papers/546_icmlpaper.pdf</ee><url>https://dblp.org/rec/conf/icml/GuanDJ11</url></info>
<url>URL#3220473</url>
</hit>
<hit score="1" id="3220474">
<info><authors><author pid="64/6229">Andrew Guillory</author><author pid="b/JeffABilmes">Jeff A. Bilmes</author></authors><title>Simultaneous Learning and Covering with Adversarial Noise.</title><venue>ICML</venue><pages>369-376</pages><year>2011</year><type>Conference and Workshop Papers</type><key>conf/icml/GuilloryB11</key><ee>https://icml.cc/2011/papers/261_icmlpaper.pdf</ee><url>https://dblp.org/rec/conf/icml/GuilloryB11</url></info>
<url>URL#3220474</url>
</hit>
<hit score="1" id="3220475">
<info><authors><author pid="14/9381">Lauren Hannah</author><author pid="60/4397">David B. Dunson</author></authors><title>Approximate Dynamic Programming for Storage Problems.</title><venue>ICML</venue><pages>337-344</pages><year>2011</year><type>Conference and Workshop Papers</type><key>conf/icml/HannahD11</key><ee>https://icml.cc/2011/papers/235_icmlpaper.pdf</ee><url>https://dblp.org/rec/conf/icml/HannahD11</url></info>
<url>URL#3220475</url>
</hit>
<hit score="1" id="3220476">
<info><authors><author pid="82/10624">Maayan Harel</author><author pid="20/1669">Shie Mannor</author></authors><title>Learning from Multiple Outlooks.</title><venue>ICML</venue><pages>401-408</pages><year>2011</year><type>Conference and Workshop Papers</type><key>conf/icml/HarelM11</key><ee>https://icml.cc/2011/papers/275_icmlpaper.pdf</ee><url>https://dblp.org/rec/conf/icml/HarelM11</url></info>
<url>URL#3220476</url>
</hit>
<hit score="1" id="3220477">
<info><authors><author pid="34/2685">Jingrui He</author><author pid="87/2593">Rick Lawrence</author></authors><title>A Graphbased Framework for Multi-Task Multi-View Learning.</title><venue>ICML</venue><pages>25-32</pages><year>2011</year><type>Conference and Workshop Papers</type><key>conf/icml/HeL11</key><ee>https://icml.cc/2011/papers/38_icmlpaper.pdf</ee><url>https://dblp.org/rec/conf/icml/HeL11</url></info>
<url>URL#3220477</url>
</hit>
<hit score="1" id="3220478">
<info><authors><author pid="10/1058">David P. Helmbold</author><author pid="66/5275">Philip M. Long</author></authors><title>On the Necessity of Irrelevant Variables.</title><venue>ICML</venue><pages>281-288</pages><year>2011</year><type>Conference and Workshop Papers</type><key>conf/icml/HelmboldL11</key><ee>https://icml.cc/2011/papers/216_icmlpaper.pdf</ee><url>https://dblp.org/rec/conf/icml/HelmboldL11</url></info>
<url>URL#3220478</url>
</hit>
<hit score="1" id="3220479">
<info><authors><author pid="h/JoseHernandezOrallo">José Hernández-Orallo</author><author pid="f/PeterAFlach">Peter A. Flach</author><author pid="f/CesarFerri">Cèsar Ferri Ramirez</author></authors><title>Brier Curves - a New Cost-Based Visualisation of Classifier Performance.</title><venue>ICML</venue><pages>585-592</pages><year>2011</year><type>Conference and Workshop Papers</type><key>conf/icml/Hernandez-OralloFR11</key><ee>https://icml.cc/2011/papers/366_icmlpaper.pdf</ee><url>https://dblp.org/rec/conf/icml/Hernandez-OralloFR11</url></info>
<url>URL#3220479</url>
</hit>
<hit score="1" id="3220480">
<info><authors><author pid="89/10624">Toby Hocking</author><author pid="v/JPVert">Jean-Philippe Vert</author><author pid="b/FrancisRBach">Francis R. Bach</author><author pid="68/8653">Armand Joulin</author></authors><title>Clusterpath - an Algorithm for Clustering using Convex Fusion Penalties.</title><venue>ICML</venue><pages>745-752</pages><year>2011</year><type>Conference and Workshop Papers</type><key>conf/icml/HockingVBJ11</key><ee>https://icml.cc/2011/papers/419_icmlpaper.pdf</ee><url>https://dblp.org/rec/conf/icml/HockingVBJ11</url></info>
<url>URL#3220480</url>
</hit>
<hit score="1" id="3220481">
<info><authors><author pid="47/8017">Enliang Hu</author><author pid="72/6811-22">Bo Wang 0022</author><author pid="60/5111">Songcan Chen</author></authors><title>BCDNPKL - Scalable Non-Parametric Kernel Learning Using Block Coordinate Descent.</title><venue>ICML</venue><pages>209-216</pages><year>2011</year><type>Conference and Workshop Papers</type><key>conf/icml/HuWC11</key><ee>https://icml.cc/2011/papers/176_icmlpaper.pdf</ee><url>https://dblp.org/rec/conf/icml/HuWC11</url></info>
<url>URL#3220481</url>
</hit>
<hit score="1" id="3220482">
<info><authors><author pid="82/2998">Elena Ikonomovska</author><author pid="g/JGama">João Gama 0001</author><author pid="47/666">Bernard Zenko</author><author pid="d/SasoDzeroski">Saso Dzeroski</author></authors><title>Speeding-Up Hoeffding-Based Regression Trees With Options.</title><venue>ICML</venue><pages>537-544</pages><year>2011</year><type>Conference and Workshop Papers</type><key>conf/icml/IkonomovskaGZD11</key><ee>https://icml.cc/2011/papers/349_icmlpaper.pdf</ee><url>https://dblp.org/rec/conf/icml/IkonomovskaGZD11</url></info>
<url>URL#3220482</url>
</hit>
<hit score="1" id="3220483">
<info><authors><author pid="25/2423">Ali Jalali</author><author pid="15/1975-1">Yudong Chen 0001</author><author pid="69/4911">Sujay Sanghavi</author><author pid="35/2843">Huan Xu</author></authors><title>Clustering Partially Observed Graphs via Convex Optimization.</title><venue>ICML</venue><pages>1001-1008</pages><year>2011</year><type>Conference and Workshop Papers</type><key>conf/icml/JalaliCSX11</key><ee>https://icml.cc/2011/papers/516_icmlpaper.pdf</ee><url>https://dblp.org/rec/conf/icml/JalaliCSX11</url></info>
<url>URL#3220483</url>
</hit>
<hit score="1" id="3220484">
<info><authors><author pid="32/9841">Pratik Jawanpuria</author><author pid="45/3130">Jagarlapudi Saketha Nath</author><author pid="r/GaneshRamakrishnan">Ganesh Ramakrishnan</author></authors><title>Efficient Rule Ensemble Learning using Hierarchical Kernels.</title><venue>ICML</venue><pages>161-168</pages><year>2011</year><type>Conference and Workshop Papers</type><key>conf/icml/JawanpuriaNR11</key><ee>https://icml.cc/2011/papers/143_icmlpaper.pdf</ee><url>https://dblp.org/rec/conf/icml/JawanpuriaNR11</url></info>
<url>URL#3220484</url>
</hit>
<hit score="1" id="3220485">
<info><authors><author pid="38/7003">Stefanie Jegelka</author><author pid="b/JeffABilmes">Jeff A. Bilmes</author></authors><title>Online Submodular Minimization for Combinatorial Structures.</title><venue>ICML</venue><pages>345-352</pages><year>2011</year><type>Conference and Workshop Papers</type><key>conf/icml/JegelkaB11</key><ee>https://icml.cc/2011/papers/237_icmlpaper.pdf</ee><url>https://dblp.org/rec/conf/icml/JegelkaB11</url></info>
<url>URL#3220485</url>
</hit>
<hit score="1" id="3220486">
<info><authors><author pid="38/7003">Stefanie Jegelka</author><author pid="b/JeffABilmes">Jeff A. Bilmes</author></authors><title>Approximation Bounds for Inference using Cooperative Cuts.</title><venue>ICML</venue><pages>577-584</pages><year>2011</year><type>Conference and Workshop Papers</type><key>conf/icml/JegelkaB11a</key><ee>https://icml.cc/2011/papers/358_icmlpaper.pdf</ee><url>https://dblp.org/rec/conf/icml/JegelkaB11a</url></info>
<url>URL#3220486</url>
</hit>
<hit score="1" id="3220487">
<info><authors><author pid="65/2596">Nikolay Jetchev</author><author pid="t/MarcToussaint">Marc Toussaint</author></authors><title>Task Space Retrieval Using Inverse Feedback Control.</title><venue>ICML</venue><pages>449-456</pages><year>2011</year><type>Conference and Workshop Papers</type><key>conf/icml/JetchevT11</key><ee>https://icml.cc/2011/papers/314_icmlpaper.pdf</ee><url>https://dblp.org/rec/conf/icml/JetchevT11</url></info>
<url>URL#3220487</url>
</hit>
<hit score="1" id="3220488">
<info><authors><author pid="66/3172">Yi Jiang</author><author pid="24/117">Jiangtao Ren</author></authors><title>Eigenvalue Sensitive Feature Selection.</title><venue>ICML</venue><pages>89-96</pages><year>2011</year><type>Conference and Workshop Papers</type><key>conf/icml/JiangR11</key><ee>https://icml.cc/2011/papers/83_icmlpaper.pdf</ee><url>https://dblp.org/rec/conf/icml/JiangR11</url></info>
<url>URL#3220488</url>
</hit>
<hit score="1" id="3220489">
<info><authors><author pid="15/3439">Álvaro Barbero Jiménez</author><author pid="90/930">Suvrit Sra</author></authors><title>Fast Newton-type Methods for Total Variation Regularization.</title><venue>ICML</venue><pages>313-320</pages><year>2011</year><type>Conference and Workshop Papers</type><key>conf/icml/JimenezS11</key><ee>https://icml.cc/2011/papers/226_icmlpaper.pdf</ee><url>https://dblp.org/rec/conf/icml/JimenezS11</url></info>
<url>URL#3220489</url>
</hit>
<hit score="1" id="3220490">
<info><authors><author pid="88/9175">Hachem Kadri</author><author pid="79/7420">Asma Rabaoui</author><author pid="16/4835">Philippe Preux</author><author pid="86/364">Emmanuel Duflos</author><author pid="50/9361">Alain Rakotomamonjy</author></authors><title>Functional Regularized Least Squares Classication with Operator-valued Kernels.</title><venue>ICML</venue><pages>993-1000</pages><year>2011</year><type>Conference and Workshop Papers</type><key>conf/icml/KadriRPDR11</key><ee>https://icml.cc/2011/papers/509_icmlpaper.pdf</ee><url>https://dblp.org/rec/conf/icml/KadriRPDR11</url></info>
<url>URL#3220490</url>
</hit>
<hit score="1" id="3220491">
<info><authors><author pid="55/4588">Hetunandan Kamisetty</author><author pid="36/3855">Eric P. Xing</author><author pid="19/1837">Christopher James Langmead</author></authors><title>Approximating Correlated Equilibria using Relaxations on the Marginal Polytope.</title><venue>ICML</venue><pages>1153-1160</pages><year>2011</year><type>Conference and Workshop Papers</type><key>conf/icml/KamisettyXL11</key><ee>https://icml.cc/2011/papers/594_icmlpaper.pdf</ee><url>https://dblp.org/rec/conf/icml/KamisettyXL11</url></info>
<url>URL#3220491</url>
</hit>
<hit score="1" id="3220492">
<info><authors><author pid="16/8502">Zhuoliang Kang</author><author pid="57/4553">Kristen Grauman</author><author pid="13/3601">Fei Sha</author></authors><title>Learning with Whom to Share in Multi-task Feature Learning.</title><venue>ICML</venue><pages>521-528</pages><year>2011</year><type>Conference and Workshop Papers</type><key>conf/icml/KangGS11</key><ee>https://icml.cc/2011/papers/344_icmlpaper.pdf</ee><url>https://dblp.org/rec/conf/icml/KangGS11</url></info>
<url>URL#3220492</url>
</hit>
<hit score="1" id="3220493">
<info><authors><author pid="23/5508">Masayuki Karasuyama</author><author pid="36/4181">Ichiro Takeuchi</author></authors><title>Suboptimal Solution Path Algorithm for Support Vector Machine.</title><venue>ICML</venue><pages>473-480</pages><year>2011</year><type>Conference and Workshop Papers</type><key>conf/icml/KarasuyamaT11</key><ee>https://icml.cc/2011/papers/326_icmlpaper.pdf</ee><url>https://dblp.org/rec/conf/icml/KarasuyamaT11</url></info>
<url>URL#3220493</url>
</hit>
<hit score="1" id="3220494">
<info><authors><author pid="88/1652">JooSeuk Kim</author><author pid="96/8859">Clayton D. Scott</author></authors><title>On the Robustness of Kernel Density M-Estimators.</title><venue>ICML</venue><pages>697-704</pages><year>2011</year><type>Conference and Workshop Papers</type><key>conf/icml/KimS11</key><ee>https://icml.cc/2011/papers/400_icmlpaper.pdf</ee><url>https://dblp.org/rec/conf/icml/KimS11</url></info>
<url>URL#3220494</url>
</hit>
<hit score="1" id="3220495">
<info><authors><author pid="03/11107">David A. Knowles</author><author pid="91/6785">Jurgen Van Gael</author><author pid="g/ZoubinGhahramani">Zoubin Ghahramani</author></authors><title>Message Passing Algorithms for the Dirichlet Diffusion Tree.</title><venue>ICML</venue><pages>721-728</pages><year>2011</year><type>Conference and Workshop Papers</type><key>conf/icml/KnowlesGG11</key><ee>https://icml.cc/2011/papers/410_icmlpaper.pdf</ee><url>https://dblp.org/rec/conf/icml/KnowlesGG11</url></info>
<url>URL#3220495</url>
</hit>
<hit score="1" id="3220496">
<info><authors><author pid="63/4977">Wojciech Kotlowski</author><author pid="91/3569">Krzysztof Dembczynski</author><author pid="h/EykeHullermeier">Eyke Hüllermeier</author></authors><title>Bipartite Ranking through Minimization of Univariate Loss.</title><venue>ICML</venue><pages>1113-1120</pages><year>2011</year><type>Conference and Workshop Papers</type><key>conf/icml/KotlowskiDH11</key><ee>https://icml.cc/2011/papers/567_icmlpaper.pdf</ee><url>https://dblp.org/rec/conf/icml/KotlowskiDH11</url></info>
<url>URL#3220496</url>
</hit>
<hit score="1" id="3220497">
<info><authors><author pid="04/9321">Samory Kpotufe</author><author pid="06/1082">Ulrike von Luxburg</author></authors><title>Pruning nearest neighbor cluster trees.</title><venue>ICML</venue><pages>225-232</pages><year>2011</year><type>Conference and Workshop Papers</type><key>conf/icml/KpotufeL11</key><ee>https://icml.cc/2011/papers/195_icmlpaper.pdf</ee><url>https://dblp.org/rec/conf/icml/KpotufeL11</url></info>
<url>URL#3220497</url>
</hit>
<hit score="1" id="3220498">
<info><authors><author pid="61/4512">Alex Kulesza</author><author pid="t/BenjaminTaskar">Ben Taskar</author></authors><title>k-DPPs - Fixed-Size Determinantal Point Processes.</title><venue>ICML</venue><pages>1193-1200</pages><year>2011</year><type>Conference and Workshop Papers</type><key>conf/icml/KuleszaT11</key><ee>https://icml.cc/2011/papers/611_icmlpaper.pdf</ee><url>https://dblp.org/rec/conf/icml/KuleszaT11</url></info>
<url>URL#3220498</url>
</hit>
<hit score="1" id="3220499">
<info><authors><author pid="67/6188-1">Abhishek Kumar 0001</author><author pid="77/2856">Hal Daumé III</author></authors><title>A Co-training Approach for Multi-view Spectral Clustering.</title><venue>ICML</venue><pages>393-400</pages><year>2011</year><type>Conference and Workshop Papers</type><key>conf/icml/KumarD11</key><ee>https://icml.cc/2011/papers/272_icmlpaper.pdf</ee><url>https://dblp.org/rec/conf/icml/KumarD11</url></info>
<url>URL#3220499</url>
</hit>
<hit score="1" id="3220500">
<info><authors><author pid="34/10624">Ankit Kuwadekar</author><author pid="n/JenniferNeville">Jennifer Neville</author></authors><title>Relational Active Learning for Joint Collective Classification Models.</title><venue>ICML</venue><pages>385-392</pages><year>2011</year><type>Conference and Workshop Papers</type><key>conf/icml/KuwadekarN11</key><ee>https://icml.cc/2011/papers/264_icmlpaper.pdf</ee><url>https://dblp.org/rec/conf/icml/KuwadekarN11</url></info>
<url>URL#3220500</url>
</hit>
<hit score="1" id="3220501">
<info><authors><author pid="44/4353">Lubor Ladicky</author><author pid="t/PhilipHSTorr">Philip H. S. Torr</author></authors><title>Locally Linear Support Vector Machines.</title><venue>ICML</venue><pages>985-992</pages><year>2011</year><type>Conference and Workshop Papers</type><key>conf/icml/LadickyT11</key><ee>https://icml.cc/2011/papers/508_icmlpaper.pdf</ee><url>https://dblp.org/rec/conf/icml/LadickyT11</url></info>
<url>URL#3220501</url>
</hit>
<hit score="1" id="3220502">
<info><authors><author pid="77/4660">Miguel Lázaro-Gredilla</author><author pid="19/5385">Michalis K. Titsias</author></authors><title>Variational Heteroscedastic Gaussian Process Regression.</title><venue>ICML</venue><pages>841-848</pages><year>2011</year><type>Conference and Workshop Papers</type><key>conf/icml/Lazaro-GredillaT11</key><ee>https://icml.cc/2011/papers/456_icmlpaper.pdf</ee><url>https://dblp.org/rec/conf/icml/Lazaro-GredillaT11</url></info>
<url>URL#3220502</url>
</hit>
<hit score="1" id="3220503">
<info><authors><author pid="29/6166">Quoc V. Le</author><author pid="72/8781">Jiquan Ngiam</author><author pid="60/5515">Adam Coates</author><author pid="85/10622">Ahbik Lahiri</author><author pid="19/10624">Bobby Prochnow</author><author pid="n/AndrewYNg">Andrew Y. Ng</author></authors><title>On optimization methods for deep learning.</title><venue>ICML</venue><pages>265-272</pages><year>2011</year><type>Conference and Workshop Papers</type><key>conf/icml/LeNCLPN11</key><ee>https://icml.cc/2011/papers/210_icmlpaper.pdf</ee><url>https://dblp.org/rec/conf/icml/LeNCLPN11</url></info>
<url>URL#3220503</url>
</hit>
<hit score="1" id="3220504">
<info><authors><author pid="20/6010-2">Sangkyun Lee 0002</author><author pid="w/StephenJWright">Stephen J. Wright</author></authors><title>Manifold Identification of Dual Averaging Methods for Regularized Stochastic Online Learning.</title><venue>ICML</venue><pages>1121-1128</pages><year>2011</year><type>Conference and Workshop Papers</type><key>conf/icml/LeeW11</key><ee>https://icml.cc/2011/papers/569_icmlpaper.pdf</ee><url>https://dblp.org/rec/conf/icml/LeeW11</url></info>
<url>URL#3220504</url>
</hit>
<hit score="1" id="3220505">
<info><authors><author pid="13/7007-5">Lei Li 0005</author><author pid="06/3956">B. Aditya Prakash</author></authors><title>Time Series Clustering - Complex is Simpler!</title><venue>ICML</venue><pages>185-192</pages><year>2011</year><type>Conference and Workshop Papers</type><key>conf/icml/LiP11</key><ee>https://icml.cc/2011/papers/159_icmlpaper.pdf</ee><url>https://dblp.org/rec/conf/icml/LiP11</url></info>
<url>URL#3220505</url>
</hit>
<hit score="1" id="3220506">
<info><authors><author pid="57/413">Yu-Feng Li</author><author pid="z/ZhiHuaZhou">Zhi-Hua Zhou</author></authors><title>Towards Making Unlabeled Data Never Hurt.</title><venue>ICML</venue><pages>1081-1088</pages><year>2011</year><type>Conference and Workshop Papers</type><key>conf/icml/LiZ11</key><ee>https://icml.cc/2011/papers/548_icmlpaper.pdf</ee><url>https://dblp.org/rec/conf/icml/LiZ11</url></info>
<url>URL#3220506</url>
</hit>
<hit score="1" id="3220507">
<info><authors><author pid="88/9874-2">Lingbo Li 0002</author><author pid="61/6343">Mingyuan Zhou</author><author pid="82/5175">Guillermo Sapiro</author><author pid="23/2168">Lawrence Carin</author></authors><title>On the Integration of Topic Modeling and Dictionary Learning.</title><venue>ICML</venue><pages>625-632</pages><year>2011</year><type>Conference and Workshop Papers</type><key>conf/icml/LiZSC11</key><ee>https://icml.cc/2011/papers/375_icmlpaper.pdf</ee><url>https://dblp.org/rec/conf/icml/LiZSC11</url></info>
<url>URL#3220507</url>
</hit>
<hit score="1" id="3220508">
<info><authors><author pid="61/3234-1">Qiang Liu 0001</author><author pid="39/1313">Alexander T. Ihler</author></authors><title>Bounding the Partition Function using Holder&apos;s Inequality.</title><venue>ICML</venue><pages>849-856</pages><year>2011</year><type>Conference and Workshop Papers</type><key>conf/icml/LiuI11</key><ee>https://icml.cc/2011/papers/459_icmlpaper.pdf</ee><url>https://dblp.org/rec/conf/icml/LiuI11</url></info>
<url>URL#3220508</url>
</hit>
<hit score="1" id="3220509">
<info><authors><author pid="60/6348-1">Miao Liu 0001</author><author pid="34/2569">Xuejun Liao</author><author pid="23/2168">Lawrence Carin</author></authors><title>The Infinite Regionalized Policy Representation.</title><venue>ICML</venue><pages>769-776</pages><year>2011</year><type>Conference and Workshop Papers</type><key>conf/icml/LiuLC11</key><ee>https://icml.cc/2011/papers/427_icmlpaper.pdf</ee><url>https://dblp.org/rec/conf/icml/LiuLC11</url></info>
<url>URL#3220509</url>
</hit>
<hit score="1" id="3220510">
<info><authors><author pid="49/3283-5">Wei Liu 0005</author><author pid="w/JunWang6">Jun Wang 0006</author><author pid="66/6804">Sanjiv Kumar</author><author pid="c/ShihFuChang">Shih-Fu Chang</author></authors><title>Hashing with Graphs.</title><venue>ICML</venue><pages>1-8</pages><year>2011</year><type>Conference and Workshop Papers</type><key>conf/icml/LiuWKC11</key><ee>https://icml.cc/2011/papers/6_icmlpaper.pdf</ee><url>https://dblp.org/rec/conf/icml/LiuWKC11</url></info>
<url>URL#3220510</url>
</hit>
<hit score="1" id="3220511">
<info><authors><author pid="77/2582">Tyler Lu</author><author pid="10/3411">Craig Boutilier</author></authors><title>Learning Mallows Models with Pairwise Preferences.</title><venue>ICML</venue><pages>145-152</pages><year>2011</year><type>Conference and Workshop Papers</type><key>conf/icml/LuB11</key><ee>https://icml.cc/2011/papers/135_icmlpaper.pdf</ee><url>https://dblp.org/rec/conf/icml/LuB11</url></info>
<url>URL#3220511</url>
</hit>
<hit score="1" id="3220512">
<info><authors><author pid="47/2883">Dijun Luo</author><author pid="d/CHQDing">Chris H. Q. Ding</author><author pid="80/5755">Feiping Nie 0001</author><author pid="03/281">Heng Huang</author></authors><title>Cauchy Graph Embedding.</title><venue>ICML</venue><pages>553-560</pages><year>2011</year><type>Conference and Workshop Papers</type><key>conf/icml/LuoDNH11</key><ee>https://icml.cc/2011/papers/353_icmlpaper.pdf</ee><url>https://dblp.org/rec/conf/icml/LuoDNH11</url></info>
<url>URL#3220512</url>
</hit>
<hit score="1" id="3220513">
<info><authors><author pid="53/2650">Laurens van der Maaten</author></authors><title>Learning Discriminative Fisher Kernels.</title><venue>ICML</venue><pages>217-224</pages><year>2011</year><type>Conference and Workshop Papers</type><key>conf/icml/Maaten11</key><ee>https://icml.cc/2011/papers/178_icmlpaper.pdf</ee><url>https://dblp.org/rec/conf/icml/Maaten11</url></info>
<url>URL#3220513</url>
</hit>
<hit score="1" id="3220514">
<info><authors><author pid="65/10622">Pierre Machart</author><author pid="13/10453">Thomas Peel</author><author pid="04/401">Sandrine Anthoine</author><author pid="85/4157">Liva Ralaivola</author><author pid="95/3400">Hervé Glotin</author></authors><title>Stochastic Low-Rank Kernel Learning for Regression.</title><venue>ICML</venue><pages>969-976</pages><year>2011</year><type>Conference and Workshop Papers</type><key>conf/icml/MachartPARG11</key><ee>https://icml.cc/2011/papers/505_icmlpaper.pdf</ee><url>https://dblp.org/rec/conf/icml/MachartPARG11</url></info>
<url>URL#3220514</url>
</hit>
<hit score="1" id="3220515">
<info><authors><author pid="10/6978">Michael W. Mahoney</author><author pid="32/4340">Lorenzo Orecchia</author></authors><title>Implementing regularization implicitly via approximate eigenvector computation.</title><venue>ICML</venue><pages>121-128</pages><year>2011</year><type>Conference and Workshop Papers</type><key>conf/icml/MahoneyO11</key><ee>https://icml.cc/2011/papers/120_icmlpaper.pdf</ee><url>https://dblp.org/rec/conf/icml/MahoneyO11</url></info>
<url>URL#3220515</url>
</hit>
<hit score="1" id="3220516">
<info><authors><author pid="20/1669">Shie Mannor</author><author pid="00/4563">John N. Tsitsiklis</author></authors><title>Mean-Variance Optimization in Markov Decision Processes.</title><venue>ICML</venue><pages>177-184</pages><year>2011</year><type>Conference and Workshop Papers</type><key>conf/icml/MannorT11</key><ee>https://icml.cc/2011/papers/156_icmlpaper.pdf</ee><url>https://dblp.org/rec/conf/icml/MannorT11</url></info>
<url>URL#3220516</url>
</hit>
<hit score="1" id="3220517">
<info><authors><author pid="03/7058">Benjamin M. Marlin</author><author pid="58/10432">Mohammad Emtiyaz Khan</author><author pid="26/2599">Kevin P. Murphy</author></authors><title>Piecewise Bounds for Estimating Bernoulli-Logistic Latent Gaussian Models.</title><venue>ICML</venue><pages>633-640</pages><year>2011</year><type>Conference and Workshop Papers</type><key>conf/icml/MarlinKM11</key><ee>https://icml.cc/2011/papers/376_icmlpaper.pdf</ee><url>https://dblp.org/rec/conf/icml/MarlinKM11</url></info>
<url>URL#3220517</url>
</hit>
<hit score="1" id="3220518">
<info><authors><author pid="12/8412">James Martens</author><author pid="60/5276">Ilya Sutskever</author></authors><title>Learning Recurrent Neural Networks with Hessian-Free Optimization.</title><venue>ICML</venue><pages>1033-1040</pages><year>2011</year><type>Conference and Workshop Papers</type><key>conf/icml/MartensS11</key><ee>https://icml.cc/2011/papers/532_icmlpaper.pdf</ee><url>https://dblp.org/rec/conf/icml/MartensS11</url></info>
<url>URL#3220518</url>
</hit>
<hit score="1" id="3220519">
<info><authors><author pid="m/AndreFTMartins">André F. T. Martins</author><author pid="f/MarioATFigueiredo">Mário A. T. Figueiredo</author><author pid="53/6053">Pedro M. Q. Aguiar</author><author pid="90/5204">Noah A. Smith</author><author pid="36/3855">Eric P. Xing</author></authors><title>An Augmented Lagrangian Approach to Constrained MAP Inference.</title><venue>ICML</venue><pages>169-176</pages><year>2011</year><type>Conference and Workshop Papers</type><key>conf/icml/MartinsFASX11</key><ee>https://icml.cc/2011/papers/150_icmlpaper.pdf</ee><url>https://dblp.org/rec/conf/icml/MartinsFASX11</url></info>
<url>URL#3220519</url>
</hit>
<hit score="1" id="3220520">
<info><authors><author pid="38/8263">Gilles Meyer</author><author pid="78/7143">Silvere Bonnabel</author><author pid="54/461">Rodolphe Sepulchre</author></authors><title>Linear Regression under Fixed-Rank Constraints - A Riemannian Approach.</title><venue>ICML</venue><pages>545-552</pages><year>2011</year><type>Conference and Workshop Papers</type><key>conf/icml/MeyerBS11</key><ee>https://icml.cc/2011/papers/350_icmlpaper.pdf</ee><url>https://dblp.org/rec/conf/icml/MeyerBS11</url></info>
<url>URL#3220520</url>
</hit>
<hit score="1" id="3220521">
<info><authors><author pid="87/2093">Ha Quang Minh</author><author pid="26/4825">Vikas Sindhwani</author></authors><title>Vector-valued Manifold Regularization.</title><venue>ICML</venue><pages>57-64</pages><year>2011</year><type>Conference and Workshop Papers</type><key>conf/icml/MinhS11</key><ee>https://icml.cc/2011/papers/60_icmlpaper.pdf</ee><url>https://dblp.org/rec/conf/icml/MinhS11</url></info>
<url>URL#3220521</url>
</hit>
<hit score="1" id="3220522">
<info><authors><author pid="84/2510">Kiyohito Nagano</author><author pid="09/4700">Yoshinobu Kawahara</author><author pid="25/6773">Kazuyuki Aihara</author></authors><title>Size-constrained Submodular Minimization through Minimum Norm Base.</title><venue>ICML</venue><pages>977-984</pages><year>2011</year><type>Conference and Workshop Papers</type><key>conf/icml/NaganoKA11</key><ee>https://icml.cc/2011/papers/506_icmlpaper.pdf</ee><url>https://dblp.org/rec/conf/icml/NaganoKA11</url></info>
<url>URL#3220522</url>
</hit>
<hit score="1" id="3220523">
<info><authors><author pid="97/6115">Shinichi Nakajima</author><author pid="35/1228">Masashi Sugiyama</author><author pid="34/7011">S. Derin Babacan</author></authors><title>On Bayesian PCA - Automatic Dimensionality Selection and Analytic Solution.</title><venue>ICML</venue><pages>497-504</pages><year>2011</year><type>Conference and Workshop Papers</type><key>conf/icml/NakajimaSB11</key><ee>https://icml.cc/2011/papers/337_icmlpaper.pdf</ee><url>https://dblp.org/rec/conf/icml/NakajimaSB11</url></info>
<url>URL#3220523</url>
</hit>
<hit score="1" id="3220524">
<info><authors><author pid="60/4878">Gerhard Neumann</author></authors><title>Variational Inference for Policy Search in changing situations.</title><venue>ICML</venue><pages>817-824</pages><year>2011</year><type>Conference and Workshop Papers</type><key>conf/icml/Neumann11</key><ee>https://icml.cc/2011/papers/441_icmlpaper.pdf</ee><url>https://dblp.org/rec/conf/icml/Neumann11</url></info>
<url>URL#3220524</url>
</hit>
<hit score="1" id="3220525">
<info><authors><author pid="72/8781">Jiquan Ngiam</author><author pid="88/10451">Zhenghao Chen</author><author pid="10/10453">Pang Wei Koh</author><author pid="n/AndrewYNg">Andrew Y. Ng</author></authors><title>Learning Deep Energy Models.</title><venue>ICML</venue><pages>1105-1112</pages><year>2011</year><type>Conference and Workshop Papers</type><key>conf/icml/NgiamCKN11</key><ee>https://icml.cc/2011/papers/557_icmlpaper.pdf</ee><url>https://dblp.org/rec/conf/icml/NgiamCKN11</url></info>
<url>URL#3220525</url>
</hit>
<hit score="1" id="3220526">
<info><authors><author pid="72/8781">Jiquan Ngiam</author><author pid="01/8315">Aditya Khosla</author><author pid="64/10624">Mingyu Kim</author><author pid="16/8308">Juhan Nam</author><author pid="58/2562">Honglak Lee</author><author pid="n/AndrewYNg">Andrew Y. Ng</author></authors><title>Multimodal Deep Learning.</title><venue>ICML</venue><pages>689-696</pages><year>2011</year><type>Conference and Workshop Papers</type><key>conf/icml/NgiamKKNLN11</key><ee>https://icml.cc/2011/papers/399_icmlpaper.pdf</ee><url>https://dblp.org/rec/conf/icml/NgiamKKNLN11</url></info>
<url>URL#3220526</url>
</hit>
<hit score="1" id="3220527">
<info><authors><author pid="83/10622">Maximilian Nickel</author><author pid="t/VolkerTresp">Volker Tresp</author><author pid="k/HansPeterKriegel">Hans-Peter Kriegel</author></authors><title>A Three-Way Model for Collective Learning on Multi-Relational Data.</title><venue>ICML</venue><pages>809-816</pages><year>2011</year><type>Conference and Workshop Papers</type><key>conf/icml/NickelTK11</key><ee>https://icml.cc/2011/papers/438_icmlpaper.pdf</ee><url>https://dblp.org/rec/conf/icml/NickelTK11</url></info>
<url>URL#3220527</url>
</hit>
<hit score="1" id="3220528">
<info><authors><author pid="50/1870">Sergey I. Nikolenko</author><author pid="97/10623">Alexander Sirotkin 0001</author></authors><title>A New Bayesian Rating System for Team Competitions.</title><venue>ICML</venue><pages>601-608</pages><year>2011</year><type>Conference and Workshop Papers</type><key>conf/icml/NikolenkoS11</key><ee>https://icml.cc/2011/papers/371_icmlpaper.pdf</ee><url>https://dblp.org/rec/conf/icml/NikolenkoS11</url></info>
<url>URL#3220528</url>
</hit>
<hit score="1" id="3220529">
<info><authors><author pid="n/RichardNock">Richard Nock</author><author pid="39/450">Brice Magdalou</author><author pid="53/5124">Eric Briys</author><author pid="n/FrankNielsen">Frank Nielsen</author></authors><title>On tracking portfolios with certainty equivalents on a generalization of Markowitz model - the Fool, the Wise and the Adaptive.</title><venue>ICML</venue><pages>73-80</pages><year>2011</year><type>Conference and Workshop Papers</type><key>conf/icml/NockMBN11</key><ee>https://icml.cc/2011/papers/63_icmlpaper.pdf</ee><url>https://dblp.org/rec/conf/icml/NockMBN11</url></info>
<url>URL#3220529</url>
</hit>
<hit score="1" id="3220530">
<info><authors><author pid="12/7659-2">Mohammad Norouzi 0002</author><author pid="07/2099">David J. Fleet</author></authors><title>Minimal Loss Hashing for Compact Binary Codes.</title><venue>ICML</venue><pages>353-360</pages><year>2011</year><type>Conference and Workshop Papers</type><key>conf/icml/NorouziF11</key><ee>https://icml.cc/2011/papers/246_icmlpaper.pdf</ee><url>https://dblp.org/rec/conf/icml/NorouziF11</url></info>
<url>URL#3220530</url>
</hit>
<hit score="1" id="3220531">
<info><authors><author pid="80/3790">Francesco Orabona</author><author pid="c/NicoloCesaBianchi">Nicolò Cesa-Bianchi</author></authors><title>Better Algorithms for Selective Sampling.</title><venue>ICML</venue><pages>433-440</pages><year>2011</year><type>Conference and Workshop Papers</type><key>conf/icml/OrabonaC11</key><ee>https://icml.cc/2011/papers/306_icmlpaper.pdf</ee><url>https://dblp.org/rec/conf/icml/OrabonaC11</url></info>
<url>URL#3220531</url>
</hit>
<hit score="1" id="3220532">
<info><authors><author pid="80/3790">Francesco Orabona</author><author pid="29/186">Jie Luo</author></authors><title>Ultra-Fast Optimization Algorithm for Sparse Multi Kernel Learning.</title><venue>ICML</venue><pages>249-256</pages><year>2011</year><type>Conference and Workshop Papers</type><key>conf/icml/OrabonaL11</key><ee>https://icml.cc/2011/papers/205_icmlpaper.pdf</ee><url>https://dblp.org/rec/conf/icml/OrabonaL11</url></info>
<url>URL#3220532</url>
</hit>
<hit score="1" id="3220533">
<info><authors><author pid="97/7035">John W. Paisley</author><author pid="23/2168">Lawrence Carin</author><author pid="86/1910">David M. Blei</author></authors><title>Variational Inference for Stick-Breaking Beta Process Priors.</title><venue>ICML</venue><pages>889-896</pages><year>2011</year><type>Conference and Workshop Papers</type><key>conf/icml/PaisleyCB11</key><ee>https://icml.cc/2011/papers/475_icmlpaper.pdf</ee><url>https://dblp.org/rec/conf/icml/PaisleyCB11</url></info>
<url>URL#3220533</url>
</hit>
<hit score="1" id="3220534">
<info><authors><author pid="80/8411">Ankur P. Parikh</author><author pid="94/3481">Le Song</author><author pid="36/3855">Eric P. Xing</author></authors><title>A Spectral Algorithm for Latent Tree Graphical Models.</title><venue>ICML</venue><pages>1065-1072</pages><year>2011</year><type>Conference and Workshop Papers</type><key>conf/icml/ParikhSX11</key><ee>https://icml.cc/2011/papers/545_icmlpaper.pdf</ee><url>https://dblp.org/rec/conf/icml/ParikhSX11</url></info>
<url>URL#3220534</url>
</hit>
<hit score="1" id="3220535">
<info><authors><author pid="88/7057">Jason Pazis</author><author pid="26/4670">Ronald Parr</author></authors><title>Generalized Value Functions for Large Action Sets.</title><venue>ICML</venue><pages>1185-1192</pages><year>2011</year><type>Conference and Workshop Papers</type><key>conf/icml/PazisP11</key><ee>https://icml.cc/2011/papers/609_icmlpaper.pdf</ee><url>https://dblp.org/rec/conf/icml/PazisP11</url></info>
<url>URL#3220535</url>
</hit>
<hit score="1" id="3220536">
<info><authors><author pid="29/4181-1">Jian Peng 0001</author><author pid="36/5041">Tamir Hazan</author><author pid="m/DavidAMcAllester">David A. McAllester</author><author pid="u/RaquelUrtasun">Raquel Urtasun</author></authors><title>Convex Max-Product over Compact Sets for Protein Folding.</title><venue>ICML</venue><pages>729-736</pages><year>2011</year><type>Conference and Workshop Papers</type><key>conf/icml/PengHMU11</key><ee>https://icml.cc/2011/papers/413_icmlpaper.pdf</ee><url>https://dblp.org/rec/conf/icml/PengHMU11</url></info>
<url>URL#3220536</url>
</hit>
<hit score="1" id="3220537">
<info><authors><author pid="13/2050">Brian Potetz</author></authors><title>Estimating the Bayes Point Using Linear Knapsack Problems.</title><venue>ICML</venue><pages>257-264</pages><year>2011</year><type>Conference and Workshop Papers</type><key>conf/icml/Potetz11</key><ee>https://icml.cc/2011/papers/208_icmlpaper.pdf</ee><url>https://dblp.org/rec/conf/icml/Potetz11</url></info>
<url>URL#3220537</url>
</hit>
<hit score="1" id="3220538">
<info><authors><author pid="06/580">Novi Quadrianto</author><author pid="67/2136">Christoph H. Lampert</author></authors><title>Learning Multi-View Neighborhood Preserving Projections.</title><venue>ICML</venue><pages>425-432</pages><year>2011</year><type>Conference and Workshop Papers</type><key>conf/icml/QuadriantoL11</key><ee>https://icml.cc/2011/papers/304_icmlpaper.pdf</ee><url>https://dblp.org/rec/conf/icml/QuadriantoL11</url></info>
<url>URL#3220538</url>
</hit>
<hit score="1" id="3220539">
<info><authors><author pid="02/525">Piyush Rai</author><author pid="77/2856">Hal Daumé III</author></authors><title>Beam Search based MAP Estimates for the Indian Buffet Process.</title><venue>ICML</venue><pages>705-712</pages><year>2011</year><type>Conference and Workshop Papers</type><key>conf/icml/RaiD11</key><ee>https://icml.cc/2011/papers/401_icmlpaper.pdf</ee><url>https://dblp.org/rec/conf/icml/RaiD11</url></info>
<url>URL#3220539</url>
</hit>
<hit score="1" id="3220540">
<info><authors><author pid="00/6247">Lev Reyzin</author></authors><title>Boosting on a Budget - Sampling for Feature-Efficient Prediction.</title><venue>ICML</venue><pages>529-536</pages><year>2011</year><type>Conference and Workshop Papers</type><key>conf/icml/Reyzin11</key><ee>https://icml.cc/2011/papers/348_icmlpaper.pdf</ee><url>https://dblp.org/rec/conf/icml/Reyzin11</url></info>
<url>URL#3220540</url>
</hit>
<hit score="1" id="3220541">
<info><authors><author pid="04/8577">Salah Rifai</author><author pid="43/861">Pascal Vincent</author><author pid="17/8577">Xavier Muller</author><author pid="90/8576">Xavier Glorot</author><author pid="56/953">Yoshua Bengio</author></authors><title>Contractive Auto-Encoders - Explicit Invariance During Feature Extraction.</title><venue>ICML</venue><pages>833-840</pages><year>2011</year><type>Conference and Workshop Papers</type><key>conf/icml/RifaiVMGB11</key><ee>https://icml.cc/2011/papers/455_icmlpaper.pdf</ee><url>https://dblp.org/rec/conf/icml/RifaiVMGB11</url></info>
<url>URL#3220541</url>
</hit>
<hit score="1" id="3220542">
<info><authors><author pid="62/10623">Sylvain Robbiano</author><author pid="85/6714">Stéphan Clémençon</author></authors><title>Minimax Learning Rates for Bipartite Ranking and Plug-in Rules.</title><venue>ICML</venue><pages>441-448</pages><year>2011</year><type>Conference and Workshop Papers</type><key>conf/icml/RobbianoC11</key><ee>https://icml.cc/2011/papers/312_icmlpaper.pdf</ee><url>https://dblp.org/rec/conf/icml/RobbianoC11</url></info>
<url>URL#3220542</url>
</hit>
<hit score="1" id="3220543">
<info><authors><author pid="70/10622">Jean-Francis Roy</author><author pid="29/718">François Laviolette</author><author pid="01/4590">Mario Marchand</author></authors><title>From PAC-Bayes Bounds to Quadratic Programs for Majority Votes.</title><venue>ICML</venue><pages>649-656</pages><year>2011</year><type>Conference and Workshop Papers</type><key>conf/icml/RoyLM11</key><ee>https://icml.cc/2011/papers/379_icmlpaper.pdf</ee><url>https://dblp.org/rec/conf/icml/RoyLM11</url></info>
<url>URL#3220543</url>
</hit>
<hit score="1" id="3220544">
<info><authors><author pid="39/6894">Andrew M. Saxe</author><author pid="10/10453">Pang Wei Koh</author><author pid="88/10451">Zhenghao Chen</author><author pid="04/10624">Maneesh Bhand</author><author pid="93/9962">Bipin Suresh</author><author pid="n/AndrewYNg">Andrew Y. Ng</author></authors><title>On Random Weights and Unsupervised Feature Learning.</title><venue>ICML</venue><pages>1089-1096</pages><year>2011</year><type>Conference and Workshop Papers</type><key>conf/icml/SaxeKCBSN11</key><ee>https://icml.cc/2011/papers/551_icmlpaper.pdf</ee><url>https://dblp.org/rec/conf/icml/SaxeKCBSN11</url></info>
<url>URL#3220544</url>
</hit>
<hit score="1" id="3220545">
<info><authors><author pid="96/8859">Clayton Scott</author></authors><title>Surrogate losses and regret bounds for cost-sensitive classification with example-dependent costs.</title><venue>ICML</venue><pages>153-160</pages><year>2011</year><type>Conference and Workshop Papers</type><key>conf/icml/Scott11</key><ee>https://icml.cc/2011/papers/138_icmlpaper.pdf</ee><url>https://dblp.org/rec/conf/icml/Scott11</url></info>
<url>URL#3220545</url>
</hit>
<hit score="1" id="3220546">
<info><authors><author pid="95/2750">Shai Shalev-Shwartz</author><author pid="04/9828">Alon Gonen</author><author pid="12/5897">Ohad Shamir</author></authors><title>Large-Scale Convex Minimization with a Low-Rank Constraint.</title><venue>ICML</venue><pages>329-336</pages><year>2011</year><type>Conference and Workshop Papers</type><key>conf/icml/Shalev-ShwartzGS11</key><ee>https://icml.cc/2011/papers/232_icmlpaper.pdf</ee><url>https://dblp.org/rec/conf/icml/Shalev-ShwartzGS11</url></info>
<url>URL#3220546</url>
</hit>
<hit score="1" id="3220547">
<info><authors><author pid="29/10623">Albert Shieh</author><author pid="66/7232">Tatsunori B. Hashimoto</author><author pid="a/EdoardoAiroldi">Edoardo M. Airoldi</author></authors><title>Tree preserving embedding.</title><venue>ICML</venue><pages>753-760</pages><year>2011</year><type>Conference and Workshop Papers</type><key>conf/icml/ShiehHA11</key><ee>https://icml.cc/2011/papers/421_icmlpaper.pdf</ee><url>https://dblp.org/rec/conf/icml/ShiehHA11</url></info>
<url>URL#3220547</url>
</hit>
<hit score="1" id="3220548">
<info><authors><author pid="72/6313">Kilho Shin</author><author pid="85/5102">Marco Cuturi</author><author pid="43/3007">Tetsuji Kuboyama</author></authors><title>Mapping kernels for trees.</title><venue>ICML</venue><pages>961-968</pages><year>2011</year><type>Conference and Workshop Papers</type><key>conf/icml/ShinCK11</key><ee>https://icml.cc/2011/papers/503_icmlpaper.pdf</ee><url>https://dblp.org/rec/conf/icml/ShinCK11</url></info>
<url>URL#3220548</url>
</hit>
<hit score="1" id="3220549">
<info><authors><author pid="82/6573">Kevin Small</author><author pid="00/8247">Byron C. Wallace</author><author pid="24/1941">Carla E. Brodley</author><author pid="82/8254">Thomas A. Trikalinos</author></authors><title>The Constrained Weight Space SVM - Learning with Ranked Features.</title><venue>ICML</venue><pages>865-872</pages><year>2011</year><type>Conference and Workshop Papers</type><key>conf/icml/SmallWBT11</key><ee>https://icml.cc/2011/papers/465_icmlpaper.pdf</ee><url>https://dblp.org/rec/conf/icml/SmallWBT11</url></info>
<url>URL#3220549</url>
</hit>
<hit score="1" id="3220550">
<info><authors><author pid="79/128">Richard Socher</author><author pid="31/7450">Cliff Chiung-Yu Lin</author><author pid="n/AndrewYNg">Andrew Y. Ng</author><author pid="m/ChristopherDManning">Christopher D. Manning</author></authors><title>Parsing Natural Scenes and Natural Language with Recursive Neural Networks.</title><venue>ICML</venue><pages>129-136</pages><year>2011</year><type>Conference and Workshop Papers</type><key>conf/icml/SocherLNM11</key><ee>https://icml.cc/2011/papers/125_icmlpaper.pdf</ee><url>https://dblp.org/rec/conf/icml/SocherLNM11</url></info>
<url>URL#3220550</url>
</hit>
<hit score="1" id="3220551">
<info><authors><author pid="51/7117">Jascha Sohl-Dickstein</author><author pid="50/7117">Peter Battaglino</author><author pid="44/10997">Michael Robert DeWeese</author></authors><title>Minimum Probability Flow Learning.</title><venue>ICML</venue><pages>905-912</pages><year>2011</year><type>Conference and Workshop Papers</type><key>conf/icml/Sohl-DicksteinBD11</key><ee>https://icml.cc/2011/papers/480_icmlpaper.pdf</ee><url>https://dblp.org/rec/conf/icml/Sohl-DicksteinBD11</url></info>
<url>URL#3220551</url>
</hit>
<hit score="1" id="3220552">
<info><authors><author pid="18/4952">Jiang Su</author><author pid="84/10623">Jelber Sayyad Shirab</author><author pid="m/StanMatwin">Stan Matwin</author></authors><title>Large Scale Text Classification using Semisupervised Multinomial Naive Bayes.</title><venue>ICML</venue><pages>97-104</pages><year>2011</year><type>Conference and Workshop Papers</type><key>conf/icml/SuSM11</key><ee>https://icml.cc/2011/papers/93_icmlpaper.pdf</ee><url>https://dblp.org/rec/conf/icml/SuSM11</url></info>
<url>URL#3220552</url>
</hit>
<hit score="1" id="3220553">
<info><authors><author pid="35/1228">Masashi Sugiyama</author><author pid="56/4937">Makoto Yamada</author><author pid="66/2623">Manabu Kimura</author><author pid="75/2801">Hirotaka Hachiya</author></authors><title>On Information-Maximization Clustering - Tuning Parameter Selection and Analytic Solution.</title><venue>ICML</venue><pages>65-72</pages><year>2011</year><type>Conference and Workshop Papers</type><key>conf/icml/SugiyamaYKH11</key><ee>https://icml.cc/2011/papers/61_icmlpaper.pdf</ee><url>https://dblp.org/rec/conf/icml/SugiyamaYKH11</url></info>
<url>URL#3220553</url>
</hit>
<hit score="1" id="3220554">
<info><authors><author pid="03/7746">Arvind K. Sujeeth</author><author pid="21/276">HyoukJoong Lee</author><author pid="30/9116">Kevin J. Brown</author><author pid="19/7373">Tiark Rompf</author><author pid="94/3582">Hassan Chafi</author><author pid="74/4000">Michael Wu</author><author pid="11/933">Anand R. Atreya</author><author pid="o/MartinOdersky">Martin Odersky</author><author pid="o/KunleOlukotun">Kunle Olukotun</author></authors><title>OptiML - An Implicitly Parallel Domain-Specific Language for Machine Learning.</title><venue>ICML</venue><pages>609-616</pages><year>2011</year><type>Conference and Workshop Papers</type><key>conf/icml/SujeethLBRCWAOO11</key><ee>https://icml.cc/2011/papers/373_icmlpaper.pdf</ee><url>https://dblp.org/rec/conf/icml/SujeethLBRCWAOO11</url></info>
<url>URL#3220554</url>
</hit>
<hit score="1" id="3220555">
<info><authors><author pid="65/2709-3">Yi Sun 0003</author><author pid="73/5325">Faustino J. Gomez</author><author pid="75/6510">Mark B. Ring</author><author pid="s/JurgenSchmidhuber">Jürgen Schmidhuber</author></authors><title>Incremental Basis Construction from Temporal Difference Error.</title><venue>ICML</venue><pages>481-488</pages><year>2011</year><type>Conference and Workshop Papers</type><key>conf/icml/SunGRS11</key><ee>https://icml.cc/2011/papers/330_icmlpaper.pdf</ee><url>https://dblp.org/rec/conf/icml/SunGRS11</url></info>
<url>URL#3220555</url>
</hit>
<hit score="1" id="3220556">
<info><authors><author pid="60/5276">Ilya Sutskever</author><author pid="12/8412">James Martens</author><author pid="10/3248">Geoffrey E. Hinton</author></authors><title>Generating Text with Recurrent Neural Networks.</title><venue>ICML</venue><pages>1017-1024</pages><year>2011</year><type>Conference and Workshop Papers</type><key>conf/icml/SutskeverMH11</key><ee>https://icml.cc/2011/papers/524_icmlpaper.pdf</ee><url>https://dblp.org/rec/conf/icml/SutskeverMH11</url></info>
<url>URL#3220556</url>
</hit>
<hit score="1" id="3220557">
<info><authors><author pid="35/9381">Kevin Swersky</author><author pid="28/1732">Marc&apos;Aurelio Ranzato</author><author pid="27/10623">David Buchman</author><author pid="03/7058">Benjamin M. Marlin</author><author pid="42/631">Nando de Freitas</author></authors><title>On Autoencoders and Score Matching for Energy Based Models.</title><venue>ICML</venue><pages>1201-1208</pages><year>2011</year><type>Conference and Workshop Papers</type><key>conf/icml/SwerskyRBMF11</key><ee>https://icml.cc/2011/papers/622_icmlpaper.pdf</ee><url>https://dblp.org/rec/conf/icml/SwerskyRBMF11</url></info>
<url>URL#3220557</url>
</hit>
<hit score="1" id="3220558">
<info><authors><author pid="49/10622">Aviv Tamar</author><author pid="72/538">Dotan Di Castro</author><author pid="m/RonMeir">Ron Meir</author></authors><title>Integrating Partial Model Knowledge in Model Free RL Algorithms.</title><venue>ICML</venue><pages>305-312</pages><year>2011</year><type>Conference and Workshop Papers</type><key>conf/icml/TamarCM11</key><ee>https://icml.cc/2011/papers/222_icmlpaper.pdf</ee><url>https://dblp.org/rec/conf/icml/TamarCM11</url></info>
<url>URL#3220558</url>
</hit>
<hit score="1" id="3220559">
<info><authors><author pid="15/7867">Omer Tamuz</author><author pid="61/3937">Ce Liu</author><author pid="b/SJBelongie">Serge J. Belongie</author><author pid="12/5897">Ohad Shamir</author><author pid="k/AdamTaumanKalai">Adam Kalai</author></authors><title>Adaptively Learning the Crowd Kernel.</title><venue>ICML</venue><pages>673-680</pages><year>2011</year><type>Conference and Workshop Papers</type><key>conf/icml/TamuzLBSK11</key><ee>https://icml.cc/2011/papers/395_icmlpaper.pdf</ee><url>https://dblp.org/rec/conf/icml/TamuzLBSK11</url></info>
<url>URL#3220559</url>
</hit>
<hit score="1" id="3220560">
<info><authors><author pid="79/5873">Daniel Tarlow</author><author pid="67/6586">Dhruv Batra</author><author pid="94/248">Pushmeet Kohli</author><author pid="89/3764">Vladimir Kolmogorov</author></authors><title>Dynamic Tree Block Coordinate Ascent.</title><venue>ICML</venue><pages>113-120</pages><year>2011</year><type>Conference and Workshop Papers</type><key>conf/icml/TarlowBKK11</key><ee>https://icml.cc/2011/papers/108_icmlpaper.pdf</ee><url>https://dblp.org/rec/conf/icml/TarlowBKK11</url></info>
<url>URL#3220560</url>
</hit>
<hit score="1" id="3220561">
<info><authors><author pid="46/11107">Philip S. Thomas</author><author pid="a/AndrewGBarto">Andrew G. Barto</author></authors><title>Conjugate Markov Decision Processes.</title><venue>ICML</venue><pages>137-144</pages><year>2011</year><type>Conference and Workshop Papers</type><key>conf/icml/ThomasB11</key><ee>https://icml.cc/2011/papers/134_icmlpaper.pdf</ee><url>https://dblp.org/rec/conf/icml/ThomasB11</url></info>
<url>URL#3220561</url>
</hit>
<hit score="1" id="3220562">
<info><authors><author pid="68/8050">Ruth Urner</author><author pid="95/2750">Shai Shalev-Shwartz</author><author pid="15/6319">Shai Ben-David</author></authors><title>Access to Unlabeled Data can Speed up Prediction Time.</title><venue>ICML</venue><pages>641-648</pages><year>2011</year><type>Conference and Workshop Papers</type><key>conf/icml/UrnerSB11</key><ee>https://icml.cc/2011/papers/378_icmlpaper.pdf</ee><url>https://dblp.org/rec/conf/icml/UrnerSB11</url></info>
<url>URL#3220562</url>
</hit>
<hit score="1" id="3220563">
<info><authors><author pid="29/2216">Daniel Vainsencher</author><author pid="70/312">Ofer Dekel</author><author pid="20/1669">Shie Mannor</author></authors><title>Bundle Selling by Online Estimation of Valuation Functions.</title><venue>ICML</venue><pages>1137-1144</pages><year>2011</year><type>Conference and Workshop Papers</type><key>conf/icml/VainsencherDM11</key><ee>https://icml.cc/2011/papers/582_icmlpaper.pdf</ee><url>https://dblp.org/rec/conf/icml/VainsencherDM11</url></info>
<url>URL#3220563</url>
</hit>
<hit score="1" id="3220564">
<info><authors><author pid="59/1062">Andrea Vattani</author><author pid="c/DeepayanChakrabarti">Deepayan Chakrabarti</author><author pid="18/4925">Maxim Gurevich</author></authors><title>Preserving Personalized Pagerank in Subgraphs.</title><venue>ICML</venue><pages>793-800</pages><year>2011</year><type>Conference and Workshop Papers</type><key>conf/icml/VattaniCG11</key><ee>https://icml.cc/2011/papers/434_icmlpaper.pdf</ee><url>https://dblp.org/rec/conf/icml/VattaniCG11</url></info>
<url>URL#3220564</url>
</hit>
<hit score="1" id="3220565">
<info><authors><author pid="41/4262">Seppo Virtanen</author><author pid="21/5316">Arto Klami</author><author pid="64/5826">Samuel Kaski</author></authors><title>Bayesian CCA via Group Sparsity.</title><venue>ICML</venue><pages>457-464</pages><year>2011</year><type>Conference and Workshop Papers</type><key>conf/icml/VirtanenKK11</key><ee>https://icml.cc/2011/papers/318_icmlpaper.pdf</ee><url>https://dblp.org/rec/conf/icml/VirtanenKK11</url></info>
<url>URL#3220565</url>
</hit>
<hit score="1" id="3220566">
<info><authors><author pid="117/3547">Duy Quang Vu</author><author pid="78/2352">Arthur U. Asuncion</author><author pid="74/7958">David R. Hunter</author><author pid="s/PadhraicSmyth">Padhraic Smyth</author></authors><title>Dynamic Egocentric Models for Citation Networks.</title><venue>ICML</venue><pages>857-864</pages><year>2011</year><type>Conference and Workshop Papers</type><key>conf/icml/VuAHS11</key><ee>https://icml.cc/2011/papers/464_icmlpaper.pdf</ee><url>https://dblp.org/rec/conf/icml/VuAHS11</url></info>
<url>URL#3220566</url>
</hit>
<hit score="1" id="3220567">
<info><authors><author pid="96/4074">Kevin Waugh</author><author pid="39/10481">Brian D. Ziebart</author><author pid="65/2021">Drew Bagnell</author></authors><title>Computational Rationalization - The Inverse Equilibrium Problem.</title><venue>ICML</venue><pages>1169-1176</pages><year>2011</year><type>Conference and Workshop Papers</type><key>conf/icml/WaughZB11</key><ee>https://icml.cc/2011/papers/599_icmlpaper.pdf</ee><url>https://dblp.org/rec/conf/icml/WaughZB11</url></info>
<url>URL#3220567</url>
</hit>
<hit score="1" id="3220568">
<info><authors><author pid="16/2286">Max Welling</author><author pid="88/2483">Yee Whye Teh</author></authors><title>Bayesian Learning via Stochastic Gradient Langevin Dynamics.</title><venue>ICML</venue><pages>681-688</pages><year>2011</year><type>Conference and Workshop Papers</type><key>conf/icml/WellingT11</key><ee>https://icml.cc/2011/papers/398_icmlpaper.pdf</ee><url>https://dblp.org/rec/conf/icml/WellingT11</url></info>
<url>URL#3220568</url>
</hit>
<hit score="1" id="3220569">
<info><authors><author pid="61/1370">Michael L. Wick</author><author pid="40/2169">Khashayar Rohanimanesh</author><author pid="42/5376">Kedar Bellare</author><author pid="17/551">Aron Culotta</author><author pid="m/AndrewMcCallum">Andrew McCallum</author></authors><title>SampleRank - Training Factor Graphs with Atomic Gradients.</title><venue>ICML</venue><pages>777-784</pages><year>2011</year><type>Conference and Workshop Papers</type><key>conf/icml/WickRBCM11</key><ee>https://icml.cc/2011/papers/428_icmlpaper.pdf</ee><url>https://dblp.org/rec/conf/icml/WickRBCM11</url></info>
<url>URL#3220569</url>
</hit>
<hit score="1" id="3220570">
<info><authors><author pid="98/4025">Lin Xiao</author><author pid="29/6597">Dengyong Zhou</author><author pid="70/213">Mingrui Wu</author></authors><title>Hierarchical Classification via Orthogonal Transfer.</title><venue>ICML</venue><pages>801-808</pages><year>2011</year><type>Conference and Workshop Papers</type><key>conf/icml/XiaoZW11</key><ee>https://icml.cc/2011/papers/437_icmlpaper.pdf</ee><url>https://dblp.org/rec/conf/icml/XiaoZW11</url></info>
<url>URL#3220570</url>
</hit>
<hit score="1" id="3220571">
<info><authors><author pid="13/3953">Yan Yan</author><author pid="75/4261">Rómer Rosales</author><author pid="02/271">Glenn Fung</author><author pid="24/6000">Jennifer G. Dy</author></authors><title>Active Learning from Crowds.</title><venue>ICML</venue><pages>1161-1168</pages><year>2011</year><type>Conference and Workshop Papers</type><key>conf/icml/YanRFD11</key><ee>https://icml.cc/2011/papers/596_icmlpaper.pdf</ee><url>https://dblp.org/rec/conf/icml/YanRFD11</url></info>
<url>URL#3220571</url>
</hit>
<hit score="1" id="3220572">
<info><authors><author pid="96/2621">Eunho Yang</author><author pid="94/3594">Pradeep Ravikumar</author></authors><title>On the Use of Variational Inference for Learning Discrete Graphical Model.</title><venue>ICML</venue><pages>1009-1016</pages><year>2011</year><type>Conference and Workshop Papers</type><key>conf/icml/YangR11</key><ee>https://icml.cc/2011/papers/518_icmlpaper.pdf</ee><url>https://dblp.org/rec/conf/icml/YangR11</url></info>
<url>URL#3220572</url>
</hit>
<hit score="1" id="3220573">
<info><authors><author pid="66/2155">Jia Yuan Yu</author><author pid="20/1669">Shie Mannor</author></authors><title>Unimodal Bandits.</title><venue>ICML</venue><pages>41-48</pages><year>2011</year><type>Conference and Workshop Papers</type><key>conf/icml/YuM11</key><ee>https://icml.cc/2011/papers/50_icmlpaper.pdf</ee><url>https://dblp.org/rec/conf/icml/YuM11</url></info>
<url>URL#3220573</url>
</hit>
<hit score="1" id="3220574">
<info><authors><author pid="28/1244">Yisong Yue</author><author pid="j/ThorstenJoachims">Thorsten Joachims</author></authors><title>Beat the Mean Bandit.</title><venue>ICML</venue><pages>241-248</pages><year>2011</year><type>Conference and Workshop Papers</type><key>conf/icml/YueJ11</key><ee>https://icml.cc/2011/papers/200_icmlpaper.pdf</ee><url>https://dblp.org/rec/conf/icml/YueJ11</url></info>
<url>URL#3220574</url>
</hit>
<hit score="1" id="3220575">
<info><authors><author pid="51/10623">XianXing Zhang</author><author pid="60/4397">David B. Dunson</author><author pid="23/2168">Lawrence Carin</author></authors><title>Tree-Structured Infinite Sparse Factor Model.</title><venue>ICML</venue><pages>785-792</pages><year>2011</year><type>Conference and Workshop Papers</type><key>conf/icml/ZhangDC11</key><ee>https://icml.cc/2011/papers/432_icmlpaper.pdf</ee><url>https://dblp.org/rec/conf/icml/ZhangDC11</url></info>
<url>URL#3220575</url>
</hit>
<hit score="1" id="3220576">
<info><authors><author pid="84/8411">Peilin Zhao</author><author pid="h/StevenCHHoi">Steven C. H. Hoi</author><author pid="j/RongJin">Rong Jin</author><author pid="56/7047">Tianbao Yang</author></authors><title>Online AUC Maximization.</title><venue>ICML</venue><pages>233-240</pages><year>2011</year><type>Conference and Workshop Papers</type><key>conf/icml/ZhaoHJY11</key><ee>https://icml.cc/2011/papers/198_icmlpaper.pdf</ee><url>https://dblp.org/rec/conf/icml/ZhaoHJY11</url></info>
<url>URL#3220576</url>
</hit>
<hit score="1" id="3220577">
<info><authors><author pid="81/8863">Wenliang Zhong</author><author pid="k/JamesTinYauKwok">James T. Kwok</author></authors><title>Efficient Sparse Modeling with Automatic Feature Grouping.</title><venue>ICML</venue><pages>9-16</pages><year>2011</year><type>Conference and Workshop Papers</type><key>conf/icml/ZhongK11</key><ee>https://icml.cc/2011/papers/9_icmlpaper.pdf</ee><url>https://dblp.org/rec/conf/icml/ZhongK11</url></info>
<url>URL#3220577</url>
</hit>
<hit score="1" id="3220578">
<info><authors><author pid="88/8205">Tianyi Zhou</author><author pid="46/3391">Dacheng Tao</author></authors><title>GoDec - Randomized Lowrank &amp; Sparse Matrix Decomposition in Noisy Case.</title><venue>ICML</venue><pages>33-40</pages><year>2011</year><type>Conference and Workshop Papers</type><key>conf/icml/ZhouT11</key><ee>https://icml.cc/2011/papers/41_icmlpaper.pdf</ee><url>https://dblp.org/rec/conf/icml/ZhouT11</url></info>
<url>URL#3220578</url>
</hit>
<hit score="1" id="3220579">
<info><authors><author pid="50/2644-1">Jun Zhu 0001</author><author pid="56/1670-2">Ning Chen 0002</author><author pid="36/3855">Eric P. Xing</author></authors><title>Infinite SVM - a Dirichlet Process Mixture of Large-margin Kernel Machines.</title><venue>ICML</venue><pages>617-624</pages><year>2011</year><type>Conference and Workshop Papers</type><key>conf/icml/ZhuCX11</key><ee>https://icml.cc/2011/papers/374_icmlpaper.pdf</ee><url>https://dblp.org/rec/conf/icml/ZhuCX11</url></info>
<url>URL#3220579</url>
</hit>
<hit score="1" id="3290196">
<info><authors><author pid="g/LiseGetoor">Lise Getoor</author><author pid="s/TobiasScheffer">Tobias Scheffer</author></authors><title>Proceedings of the 28th International Conference on Machine Learning, ICML 2011, Bellevue, Washington, USA, June 28 - July 2, 2011</title><venue>ICML</venue><publisher>Omnipress</publisher><year>2011</year><type>Editorship</type><key>conf/icml/2011</key><url>https://dblp.org/rec/conf/icml/2011</url></info>
<url>URL#3290196</url>
</hit>
</hits>
</result>
