<?xml version="1.0" encoding="UTF-8"?>
<result>
<query id="287070">:facetid:toc:db\"/\"journals\"/\"jmlr\"/\"jmlrp14\".\"bht</query>
<status code="200">OK</status>
<time unit="msecs">108.51</time>
<completions total="1" computed="1" sent="1">
<c sc="8" dc="8" oc="8" id="18295784">:facetid:toc:db/journals/jmlr/jmlrp14.bht</c>
</completions>
<hits total="8" computed="8" sent="8" first="0">
<hit score="1" id="3296673">
<info><authors><author pid="b/ChristopherJCBurges">Christopher J. C. Burges</author><author pid="s/KMSvore">Krysta M. Svore</author><author pid="33/6188">Paul N. Bennett</author><author pid="03/9382">Andrzej Pastusiak</author><author pid="87/2533">Qiang Wu</author></authors><title>Learning to Rank Using an Ensemble of Lambda-Gradient Models.</title><venue>Yahoo Learning to Rank Challenge</venue><pages>25-35</pages><year>2011</year><type>Conference and Workshop Papers</type><key>journals/jmlr/BurgesSBPW11</key><ee>http://proceedings.mlr.press/v14/burges11a.html</ee><url>https://dblp.org/rec/journals/jmlr/BurgesSBPW11</url></info>
<url>URL#3296673</url>
</hit>
<hit score="1" id="3296674">
<info><authors><author pid="69/4876">Róbert Busa-Fekete</author><author pid="k/BalazsKegl">Balázs Kégl</author><author pid="18/2239">Tamás Éltetö</author><author pid="39/6822">György Szarvas</author></authors><title>Ranking by calibrated AdaBoost.</title><venue>Yahoo Learning to Rank Challenge</venue><pages>37-48</pages><year>2011</year><type>Conference and Workshop Papers</type><key>journals/jmlr/Busa-FeketeKES11</key><ee>http://proceedings.mlr.press/v14/busa-fekete11a.html</ee><url>https://dblp.org/rec/journals/jmlr/Busa-FeketeKES11</url></info>
<url>URL#3296674</url>
</hit>
<hit score="1" id="3296678">
<info><authors><author pid="05/6290">Olivier Chapelle</author><author pid="02/5438">Yi Chang 0001</author></authors><title>Yahoo! Learning to Rank Challenge Overview.</title><venue>Yahoo Learning to Rank Challenge</venue><pages>1-24</pages><year>2011</year><type>Conference and Workshop Papers</type><key>journals/jmlr/ChapelleC11</key><ee>http://proceedings.mlr.press/v14/chapelle11a.html</ee><url>https://dblp.org/rec/journals/jmlr/ChapelleC11</url></info>
<url>URL#3296678</url>
</hit>
<hit score="1" id="3296679">
<info><authors><author pid="05/6290">Olivier Chapelle</author><author pid="02/5438">Yi Chang 0001</author><author pid="l/TieYanLiu">Tie-Yan Liu</author></authors><title>Future directions in learning to rank.</title><venue>Yahoo Learning to Rank Challenge</venue><pages>91-100</pages><year>2011</year><type>Conference and Workshop Papers</type><key>journals/jmlr/ChapelleCL11</key><ee>http://proceedings.mlr.press/v14/chapelle11b.html</ee><url>https://dblp.org/rec/journals/jmlr/ChapelleCL11</url></info>
<url>URL#3296679</url>
</hit>
<hit score="1" id="3296715">
<info><authors><author pid="69/4142">Pierre Geurts</author><author pid="05/9382">Gilles Louppe</author></authors><title>Learning to rank with extremely randomized trees.</title><venue>Yahoo Learning to Rank Challenge</venue><pages>49-61</pages><year>2011</year><type>Conference and Workshop Papers</type><key>journals/jmlr/GeurtsL11</key><ee>http://proceedings.mlr.press/v14/geurts11a.html</ee><url>https://dblp.org/rec/journals/jmlr/GeurtsL11</url></info>
<url>URL#3296715</url>
</hit>
<hit score="1" id="3296721">
<info><authors><author pid="88/9381">Andrey Gulin</author><author pid="72/1834">Igor Kuralenok</author><author pid="53/37">Dmitry Pavlov</author></authors><title>Winning The Transfer Learning Track of Yahoo!&apos;s Learning To Rank Challenge with YetiRank.</title><venue>Yahoo Learning to Rank Challenge</venue><pages>63-76</pages><year>2011</year><type>Conference and Workshop Papers</type><key>journals/jmlr/GulinKP11</key><ee>http://proceedings.mlr.press/v14/gulin11a.html</ee><url>https://dblp.org/rec/journals/jmlr/GulinKP11</url></info>
<url>URL#3296721</url>
</hit>
<hit score="1" id="3296773">
<info><authors><author pid="94/9381">Ananth Mohan</author><author pid="33/2592">Zheng Chen</author><author pid="88/4801">Kilian Q. Weinberger</author></authors><title>Web-Search Ranking with Initialized Gradient Boosted Regression Trees.</title><venue>Yahoo Learning to Rank Challenge</venue><pages>77-89</pages><year>2011</year><type>Conference and Workshop Papers</type><key>journals/jmlr/MohanCW11</key><ee>http://proceedings.mlr.press/v14/mohan11a.html</ee><url>https://dblp.org/rec/journals/jmlr/MohanCW11</url></info>
<url>URL#3296773</url>
</hit>
<hit score="1" id="3301574">
<info><authors><author pid="05/6290">Olivier Chapelle</author><author pid="02/5438">Yi Chang 0001</author><author pid="l/TieYanLiu">Tie-Yan Liu</author></authors><title>Proceedings of the Yahoo! Learning to Rank Challenge, held at ICML 2010, Haifa, Israel, June 25, 2010</title><venue>Yahoo Learning to Rank Challenge</venue><venue>JMLR Proceedings</venue><volume>14</volume><publisher>JMLR.org</publisher><year>2011</year><type>Editorship</type><key>conf/icml/2010ltr</key><ee>http://proceedings.mlr.press/v14/</ee><url>https://dblp.org/rec/conf/icml/2010ltr</url></info>
<url>URL#3301574</url>
</hit>
</hits>
</result>
