<?xml version="1.0" encoding="UTF-8"?>
<result>
<query id="287528">:facetid:toc:db\"/\"conf\"/\"icml\"/\"mud2015\".\"bht</query>
<status code="200">OK</status>
<time unit="msecs">102.49</time>
<completions total="1" computed="1" sent="1">
<c sc="17" dc="17" oc="17" id="18239710">:facetid:toc:db/conf/icml/mud2015.bht</c>
</completions>
<hits total="17" computed="17" sent="17" first="0">
<hit score="1" id="2143772">
<info><authors><author pid="c/BChidlovskii">Boris Chidlovskii</author></authors><title>Improved Trip Planning by Learning from Travelers&apos; Choices.</title><venue>MUD@ICML</venue><pages>17-26</pages><year>2015</year><type>Conference and Workshop Papers</type><key>conf/icml/Chidlovskii15</key><ee>http://ceur-ws.org/Vol-1392/paper-03.pdf</ee><url>https://dblp.org/rec/conf/icml/Chidlovskii15</url></info>
<url>URL#2143772</url>
</hit>
<hit score="1" id="2143795">
<info><authors><author pid="f/StefanFunke">Stefan Funke</author><author pid="198/1371">Robin Schirrmeister</author><author pid="74/9877">Sabine Storandt</author></authors><title>Automatic Extrapolation of Missing Road Network Data in OpenStreetMap.</title><venue>MUD@ICML</venue><pages>27-35</pages><year>2015</year><type>Conference and Workshop Papers</type><key>conf/icml/FunkeSS15</key><ee>http://ceur-ws.org/Vol-1392/paper-04.pdf</ee><url>https://dblp.org/rec/conf/icml/FunkeSS15</url></info>
<url>URL#2143795</url>
</hit>
<hit score="1" id="2143798">
<info><authors><author pid="g/AvigdorGal">Avigdor Gal</author><author pid="51/817">Avishai Mandelbaum</author><author pid="18/9854">François Schnitzler</author><author pid="146/4547">Arik Senderovich</author><author pid="61/267">Matthias Weidlich</author></authors><title>On Predicting Traveling Times in Scheduled Transportation (Extended Abstract).</title><venue>MUD@ICML</venue><pages>88-89</pages><year>2015</year><type>Conference and Workshop Papers</type><key>conf/icml/GalMSSW15</key><ee>http://ceur-ws.org/Vol-1392/paper-13.pdf</ee><url>https://dblp.org/rec/conf/icml/GalMSSW15</url></info>
<url>URL#2143798</url>
</hit>
<hit score="1" id="2143858">
<info><authors><author pid="25/6745">Ioannis Katakis</author><author pid="18/9854">François Schnitzler</author><author pid="94/3226">Thomas Liebig</author></authors><title>2nd International Workshop on Mining Urban Data (Preface).</title><venue>MUD@ICML</venue><pages>7-9</pages><year>2015</year><type>Conference and Workshop Papers</type><key>conf/icml/KatakisSL15</key><ee>http://ceur-ws.org/Vol-1392/paper-01.pdf</ee><url>https://dblp.org/rec/conf/icml/KatakisSL15</url></info>
<url>URL#2143858</url>
</hit>
<hit score="1" id="2143868">
<info><authors><author pid="164/7116">Nikolaos Larios</author><author pid="164/7127">Christos Mitatakis</author><author pid="k/VanaKalogeraki">Vana Kalogeraki</author><author pid="g/DimitriosGunopulos">Dimitrios Gunopulos</author></authors><title>Evaluating Distance Measures for Trajectories in the Mobile Setting.</title><venue>MUD@ICML</venue><pages>97-105</pages><year>2015</year><type>Conference and Workshop Papers</type><key>conf/icml/LariosMKG15</key><ee>http://ceur-ws.org/Vol-1392/paper-16.pdf</ee><url>https://dblp.org/rec/conf/icml/LariosMKG15</url></info>
<url>URL#2143868</url>
</hit>
<hit score="1" id="2143879">
<info><authors><author pid="94/3226">Thomas Liebig</author><author pid="94/9987">Marco Stolpe</author><author pid="m/KatharinaMorik">Katharina Morik</author></authors><title>Distributed Traffic Flow Prediction with Label Proportions - From in-Network towards High Performance Computation with MPI.</title><venue>MUD@ICML</venue><pages>36-43</pages><year>2015</year><type>Conference and Workshop Papers</type><key>conf/icml/LiebigSM15</key><ee>http://ceur-ws.org/Vol-1392/paper-05.pdf</ee><url>https://dblp.org/rec/conf/icml/LiebigSM15</url></info>
<url>URL#2143879</url>
</hit>
<hit score="1" id="2143880">
<info><authors><author pid="94/3226">Thomas Liebig</author><author pid="74/9877">Sabine Storandt</author><author pid="s/PeterSanders">Peter Sanders 0001</author><author pid="10/4032">Walied Othman</author><author pid="f/StefanFunke">Stefan Funke</author></authors><title>Report from Dagstuhl - SocioPaths - Multimodal Door-to-Door Route Planning via Social Paths.</title><venue>MUD@ICML</venue><pages>90-94</pages><year>2015</year><type>Conference and Workshop Papers</type><key>conf/icml/LiebigSSOF15</key><ee>http://ceur-ws.org/Vol-1392/paper-14.pdf</ee><url>https://dblp.org/rec/conf/icml/LiebigSSOF15</url></info>
<url>URL#2143880</url>
</hit>
<hit score="1" id="2143913">
<info><authors><author pid="164/7122">Lidia Contreras Ochando</author><author pid="164/7128">Cristina I. Font Julián</author><author pid="164/7129">Francisco Contreras Ochando</author><author pid="f/CesarFerri">Cèsar Ferri Ramirez</author></authors><title>Airvlc - An Application for Real-Time Forecasting Urban Air Pollution.</title><venue>MUD@ICML</venue><pages>72-79</pages><year>2015</year><type>Conference and Workshop Papers</type><key>conf/icml/OchandoJOR15</key><ee>http://ceur-ws.org/Vol-1392/paper-10.pdf</ee><url>https://dblp.org/rec/conf/icml/OchandoJOR15</url></info>
<url>URL#2143913</url>
</hit>
<hit score="1" id="2143925">
<info><authors><author pid="p/JoellePineau">Joelle Pineau</author><author pid="164/7121">Pierre-Luc Bacon</author></authors><title>Analyzing Open Data from the City of Montreal.</title><venue>MUD@ICML</venue><pages>11-16</pages><year>2015</year><type>Conference and Workshop Papers</type><key>conf/icml/PineauB15</key><ee>http://ceur-ws.org/Vol-1392/paper-02.pdf</ee><url>https://dblp.org/rec/conf/icml/PineauB15</url></info>
<url>URL#2143925</url>
</hit>
<hit score="1" id="2143928">
<info><authors><author pid="66/4776">Christian Pölitz</author></authors><title>Modelling Time and Location in Topic Models.</title><venue>MUD@ICML</venue><pages>95-96</pages><year>2015</year><type>Conference and Workshop Papers</type><key>conf/icml/Politz15</key><ee>http://ceur-ws.org/Vol-1392/paper-15.pdf</ee><url>https://dblp.org/rec/conf/icml/Politz15</url></info>
<url>URL#2143928</url>
</hit>
<hit score="1" id="2143949">
<info><authors><author pid="37/2806-1">Axel Schulz 0001</author><author pid="118/3466">Petar Ristoski</author><author pid="f/JohannesFurnkranz">Johannes Fürnkranz</author><author pid="08/2884">Frederik Janssen</author></authors><title>Event-based Clustering for Reducing Labeling Costs of Incident-Related Microposts.</title><venue>MUD@ICML</venue><pages>44-52</pages><year>2015</year><type>Conference and Workshop Papers</type><key>conf/icml/SchulzRFJ15</key><ee>http://ceur-ws.org/Vol-1392/paper-06.pdf</ee><url>https://dblp.org/rec/conf/icml/SchulzRFJ15</url></info>
<url>URL#2143949</url>
</hit>
<hit score="1" id="2143976">
<info><authors><author pid="61/1935">Martin Sykora</author><author pid="45/7256">Colin Robertson</author><author pid="164/7125">Ketan Shankardass</author><author pid="69/3523">Rob Feick</author><author pid="140/4223">Krystelle Shaughnessy</author><author pid="164/7123">Becca Coates</author><author pid="164/7117">Haydn Lawrence</author><author pid="82/796">Thomas W. Jackson</author></authors><title>Stresscapes - Validating Linkages between Place and Stress Expression on Social Media.</title><venue>MUD@ICML</venue><pages>80-84</pages><year>2015</year><type>Conference and Workshop Papers</type><key>conf/icml/SykoraRSFSCLJ15</key><ee>http://ceur-ws.org/Vol-1392/paper-11.pdf</ee><url>https://dblp.org/rec/conf/icml/SykoraRSFSCLJ15</url></info>
<url>URL#2143976</url>
</hit>
<hit score="1" id="2144036">
<info><authors><author pid="164/7124">Ali Ziat</author><author pid="139/0859">Gabriella Contardo</author><author pid="89/6907">Nicolas Baskiotis</author><author pid="54/5551">Ludovic Denoyer</author></authors><title>Car-Traffic Forecasting - A Representation Learning Approach.</title><venue>MUD@ICML</venue><pages>85-87</pages><year>2015</year><type>Conference and Workshop Papers</type><key>conf/icml/ZiatCBD15</key><ee>http://ceur-ws.org/Vol-1392/paper-12.pdf</ee><url>https://dblp.org/rec/conf/icml/ZiatCBD15</url></info>
<url>URL#2144036</url>
</hit>
<hit score="1" id="2144037">
<info><authors><author pid="z/AlbrechtZimmermann">Albrecht Zimmermann</author><author pid="00/6831">Mehdi Kaytoue</author><author pid="46/2965">Marc Plantevit</author><author pid="r/CRobardet">Céline Robardet</author><author pid="b/JFBoulicaut">Jean-François Boulicaut</author></authors><title>Profiling Users of the Velo&apos;v Bike Sharing System.</title><venue>MUD@ICML</venue><pages>63-64</pages><year>2015</year><type>Conference and Workshop Papers</type><key>conf/icml/ZimmermannKPRB15</key><ee>http://ceur-ws.org/Vol-1392/paper-08.pdf</ee><url>https://dblp.org/rec/conf/icml/ZimmermannKPRB15</url></info>
<url>URL#2144037</url>
</hit>
<hit score="1" id="2144038">
<info><authors><author pid="00/6690">Indre Zliobaite</author><author pid="80/3560">Michael Mathioudakis</author><author pid="164/7119">Tuukka Lehtiniemi</author><author pid="32/8336">Pekka Parviainen</author><author pid="j/TomiJanhunen">Tomi Janhunen</author></authors><title>Accessibility by Public Transport Predicts Residential Real Estate Prices - A Case Study in Helsinki Region.</title><venue>MUD@ICML</venue><pages>65-71</pages><year>2015</year><type>Conference and Workshop Papers</type><key>conf/icml/ZliobaiteMLPJ15</key><ee>http://ceur-ws.org/Vol-1392/paper-09.pdf</ee><url>https://dblp.org/rec/conf/icml/ZliobaiteMLPJ15</url></info>
<url>URL#2144038</url>
</hit>
<hit score="1" id="2144040">
<info><authors><author pid="134/3585">Nikolaos Zygouras</author><author pid="164/7126">Nikolaos Panagiotou</author><author pid="160/1019">Nikos Zacheilas</author><author pid="117/2763">Ioannis Boutsis</author><author pid="k/VanaKalogeraki">Vana Kalogeraki</author><author pid="25/6745">Ioannis Katakis</author><author pid="g/DimitriosGunopulos">Dimitrios Gunopulos</author></authors><title>Towards Detection of Faulty Traffic Sensors in Real-Time.</title><venue>MUD@ICML</venue><pages>53-62</pages><year>2015</year><type>Conference and Workshop Papers</type><key>conf/icml/ZygourasPZBKKG15</key><ee>http://ceur-ws.org/Vol-1392/paper-07.pdf</ee><url>https://dblp.org/rec/conf/icml/ZygourasPZBKKG15</url></info>
<url>URL#2144040</url>
</hit>
<hit score="1" id="2224548">
<info><authors><author pid="25/6745">Ioannis Katakis</author><author pid="18/9854">François Schnitzler</author><author pid="94/3226">Thomas Liebig</author><author pid="g/DimitriosGunopulos">Dimitrios Gunopulos</author><author pid="m/KatharinaMorik">Katharina Morik</author><author pid="a/GennadyLAndrienko">Gennady L. Andrienko</author><author pid="20/1669">Shie Mannor</author></authors><title>Proceedings of the 2nd International Workshop on Mining Urban Data co-located with 32nd International Conference on Machine Learning (ICML 2015), Lille, France, July 11th, 2015.</title><venue>MUD@ICML</venue><venue>CEUR Workshop Proceedings</venue><volume>1392</volume><publisher>CEUR-WS.org</publisher><year>2015</year><type>Editorship</type><key>conf/icml/2015mud</key><ee>http://ceur-ws.org/Vol-1392</ee><url>https://dblp.org/rec/conf/icml/2015mud</url></info>
<url>URL#2224548</url>
</hit>
</hits>
</result>
